#BLTrackFile initial
#x y z Px Py Pz t PDGid EventID TrackID ParentID Weight
-162.132 -195.74 0 528.681 527.935 9972.05 0 2212 1 1 0 1
650.108 -377.497 0 68.9096 -289.538 9995.57 0 2212 2 1 0 1
714.746 -521.335 0 84.7404 -51.059 9999.51 0 2212 3 1 0 1
-226.404 392.477 0 -182.903 132.647 9997.45 0 2212 4 1 0 1
-936.78 494.979 0 43.5837 -227.383 9997.32 0 2212 5 1 0 1
-101.733 -135.059 0 -43.7307 -187.431 9998.15 0 2212 6 1 0 1
-157.723 34.218 0 59.3989 -364.391 9993.18 0 2212 7 1 0 1
798.848 213.052 0 0.93816 -920.48 9957.55 0 2212 8 1 0 1
82.415 -82.9781 0 52.2377 116.436 9999.19 0 2212 9 1 0 1
-134.738 -99.3771 0 47.077 55.7709 9999.73 0 2212 10 1 0 1
-374.596 4.64892 0 44.7882 -180.555 9998.27 0 2212 11 1 0 1
726.012 40.4862 0 150.883 -1073.61 9941.06 0 2212 12 1 0 1
526.606 584.328 0 -108.451 -210.856 9997.19 0 2212 13 1 0 1
-4.05956 82.6965 0 50.0766 205.153 9997.77 0 2212 14 1 0 1
-794.372 291.932 0 317.245 172.97 9993.47 0 2212 15 1 0 1
650.82 -212.53 0 230.19 360.09 9990.86 0 2212 16 1 0 1
-314.596 -8.57992 0 -176.82 606.012 9980.05 0 2212 17 1 0 1
-458.987 77.9976 0 -14.6085 -454.006 9989.68 0 2212 18 1 0 1
223.402 258.463 0 367.73 122.261 9992.49 0 2212 19 1 0 1
316.241 -70.3881 0 247.953 140.369 9995.94 0 2212 20 1 0 1
-30.1244 307.651 0 -2.5411 160.483 9998.71 0 2212 21 1 0 1
-20.8643 132.737 0 -99.7561 -323.467 9994.27 0 2212 22 1 0 1
-41.2971 221.535 0 159.766 -324.214 9993.47 0 2212 23 1 0 1
-498.412 -161.086 0 -52.9964 23.2796 9999.83 0 2212 24 1 0 1
9.75598 -198.964 0 -169.052 -487.114 9986.7 0 2212 25 1 0 1
-773.875 -175.959 0 318.842 -181.47 9993.27 0 2212 26 1 0 1
1049.66 -86.7665 0 -86.4025 108.324 9999.04 0 2212 27 1 0 1
60.6825 -137.291 0 -147.098 229.882 9996.28 0 2212 28 1 0 1
417.712 -165.208 0 157.365 195.83 9996.84 0 2212 29 1 0 1
407.945 126.069 0 -259.026 -160.99 9995.35 0 2212 30 1 0 1
-546.716 155.472 0 -74.1985 -811.199 9966.77 0 2212 31 1 0 1
-341.989 72.2567 0 134.414 -200.742 9997.08 0 2212 32 1 0 1
-590.588 416.015 0 -256.398 -401.597 9988.64 0 2212 33 1 0 1
-286.575 -158.501 0 45.3611 455.185 9989.53 0 2212 34 1 0 1
563.665 -54.1922 0 62.3853 -300.251 9995.3 0 2212 35 1 0 1
-838.353 -148.206 0 -37.6005 -276.774 9996.1 0 2212 36 1 0 1
-241.437 -153.431 0 -5.31069 -197.455 9998.05 0 2212 37 1 0 1
-63.5124 -322.229 0 -68.7221 109.632 9999.16 0 2212 38 1 0 1
-174.758 138.011 0 -218.416 23.2595 9997.59 0 2212 39 1 0 1
-217.882 145.971 0 41.5423 606.952 9981.48 0 2212 40 1 0 1
97.5019 -280.11 0 26.1385 541.488 9985.29 0 2212 41 1 0 1
637.634 269.824 0 175.913 -629.003 9978.65 0 2212 42 1 0 1
218.682 18.7456 0 150.816 -42.6329 9998.77 0 2212 43 1 0 1
-237.222 -190.328 0 -283.582 384.443 9988.58 0 2212 44 1 0 1
-310.139 185.155 0 -147.476 -205.463 9996.8 0 2212 45 1 0 1
-712.475 -264.279 0 -104.065 887.171 9960.03 0 2212 46 1 0 1
-240.051 146.523 0 23.1898 190.314 9998.16 0 2212 47 1 0 1
738.976 -251.714 0 124.283 112.644 9998.59 0 2212 48 1 0 1
462.685 116.551 0 22.4628 -624.531 9980.45 0 2212 49 1 0 1
872.217 130.828 0 -47.4833 80.4327 9999.56 0 2212 50 1 0 1
511.868 -238.762 0 -123.633 381.318 9991.96 0 2212 51 1 0 1
-642.874 -9.9732 0 -169.449 29.5069 9998.52 0 2212 52 1 0 1
399.33 -73.4517 0 79.3792 -142.832 9998.66 0 2212 53 1 0 1
229.894 -212.012 0 4.5965 612.364 9981.23 0 2212 54 1 0 1
197.172 -131.511 0 -273.411 84.8852 9995.9 0 2212 55 1 0 1
-443.674 -269.041 0 271.682 -350.489 9990.16 0 2212 56 1 0 1
-224.399 314.521 0 -3.59782 374.226 9992.99 0 2212 57 1 0 1
162.314 91.8097 0 -229.691 391.939 9989.68 0 2212 58 1 0 1
287.852 -249.558 0 -235.897 278.434 9993.34 0 2212 59 1 0 1
62.0719 -161.774 0 -322.824 117.943 9994.09 0 2212 60 1 0 1
83.4102 95.3906 0 -230.423 -41.3147 9997.26 0 2212 61 1 0 1
19.4654 30.4628 0 90.8981 -163.759 9998.25 0 2212 62 1 0 1
944.343 125.331 0 143.197 -181.891 9997.32 0 2212 63 1 0 1
-1030.68 -56.16 0 149.045 344.176 9992.96 0 2212 64 1 0 1
421.912 130.819 0 -86.5747 350.525 9993.48 0 2212 65 1 0 1
-391.331 152.796 0 -30.0622 -14.7847 9999.94 0 2212 66 1 0 1
145.387 139.052 0 -143.636 181.74 9997.32 0 2212 67 1 0 1
546.681 198.606 0 -303.014 231.041 9992.74 0 2212 68 1 0 1
-536.018 329.14 0 -11.3219 -614.375 9981.1 0 2212 69 1 0 1
846.586 -284.123 0 -333.678 63.1394 9994.23 0 2212 70 1 0 1
-729.217 -224.189 0 -111.383 85.8833 9999.01 0 2212 71 1 0 1
181.841 -251.347 0 242.468 841.285 9961.6 0 2212 72 1 0 1
591.257 0.803003 0 66.8681 -231.866 9997.09 0 2212 73 1 0 1
-616.003 337.344 0 22.9984 -209.594 9997.78 0 2212 74 1 0 1
-60.2578 158.232 0 -113.535 -477.499 9987.95 0 2212 75 1 0 1
1269.7 -61.9982 0 164.319 -205.693 9996.53 0 2212 76 1 0 1
43.647 135.211 0 -73.4645 347.351 9993.7 0 2212 77 1 0 1
687.447 -169.889 0 51.8735 -370.801 9992.99 0 2212 78 1 0 1
-726.734 -194.941 0 3.29295 -409.518 9991.61 0 2212 79 1 0 1
172.648 3.95881 0 56.7691 -47.493 9999.73 0 2212 80 1 0 1
252.029 30.6715 0 84.7666 11.2006 9999.63 0 2212 81 1 0 1
1043.01 -115.248 0 -170.304 88.866 9998.15 0 2212 82 1 0 1
-249.262 169.022 0 -24.6303 -66.7492 9999.75 0 2212 83 1 0 1
255.825 92.1728 0 166.296 -77.8255 9998.31 0 2212 84 1 0 1
-1482.71 108.898 0 -91.8437 -256.315 9996.29 0 2212 85 1 0 1
202.769 607.112 0 -161.757 -415.785 9990.04 0 2212 86 1 0 1
-533.163 167.673 0 -62.7745 -345.287 9993.84 0 2212 87 1 0 1
-1354.12 86.8521 0 -249.424 945.056 9952.12 0 2212 88 1 0 1
-628.837 -51.4544 0 86.7834 -365.928 9992.93 0 2212 89 1 0 1
-858.61 70.4437 0 -118.83 308.545 9994.53 0 2212 90 1 0 1
262.51 -149.981 0 -114.709 280.329 9995.41 0 2212 91 1 0 1
-1512.64 -352.177 0 56.0208 -295.334 9995.48 0 2212 92 1 0 1
-643.891 42.4111 0 -471.268 600.459 9970.83 0 2212 93 1 0 1
-291.95 -74.2196 0 -0.585164 579.907 9983.17 0 2212 94 1 0 1
-203.016 182.212 0 -7.44342 -641.97 9979.37 0 2212 95 1 0 1
221.937 46.7248 0 471.365 -128.421 9988.06 0 2212 96 1 0 1
-424.89 -279.103 0 91.9886 177.389 9998 0 2212 97 1 0 1
520.848 -344.808 0 178.661 -77.2875 9998.11 0 2212 98 1 0 1
-86.1055 -7.0235 0 45.0149 22.3793 9999.87 0 2212 99 1 0 1
190.988 -540.98 0 -138.837 -368.528 9992.24 0 2212 100 1 0 1
237.999 429.607 0 -147.242 -840.384 9963.54 0 2212 101 1 0 1
-318.404 -87.6315 0 64.485 -396.503 9991.93 0 2212 102 1 0 1
-587.22 344.961 0 -96.9485 355.089 9993.22 0 2212 103 1 0 1
-479.078 108.873 0 -181.287 -258.549 9995.01 0 2212 104 1 0 1
875.58 138.768 0 -385.82 -137.584 9991.61 0 2212 105 1 0 1
27.7107 -604.53 0 -359.567 -194.793 9991.63 0 2212 106 1 0 1
510.407 -184.627 0 -127.275 403.614 9991.04 0 2212 107 1 0 1
502.738 501.086 0 -196.653 432.641 9988.7 0 2212 108 1 0 1
-53.7401 289.052 0 47.8813 272.169 9996.18 0 2212 109 1 0 1
-18.2908 217.327 0 287.856 -274.166 9992.1 0 2212 110 1 0 1
30.5826 458.908 0 103.749 -507.352 9986.58 0 2212 111 1 0 1
-121.936 61.4795 0 99.3964 -227.312 9996.92 0 2212 112 1 0 1
371.149 207.927 0 60.7612 701.818 9975.16 0 2212 113 1 0 1
-467.175 -204.384 0 -265.885 -47.0441 9996.35 0 2212 114 1 0 1
-530.641 -141.519 0 -304.153 698.659 9970.93 0 2212 115 1 0 1
320.081 -438.898 0 -26.3075 -275.575 9996.17 0 2212 116 1 0 1
-168.664 216.78 0 -73.9457 -659.378 9977.96 0 2212 117 1 0 1
-1.79243 206.594 0 -133.549 297.778 9994.67 0 2212 118 1 0 1
-1126.55 442.807 0 200.689 87.9339 9997.6 0 2212 119 1 0 1
283.039 -568.776 0 -200.577 -136.868 9997.05 0 2212 120 1 0 1
-329.189 146.544 0 159.037 -251.483 9995.57 0 2212 121 1 0 1
683.801 -320.504 0 0.440466 -425.66 9990.94 0 2212 122 1 0 1
634.71 208.046 0 158.972 -257.147 9995.43 0 2212 123 1 0 1
-134.27 -103.441 0 145.508 -205.446 9996.83 0 2212 124 1 0 1
-591.416 35.0432 0 235.962 65.5697 9997 0 2212 125 1 0 1
-172.487 422.49 0 -334.58 243.011 9991.45 0 2212 126 1 0 1
127.74 58.5209 0 -39.1023 416.261 9991.26 0 2212 127 1 0 1
746.848 -45.0571 0 -122.976 28.9372 9999.2 0 2212 128 1 0 1
659.394 346.039 0 -112.998 -434.485 9989.92 0 2212 129 1 0 1
-304.973 101.847 0 201.461 -308.624 9993.21 0 2212 130 1 0 1
-6.47964 377.432 0 115.083 501.511 9986.75 0 2212 131 1 0 1
-181.133 153.433 0 -26.7128 -179.257 9998.36 0 2212 132 1 0 1
-1101.25 70.6644 0 -287.984 309.056 9991.07 0 2212 133 1 0 1
230.705 162.956 0 5.82186 -234.155 9997.26 0 2212 134 1 0 1
-14.4101 -2.17685 0 81.2115 30.9218 9999.62 0 2212 135 1 0 1
538.347 129.317 0 -4.27524 373.221 9993.03 0 2212 136 1 0 1
110.286 102.617 0 450.643 27.2666 9989.8 0 2212 137 1 0 1
-213.075 -588.664 0 -126.382 94.294 9998.76 0 2212 138 1 0 1
-65.4782 -194.672 0 -20.1999 -35.2063 9999.92 0 2212 139 1 0 1
-319.668 -276.495 0 -296.013 40.6602 9995.54 0 2212 140 1 0 1
528.96 195.683 0 139.113 -257.517 9995.72 0 2212 141 1 0 1
141.784 143.276 0 210.249 -350.763 9991.63 0 2212 142 1 0 1
-601.683 259.495 0 168.454 650.704 9977.38 0 2212 143 1 0 1
1133.06 -159.957 0 204.014 298.97 9993.45 0 2212 144 1 0 1
666.419 -324.956 0 -69.1929 260.404 9996.37 0 2212 145 1 0 1
588.783 -310.883 0 -149.723 -399.207 9990.91 0 2212 146 1 0 1
318.234 -370.313 0 -373.873 -282.464 9989.02 0 2212 147 1 0 1
-278.152 -105.306 0 -164.17 -970.002 9951.49 0 2212 148 1 0 1
-59.8105 529.006 0 69.2779 -764.587 9970.49 0 2212 149 1 0 1
-547.489 -70.3121 0 178.341 680.101 9975.25 0 2212 150 1 0 1
-776.999 43.149 0 129.014 -391.136 9991.51 0 2212 151 1 0 1
74.1109 -265.546 0 -80.3964 124.032 9998.91 0 2212 152 1 0 1
615.214 -111.122 0 86.4476 105.169 9999.07 0 2212 153 1 0 1
-684.633 -116.01 0 191.09 10.6049 9998.17 0 2212 154 1 0 1
351.455 21.6908 0 -3.91456 -195.071 9998.1 0 2212 155 1 0 1
-1054.78 136.999 0 83.77 -7.00615 9999.65 0 2212 156 1 0 1
-769.893 -30.96 0 63.478 244.651 9996.81 0 2212 157 1 0 1
376.239 166.327 0 195.918 -207.096 9995.94 0 2212 158 1 0 1
-191.639 -208.188 0 32.4305 -385.938 9992.5 0 2212 159 1 0 1
139.238 -254.707 0 -17.8548 153.916 9998.8 0 2212 160 1 0 1
-242.841 -111.639 0 180.216 910.078 9956.87 0 2212 161 1 0 1
834.653 239.464 0 -18.4096 -591.502 9982.47 0 2212 162 1 0 1
420.116 -324.708 0 -11.97 -626.687 9980.34 0 2212 163 1 0 1
-123.752 -5.64123 0 96.7658 -409.207 9991.16 0 2212 164 1 0 1
48.7654 128.645 0 200.878 472.328 9986.82 0 2212 165 1 0 1
11.1113 -330.61 0 109.28 374.301 9992.39 0 2212 166 1 0 1
-472.289 -66.2483 0 99.1113 264.545 9996.01 0 2212 167 1 0 1
542.903 166 0 251.982 -494.373 9984.59 0 2212 168 1 0 1
-89.1901 -78.5763 0 -117.361 47.9596 9999.2 0 2212 169 1 0 1
524.86 147.413 0 70.4396 93.1085 9999.32 0 2212 170 1 0 1
352.819 -52.0026 0 135.284 -134.734 9998.18 0 2212 171 1 0 1
-167.346 99.3856 0 157.92 -75.0825 9998.47 0 2212 172 1 0 1
-1021.48 -263.973 0 -9.0215 -484.509 9988.25 0 2212 173 1 0 1
-678.901 208.788 0 173.471 91.6024 9998.08 0 2212 174 1 0 1
-129.935 181.089 0 -298.614 725.655 9969.17 0 2212 175 1 0 1
8.27805 261.97 0 192.745 460.155 9987.55 0 2212 176 1 0 1
848.673 68.5251 0 -41.4125 -97.8084 9999.44 0 2212 177 1 0 1
-83.2504 172.139 0 226.056 231.468 9994.76 0 2212 178 1 0 1
-464.237 -316.078 0 225.102 -1098.92 9936.89 0 2212 179 1 0 1
-171.731 -118.319 0 381.438 -108.36 9992.14 0 2212 180 1 0 1
330.312 82.9603 0 160.446 281.202 9994.76 0 2212 181 1 0 1
-200.067 -341.141 0 103.203 608.549 9980.93 0 2212 182 1 0 1
114.024 248.447 0 88.2987 522.629 9985.94 0 2212 183 1 0 1
43.613 -22.1307 0 291.353 -252.046 9992.58 0 2212 184 1 0 1
153.792 343.982 0 -102.463 372.357 9992.54 0 2212 185 1 0 1
123.371 332.935 0 129.162 -690.082 9975.32 0 2212 186 1 0 1
-426.586 344.396 0 6.68074 -584.357 9982.91 0 2212 187 1 0 1
567.113 13.2866 0 -187.995 -431.573 9988.91 0 2212 188 1 0 1
-385.246 -137.014 0 80.7053 30.884 9999.63 0 2212 189 1 0 1
94.6238 172.471 0 172.77 -37.127 9998.44 0 2212 190 1 0 1
-830.141 283.699 0 191.712 -413.427 9989.61 0 2212 191 1 0 1
703.051 -141.001 0 -40.6641 -430.798 9990.63 0 2212 192 1 0 1
-112.089 35.1884 0 -24.6434 -186.403 9998.23 0 2212 193 1 0 1
931.272 -304.647 0 107.419 -242.981 9996.47 0 2212 194 1 0 1
1481.97 -111.622 0 -114.807 248.681 9996.25 0 2212 195 1 0 1
741.021 -346.665 0 -165.874 -310.15 9993.81 0 2212 196 1 0 1
-99.4383 424.646 0 -337.674 -387.287 9986.79 0 2212 197 1 0 1
-376.152 -65.9051 0 -209.626 -144.287 9996.76 0 2212 198 1 0 1
-643.608 372.633 0 -150.34 865.303 9961.36 0 2212 199 1 0 1
-482.998 -346.05 0 -98.1454 -391.216 9991.86 0 2212 200 1 0 1
614.181 161.783 0 134.817 -320.178 9993.96 0 2212 201 1 0 1
-363.443 196.417 0 -128.111 -11.8998 9999.17 0 2212 202 1 0 1
601.149 52.7016 0 225.914 -247.661 9994.38 0 2212 203 1 0 1
-111.441 -266.368 0 -216.53 100.187 9997.15 0 2212 204 1 0 1
-391.278 68.4158 0 -101.47 60.3549 9999.3 0 2212 205 1 0 1
773.975 -137.456 0 -267.494 138.7 9995.46 0 2212 206 1 0 1
398.362 -88.5882 0 184.995 613.603 9979.44 0 2212 207 1 0 1
253.143 182.882 0 345.082 -366.178 9987.33 0 2212 208 1 0 1
18.9089 236.563 0 -144.365 399.93 9990.96 0 2212 209 1 0 1
463.848 458.287 0 -2.20596 -464.202 9989.22 0 2212 210 1 0 1
412.262 -436.887 0 -155.079 -335.77 9993.16 0 2212 211 1 0 1
-532.617 -157.736 0 -25.4571 927.878 9956.83 0 2212 212 1 0 1
550.064 41.0001 0 -351.824 213.959 9991.52 0 2212 213 1 0 1
-492.067 92.2418 0 101.588 -99.9676 9998.98 0 2212 214 1 0 1
-333.611 101.809 0 211.889 235.635 9994.98 0 2212 215 1 0 1
465.002 162.363 0 159.461 285.381 9994.66 0 2212 216 1 0 1
-115.66 386.176 0 -266.137 375.55 9989.4 0 2212 217 1 0 1
-1193.27 227.34 0 -2.3287 452.334 9989.76 0 2212 218 1 0 1
-313.116 -228.658 0 85.9534 -387.574 9992.12 0 2212 219 1 0 1
316.928 -213.362 0 -44.2395 78.5971 9999.59 0 2212 220 1 0 1
592.333 -247.1 0 -214.602 304.969 9993.04 0 2212 221 1 0 1
531.819 393.245 0 229.773 897.663 9956.98 0 2212 222 1 0 1
1259.15 -90.1991 0 -273.923 781.284 9965.67 0 2212 223 1 0 1
-154.967 353.297 0 457.498 -311.39 9984.67 0 2212 224 1 0 1
827.531 68.9771 0 282.194 -122.318 9995.27 0 2212 225 1 0 1
-1121.09 -200.356 0 -130.189 967.125 9952.27 0 2212 226 1 0 1
-127.251 -391.819 0 -226.875 -591.673 9979.9 0 2212 227 1 0 1
136.675 -185.499 0 76.5859 -296.122 9995.32 0 2212 228 1 0 1
-99.3786 70.6241 0 5.99551 -252.134 9996.82 0 2212 229 1 0 1
-1165.44 -27.6639 0 449.305 -183.308 9988.22 0 2212 230 1 0 1
-156.885 -128.258 0 178.605 276.545 9994.58 0 2212 231 1 0 1
-689.59 345.186 0 -328.497 141.064 9993.61 0 2212 232 1 0 1
-112.185 82.4662 0 37.0451 372.134 9993 0 2212 233 1 0 1
567.71 -458.465 0 179.225 513.526 9985.2 0 2212 234 1 0 1
-156.562 -29.3389 0 -50.5564 -96.1904 9999.41 0 2212 235 1 0 1
285.472 -82.2252 0 81.9671 -154.357 9998.47 0 2212 236 1 0 1
641.878 -1.11919 0 -224.115 397.42 9989.59 0 2212 237 1 0 1
508.188 -105.959 0 -129.644 182.486 9997.49 0 2212 238 1 0 1
777.155 -248.426 0 -44.1812 472.953 9988.71 0 2212 239 1 0 1
223.551 55.2877 0 73.2394 102.021 9999.21 0 2212 240 1 0 1
372.509 383.78 0 235.688 -168.618 9995.8 0 2212 241 1 0 1
421.71 120.01 0 195.34 463.672 9987.33 0 2212 242 1 0 1
-262.145 -140.881 0 57.8894 -162.555 9998.51 0 2212 243 1 0 1
848.557 78.3342 0 177.303 -524.454 9984.66 0 2212 244 1 0 1
-100.963 -79.7135 0 -53.6852 -538.464 9985.35 0 2212 245 1 0 1
231.996 54.0545 0 -200.448 137.507 9997.05 0 2212 246 1 0 1
-274.291 74.3062 0 241.16 548.154 9982.05 0 2212 247 1 0 1
317.503 -245.336 0 107.057 42.6014 9999.34 0 2212 248 1 0 1
648.919 -50.0408 0 -343.559 137.48 9993.15 0 2212 249 1 0 1
-152.942 288.404 0 -238.846 -683.452 9973.76 0 2212 250 1 0 1
-694.56 356.159 0 -101.5 -133.039 9998.6 0 2212 251 1 0 1
-116.3 101.697 0 33.6701 446.534 9989.97 0 2212 252 1 0 1
-719.323 -162.864 0 74.4623 -103.814 9999.18 0 2212 253 1 0 1
-123.683 -349.552 0 -131.509 -769.557 9969.48 0 2212 254 1 0 1
401.363 168.509 0 228.141 383.116 9990.05 0 2212 255 1 0 1
-461.845 343.999 0 -59.3492 -442.961 9990.01 0 2212 256 1 0 1
-235.631 101.061 0 10.6391 -617.718 9980.9 0 2212 257 1 0 1
-375.714 -104.618 0 -282.249 377.02 9988.9 0 2212 258 1 0 1
135.207 51.9611 0 -1.7746 278.642 9996.12 0 2212 259 1 0 1
373.218 -481.77 0 73.9843 -15.786 9999.71 0 2212 260 1 0 1
739.64 -232.597 0 224.593 -624.326 9977.96 0 2212 261 1 0 1
401.085 122.591 0 5.32632 -26.0369 9999.96 0 2212 262 1 0 1
-277.184 -104.096 0 202.14 208.989 9995.77 0 2212 263 1 0 1
-96.5687 -20.2576 0 100.353 133.152 9998.61 0 2212 264 1 0 1
-298.923 253.727 0 48.1408 -1136.4 9935.1 0 2212 265 1 0 1
120.624 -142.827 0 -228.981 -356.77 9991.01 0 2212 266 1 0 1
493.419 212.834 0 -286.139 -5.37548 9995.9 0 2212 267 1 0 1
427.962 75.0523 0 -188.455 192.462 9996.37 0 2212 268 1 0 1
498.93 257.171 0 232.968 -115.857 9996.61 0 2212 269 1 0 1
609.721 68.8502 0 385.441 -149.596 9991.45 0 2212 270 1 0 1
-328.045 369.644 0 186.099 -316.01 9993.27 0 2212 271 1 0 1
722.39 258.969 0 -0.375697 -251.157 9996.85 0 2212 272 1 0 1
-54.9808 165.643 0 207.975 -257.76 9994.51 0 2212 273 1 0 1
-225.982 2.94464 0 32.9627 -397.634 9992.04 0 2212 274 1 0 1
527.48 -216.067 0 165.673 -521.469 9985.02 0 2212 275 1 0 1
-371.081 251.149 0 74.9786 -420.874 9990.86 0 2212 276 1 0 1
-160.108 -232.874 0 103.556 -452.788 9989.21 0 2212 277 1 0 1
-426.961 -125.55 0 80.7189 54.2326 9999.53 0 2212 278 1 0 1
-257.553 -142.358 0 277.672 163.657 9994.8 0 2212 279 1 0 1
-417.518 -330.548 0 5.91735 -59.2318 9999.82 0 2212 280 1 0 1
-49.0896 -2.94095 0 -149.616 116.457 9998.2 0 2212 281 1 0 1
101.514 -171.211 0 -5.86369 256.228 9996.72 0 2212 282 1 0 1
-163.657 294.479 0 -127.722 -143.335 9998.16 0 2212 283 1 0 1
-689.815 -258.411 0 -109.835 -50.8465 9999.27 0 2212 284 1 0 1
-143.455 36.2571 0 424.984 -126.044 9990.17 0 2212 285 1 0 1
-143.358 285.293 0 39.0919 11.3043 9999.92 0 2212 286 1 0 1
-534.491 -68.858 0 -44.9323 447.329 9989.89 0 2212 287 1 0 1
-373.558 -397.861 0 44.4989 -717.204 9974.15 0 2212 288 1 0 1
69.2637 126.334 0 -444.36 -59.5537 9989.94 0 2212 289 1 0 1
1535.73 54.6045 0 -52.8311 563.781 9983.96 0 2212 290 1 0 1
-584.863 -50.3691 0 -159.024 -746.655 9970.82 0 2212 291 1 0 1
207.625 100.564 0 82.7285 304.424 9995.02 0 2212 292 1 0 1
-375.897 -108.98 0 -79.9338 849.677 9963.52 0 2212 293 1 0 1
934.932 -115.876 0 233.722 -97.215 9996.8 0 2212 294 1 0 1
1161.24 -171.998 0 -68.542 -654.654 9978.31 0 2212 295 1 0 1
727.826 -263.077 0 -456.977 128.921 9988.72 0 2212 296 1 0 1
-690.53 41.974 0 11.4901 499.516 9987.51 0 2212 297 1 0 1
324.066 -180.428 0 36.3411 -363.723 9993.32 0 2212 298 1 0 1
-422.373 276.449 0 152.389 -589.824 9981.43 0 2212 299 1 0 1
-1168.91 511.792 0 -169.763 374.293 9991.55 0 2212 300 1 0 1
-0.707636 -395.019 0 128.718 379.512 9991.97 0 2212 301 1 0 1
630.771 -126.007 0 -120.29 -699.026 9974.81 0 2212 302 1 0 1
211.098 260.203 0 17.6726 453.034 9989.72 0 2212 303 1 0 1
-820.991 261.756 0 24.2361 509.107 9987 0 2212 304 1 0 1
-219.3 -12.2825 0 179.355 -436.706 9988.85 0 2212 305 1 0 1
-466.05 160.502 0 193.274 77.4077 9997.83 0 2212 306 1 0 1
-26.4985 -124.853 0 189.15 -889.796 9958.54 0 2212 307 1 0 1
703.291 -206.067 0 87.5025 74.9802 9999.34 0 2212 308 1 0 1
-848.328 54.244 0 78.8849 -589.782 9982.28 0 2212 309 1 0 1
200.915 218.446 0 193.296 262.758 9994.68 0 2212 310 1 0 1
764.976 44.5723 0 -97.1745 167.295 9998.13 0 2212 311 1 0 1
479.73 259.439 0 260.813 -177.216 9995.03 0 2212 312 1 0 1
-889.856 -158.194 0 73.2456 -446.252 9989.77 0 2212 313 1 0 1
-133.912 68.4211 0 76.3856 18.5062 9999.69 0 2212 314 1 0 1
234.144 214.281 0 83.4358 8.68575 9999.65 0 2212 315 1 0 1
90.8419 483.787 0 -279.401 -225.417 9993.55 0 2212 316 1 0 1
-39.7646 278.742 0 -139.099 538.319 9984.53 0 2212 317 1 0 1
-122.369 -43.3333 0 59.1863 506.238 9987 0 2212 318 1 0 1
-116.093 16.3706 0 298.698 6.68827 9995.54 0 2212 319 1 0 1
-211.973 76.5371 0 -28.9222 -48.2781 9999.84 0 2212 320 1 0 1
127.03 78.27 0 199.371 -436.684 9988.47 0 2212 321 1 0 1
-798.836 261.449 0 -37.2229 180.756 9998.3 0 2212 322 1 0 1
1135.07 -131.47 0 121.296 459.885 9988.68 0 2212 323 1 0 1
558.799 -191.697 0 -83.5851 -601.492 9981.54 0 2212 324 1 0 1
64.4364 -76.6938 0 53.307 42.6754 9999.77 0 2212 325 1 0 1
-283.668 -146.578 0 265.445 -116.694 9995.8 0 2212 326 1 0 1
165.745 207.9 0 -300.136 235.771 9992.71 0 2212 327 1 0 1
417.628 -185.619 0 -38.899 -509.637 9986.93 0 2212 328 1 0 1
-108.873 275.201 0 -310.407 6.95919 9995.18 0 2212 329 1 0 1
883.914 -192.382 0 192.288 97.6768 9997.67 0 2212 330 1 0 1
195.758 123.361 0 192.586 -50.6667 9998.02 0 2212 331 1 0 1
306.788 262.305 0 147.903 -119.585 9998.19 0 2212 332 1 0 1
-53.2068 -134.823 0 -317.058 -544.8 9980.11 0 2212 333 1 0 1
-496.08 -266.257 0 175.732 -491.813 9986.35 0 2212 334 1 0 1
-33.4309 -99.3132 0 288.573 140.893 9994.84 0 2212 335 1 0 1
-64.9412 -42.6381 0 -163.173 -22.0026 9998.64 0 2212 336 1 0 1
846.162 -168.314 0 52.6067 495.972 9987.55 0 2212 337 1 0 1
-10.7011 9.55346 0 -173.81 314.95 9993.53 0 2212 338 1 0 1
163.01 266.613 0 -180.561 -252.727 9995.18 0 2212 339 1 0 1
601.188 336.177 0 19.7132 -253.852 9996.76 0 2212 340 1 0 1
1517.34 -247.771 0 198.786 89.067 9997.63 0 2212 341 1 0 1
51.8945 565.84 0 123.996 696.569 9974.94 0 2212 342 1 0 1
1027.69 201.749 0 235.02 -160.026 9995.96 0 2212 343 1 0 1
315.071 -242.538 0 48.9923 -61.7571 9999.69 0 2212 344 1 0 1
-205.333 210.207 0 76.2319 -219.019 9997.31 0 2212 345 1 0 1
27.0668 80.1056 0 -216.984 -82.5219 9997.31 0 2212 346 1 0 1
58.3582 313.764 0 26.7437 312.971 9995.07 0 2212 347 1 0 1
847.237 179.167 0 -173.24 -353.906 9992.23 0 2212 348 1 0 1
56.785 -519.983 0 43.6302 420.706 9991.05 0 2212 349 1 0 1
645.973 -0.877971 0 369.634 -21.8711 9993.14 0 2212 350 1 0 1
241.636 -239.299 0 110.564 224.361 9996.87 0 2212 351 1 0 1
224.602 -11.6132 0 219.103 518.327 9984.15 0 2212 352 1 0 1
-608.143 101.694 0 75.3025 -596.494 9981.91 0 2212 353 1 0 1
906.514 48.476 0 -167.324 -571.511 9982.25 0 2212 354 1 0 1
257.237 152.449 0 57.124 -364.43 9993.19 0 2212 355 1 0 1
-42.4193 186.172 0 201.534 505.414 9985.19 0 2212 356 1 0 1
107.988 271.953 0 143.649 -296.944 9994.56 0 2212 357 1 0 1
155.489 2.10449 0 -195.648 -448.262 9988.03 0 2212 358 1 0 1
-398.395 114.95 0 228.521 -260.583 9993.99 0 2212 359 1 0 1
80.2213 -39.157 0 -203.422 -251.148 9994.78 0 2212 360 1 0 1
-312.38 37.9163 0 -18.6486 -135.65 9999.06 0 2212 361 1 0 1
180.505 -159.699 0 -85.3631 -202.374 9997.59 0 2212 362 1 0 1
-423.54 311.604 0 -17.7981 -391.785 9992.31 0 2212 363 1 0 1
345.437 -565.128 0 -27.4107 400.951 9991.92 0 2212 364 1 0 1
-617.562 171.233 0 155.728 600.968 9980.71 0 2212 365 1 0 1
-390.823 235.281 0 -220.399 -867.394 9959.87 0 2212 366 1 0 1
746.887 -160.716 0 45.7815 224.458 9997.38 0 2212 367 1 0 1
-121.206 108.046 0 99.4169 -591.638 9981.99 0 2212 368 1 0 1
294.697 243.843 0 -128.765 321.77 9993.99 0 2212 369 1 0 1
-46.3706 133.371 0 -273.804 283.654 9992.23 0 2212 370 1 0 1
-390.362 -157.24 0 -239.375 -444.463 9987.25 0 2212 371 1 0 1
-248.209 322.602 0 -3.4847 -434.361 9990.56 0 2212 372 1 0 1
-851.505 -283.395 0 98.7359 51.6905 9999.38 0 2212 373 1 0 1
193.058 -140.825 0 -149.392 -707.009 9973.86 0 2212 374 1 0 1
471.705 27.2399 0 -73.7665 439.01 9990.09 0 2212 375 1 0 1
1139.72 -268.275 0 76.1878 152.242 9998.55 0 2212 376 1 0 1
-1025.81 234.072 0 13.2702 -1148.36 9933.84 0 2212 377 1 0 1
210.638 231.055 0 -112.863 -658.505 9977.66 0 2212 378 1 0 1
-265.944 -121.507 0 -144.125 108.721 9998.37 0 2212 379 1 0 1
185.907 178.28 0 -84.411 237.247 9996.83 0 2212 380 1 0 1
38.962 12.3936 0 8.88918 569.435 9983.77 0 2212 381 1 0 1
21.8571 -91.8529 0 92.2131 -46.3532 9999.47 0 2212 382 1 0 1
-247.925 -44.5025 0 -130.24 -157.726 9997.91 0 2212 383 1 0 1
836.878 394.952 0 228.585 -8.91948 9997.38 0 2212 384 1 0 1
187.721 -303.376 0 2.68404 -287.486 9995.87 0 2212 385 1 0 1
-78.0692 -105.612 0 188.708 314.691 9993.27 0 2212 386 1 0 1
352.27 25.8031 0 -385.696 -33.7634 9992.5 0 2212 387 1 0 1
-1062.44 -56.546 0 183.37 -148.18 9997.22 0 2212 388 1 0 1
-750.368 -112.307 0 -248.309 479.551 9985.41 0 2212 389 1 0 1
1.60692 94.7728 0 -107.407 -119.37 9998.71 0 2212 390 1 0 1
206.796 113.328 0 -13.8095 -581.93 9983.04 0 2212 391 1 0 1
-483.693 -239.452 0 93.5671 606.084 9981.18 0 2212 392 1 0 1
-800.411 -189.164 0 -401.425 -226.647 9989.37 0 2212 393 1 0 1
84.9572 -246.946 0 181.318 274.892 9994.58 0 2212 394 1 0 1
943.015 128.745 0 -253.005 662.271 9974.84 0 2212 395 1 0 1
-264.557 149.141 0 111.91 -642.436 9978.71 0 2212 396 1 0 1
426.977 584.671 0 15.8942 1249.28 9921.65 0 2212 397 1 0 1
-1030.13 62.8132 0 -182.978 968.782 9951.28 0 2212 398 1 0 1
-132.828 25.445 0 -122.387 -219.867 9996.83 0 2212 399 1 0 1
-634.4 207.515 0 -71.8376 -26.8411 9999.71 0 2212 400 1 0 1
-594.583 316.815 0 247.86 88.2 9996.54 0 2212 401 1 0 1
517.965 220.785 0 263.202 -1109.48 9934.78 0 2212 402 1 0 1
-501.619 37.2964 0 -217.976 92.0446 9997.2 0 2212 403 1 0 1
-412.701 211.96 0 165.594 -963.164 9952.13 0 2212 404 1 0 1
201.283 -64.1536 0 -94.9221 -332.528 9994.02 0 2212 405 1 0 1
195.805 -85.9257 0 158.693 -214.862 9996.43 0 2212 406 1 0 1
649.354 61.749 0 78.0835 -739.01 9972.35 0 2212 407 1 0 1
-523.646 -96.2476 0 58.625 -238.98 9996.97 0 2212 408 1 0 1
769.298 112.189 0 328.14 -420.507 9985.76 0 2212 409 1 0 1
-170.065 -492.797 0 -256.363 -131.732 9995.85 0 2212 410 1 0 1
339.45 -51.6745 0 -2.6789 -1332.57 9910.81 0 2212 411 1 0 1
1046.25 43.2731 0 123.677 -669.933 9976.77 0 2212 412 1 0 1
-516.946 -0.814037 0 231.214 -249.713 9994.21 0 2212 413 1 0 1
-1140.59 -59.8732 0 -528.519 -173.992 9984.51 0 2212 414 1 0 1
-190.834 132.857 0 -271.437 -130.178 9995.47 0 2212 415 1 0 1
110.064 199.057 0 55.2961 338.975 9994.1 0 2212 416 1 0 1
-47.7796 201.925 0 421.903 -72.0286 9990.84 0 2212 417 1 0 1
-58.2921 -666.497 0 -39.5412 -403.196 9991.79 0 2212 418 1 0 1
351.938 235.432 0 21.4451 181.613 9998.33 0 2212 419 1 0 1
-233.154 297.117 0 101.926 -194.716 9997.58 0 2212 420 1 0 1
643.426 30.0478 0 21.143 -70.6977 9999.73 0 2212 421 1 0 1
864.284 418.969 0 40.398 464.042 9989.15 0 2212 422 1 0 1
-337.932 -38.0292 0 -134.705 353.521 9992.84 0 2212 423 1 0 1
210.292 -251.673 0 10.2745 257.562 9996.68 0 2212 424 1 0 1
985.935 -28.0226 0 11.9696 -165.993 9998.62 0 2212 425 1 0 1
577.758 -45.5703 0 48.764 -16.0442 9999.87 0 2212 426 1 0 1
-393.293 -22.6674 0 199.295 342.319 9992.15 0 2212 427 1 0 1
1201.64 -148.956 0 185.75 142.593 9997.26 0 2212 428 1 0 1
-15.3786 -304.983 0 -226.885 -529.607 9983.39 0 2212 429 1 0 1
-1085.99 146.281 0 176.766 -1096.43 9938.14 0 2212 430 1 0 1
844.877 -42.2095 0 -177.233 529.042 9984.42 0 2212 431 1 0 1
132.273 377.161 0 245.957 668.605 9974.59 0 2212 432 1 0 1
-578.028 56.9012 0 33.4762 -157.639 9998.7 0 2212 433 1 0 1
-856.076 81.0394 0 120.421 -123.207 9998.52 0 2212 434 1 0 1
-434.772 -129.213 0 -41.89 194.309 9998.02 0 2212 435 1 0 1
-121.668 138.737 0 -492.135 158.416 9986.63 0 2212 436 1 0 1
-159.211 -225.002 0 -307.405 -308.691 9990.51 0 2212 437 1 0 1
297.577 -21.5192 0 -118.12 -67.4156 9999.08 0 2212 438 1 0 1
246.641 -71.0643 0 -203.665 -172.393 9996.44 0 2212 439 1 0 1
366.915 155.952 0 -20.8369 685.821 9976.43 0 2212 440 1 0 1
150.612 564.907 0 63.5924 488.127 9987.88 0 2212 441 1 0 1
-244.05 -424.53 0 -394.451 96.7399 9991.75 0 2212 442 1 0 1
349.354 -339.223 0 -23.2061 447.745 9989.94 0 2212 443 1 0 1
683.44 -52.2355 0 -306.275 -89.7725 9994.91 0 2212 444 1 0 1
-506.81 -131.936 0 92.5225 -526.091 9985.72 0 2212 445 1 0 1
-231.141 23.9876 0 46.9996 194.114 9998.01 0 2212 446 1 0 1
-693.379 -90.5309 0 -190.966 585.781 9981 0 2212 447 1 0 1
-633.17 -385.043 0 -74.5805 635.684 9979.5 0 2212 448 1 0 1
-515.217 498.25 0 -139.172 -250.386 9995.9 0 2212 449 1 0 1
-114.284 -91.7701 0 76.7841 -123.054 9998.95 0 2212 450 1 0 1
-218.3 121.066 0 -209.619 -244.944 9994.8 0 2212 451 1 0 1
611.455 196.899 0 238.282 184.438 9995.46 0 2212 452 1 0 1
-240.136 -153.457 0 102.527 -676.149 9976.59 0 2212 453 1 0 1
480.661 247.476 0 -50.7074 234.982 9997.11 0 2212 454 1 0 1
662.517 -238.396 0 142.184 269.5 9995.36 0 2212 455 1 0 1
-798.076 -274.839 0 -243.55 -938.518 9952.88 0 2212 456 1 0 1
-217.48 143.039 0 120.256 403.43 9991.14 0 2212 457 1 0 1
-491.078 -129.52 0 -41.659 -453.084 9989.64 0 2212 458 1 0 1
-97.8819 -151.462 0 -15.3192 -574.702 9983.46 0 2212 459 1 0 1
-453.877 536.227 0 -233.001 640.169 9976.77 0 2212 460 1 0 1
660.339 343.758 0 58.7911 47.9626 9999.71 0 2212 461 1 0 1
-1071.08 -18.4512 0 50.1174 -486.715 9988.02 0 2212 462 1 0 1
-30.2474 247.591 0 62.2641 191.64 9997.97 0 2212 463 1 0 1
268.669 -310.115 0 -36.367 337.343 9994.24 0 2212 464 1 0 1
493.139 283.021 0 335.252 -349.563 9988.26 0 2212 465 1 0 1
138.837 190.273 0 35.0677 335.375 9994.31 0 2212 466 1 0 1
334.158 461.797 0 162.175 40.98 9998.6 0 2212 467 1 0 1
80.5466 71.3314 0 93.1926 69.8687 9999.32 0 2212 468 1 0 1
-144.863 187.249 0 134.841 -301.748 9994.54 0 2212 469 1 0 1
60.1177 -189.581 0 30.1455 203.411 9997.89 0 2212 470 1 0 1
882.618 -206.957 0 285.861 15.1464 9995.9 0 2212 471 1 0 1
-910.107 -17.7219 0 -281.968 -103.829 9995.48 0 2212 472 1 0 1
192.104 -299.439 0 -77.9747 544.329 9984.87 0 2212 473 1 0 1
-210.746 65.7243 0 331.709 -204.517 9992.4 0 2212 474 1 0 1
483.254 232.203 0 -180.051 359.084 9991.93 0 2212 475 1 0 1
324.995 391.16 0 170.863 -952.359 9953.08 0 2212 476 1 0 1
-1.50853 -172.472 0 134.918 -256.494 9995.8 0 2212 477 1 0 1
312.941 -85.9879 0 -6.82021 -404.305 9991.82 0 2212 478 1 0 1
-1047.99 -125.329 0 -126.214 -289.614 9995.01 0 2212 479 1 0 1
-1183.78 15.6379 0 -240.129 123.47 9996.35 0 2212 480 1 0 1
-657.263 88.2131 0 -86.984 -540.918 9984.98 0 2212 481 1 0 1
-125.869 95.2858 0 311.699 -272.834 9991.42 0 2212 482 1 0 1
443.89 -188.415 0 -107.786 86.4356 9999.05 0 2212 483 1 0 1
-563.436 -349.354 0 -71.9806 -252.234 9996.56 0 2212 484 1 0 1
-355.461 514.451 0 9.15352 697.001 9975.68 0 2212 485 1 0 1
265.25 -45.6177 0 -48.3084 76.0593 9999.59 0 2212 486 1 0 1
126.236 208.635 0 73.1814 121.976 9998.99 0 2212 487 1 0 1
58.8967 273.539 0 -202.4 -507.552 9985.06 0 2212 488 1 0 1
97.9271 -301.375 0 311.761 -695.421 9970.92 0 2212 489 1 0 1
-338.293 175.005 0 207.036 -223.092 9995.37 0 2212 490 1 0 1
-731.714 276.256 0 244.596 -1069.22 9939.66 0 2212 491 1 0 1
56.0385 -8.05839 0 41.9358 -236.874 9997.11 0 2212 492 1 0 1
-794.446 -69.65 0 246.035 -86.8516 9996.6 0 2212 493 1 0 1
-7.56639 253.982 0 54.6648 -51.1654 9999.72 0 2212 494 1 0 1
508.703 117.825 0 -250.109 -286.549 9992.76 0 2212 495 1 0 1
-230.308 -341.427 0 32.0375 425.508 9990.89 0 2212 496 1 0 1
-392.835 -442.339 0 3.13959 118.017 9999.3 0 2212 497 1 0 1
-141.913 209.149 0 113.888 112.294 9998.72 0 2212 498 1 0 1
5.57562 57.2432 0 166.093 492.361 9986.49 0 2212 499 1 0 1
181.633 64.6006 0 180.801 -1091.85 9938.57 0 2212 500 1 0 1
39.0932 -142.084 0 -118.538 -252.879 9996.1 0 2212 501 1 0 1
-76.5436 -201.324 0 -62.1555 233.951 9997.07 0 2212 502 1 0 1
-367.542 -509.689 0 216.035 -143.606 9996.63 0 2212 503 1 0 1
73.1776 40.2287 0 16.6102 -1.7042 9999.99 0 2212 504 1 0 1
205.727 83.6332 0 -43.3113 681.761 9976.64 0 2212 505 1 0 1
-84.5939 461.484 0 -271.367 334.008 9990.74 0 2212 506 1 0 1
447.288 -6.26533 0 -136.981 -190.895 9997.24 0 2212 507 1 0 1
274.826 -51.9377 0 59.5183 484.657 9988.07 0 2212 508 1 0 1
-966.228 -78.8149 0 -53.3185 -458.965 9989.32 0 2212 509 1 0 1
-18.0002 129.788 0 -64.3401 622.44 9980.4 0 2212 510 1 0 1
-744.999 -219.995 0 291.563 456.556 9985.32 0 2212 511 1 0 1
797.667 -109.535 0 179.813 17.3366 9998.37 0 2212 512 1 0 1
287.617 -45.9973 0 -193.081 -521.703 9984.52 0 2212 513 1 0 1
578.71 317.392 0 -147.654 741.691 9971.36 0 2212 514 1 0 1
42.0859 -257.318 0 17.7273 82.0012 9999.65 0 2212 515 1 0 1
657.559 77.9656 0 -75.6625 407.635 9991.4 0 2212 516 1 0 1
-307.018 1.76605 0 -113.153 -50.3833 9999.23 0 2212 517 1 0 1
929.55 -145.174 0 142.874 404.955 9990.78 0 2212 518 1 0 1
-537.591 -100.132 0 251.585 -1033.63 9943.25 0 2212 519 1 0 1
540.956 481.099 0 -233.84 145.433 9996.21 0 2212 520 1 0 1
-201.864 279.515 0 55.5196 -1097.36 9939.45 0 2212 521 1 0 1
-144.259 0.720817 0 -34.0396 -257.647 9996.62 0 2212 522 1 0 1
-518.074 355.657 0 29.7115 147.867 9998.86 0 2212 523 1 0 1
-336.56 324.197 0 183.299 136.832 9997.38 0 2212 524 1 0 1
-802.162 441.026 0 384.537 19.0727 9992.59 0 2212 525 1 0 1
-601.46 83.3582 0 -98.7789 188.226 9997.74 0 2212 526 1 0 1
-979.756 -344.888 0 -29.9668 87.215 9999.57 0 2212 527 1 0 1
-425.634 129.965 0 388.151 -442.938 9982.64 0 2212 528 1 0 1
753.693 -140.139 0 -87.8472 -389.367 9992.03 0 2212 529 1 0 1
-55.1684 212.85 0 -168.515 -108.692 9997.99 0 2212 530 1 0 1
754.802 196.569 0 -343.137 311.102 9989.27 0 2212 531 1 0 1
-1314.34 440.269 0 -11.3888 -385.941 9992.54 0 2212 532 1 0 1
952.803 -150.61 0 21.986 -59.2434 9999.8 0 2212 533 1 0 1
-748.891 284.411 0 199.074 665.24 9975.86 0 2212 534 1 0 1
173.707 -21.8009 0 12.1153 102.342 9999.47 0 2212 535 1 0 1
-142.208 11.6646 0 225.885 -365.321 9990.77 0 2212 536 1 0 1
-280.703 -136.584 0 140.689 515.585 9985.71 0 2212 537 1 0 1
-128.465 -356.018 0 8.54441 -5.99794 9999.99 0 2212 538 1 0 1
-424.775 365.075 0 -5.48926 144.613 9998.95 0 2212 539 1 0 1
-231.497 137.932 0 -24.1173 303.269 9995.37 0 2212 540 1 0 1
186.829 542.593 0 31.901 179.185 9998.34 0 2212 541 1 0 1
328.666 316.701 0 -225.515 203.557 9995.38 0 2212 542 1 0 1
-1405.08 -108.588 0 -55.4137 228.274 9997.24 0 2212 543 1 0 1
-197.575 103.427 0 -287.275 -150.181 9994.74 0 2212 544 1 0 1
-656.718 -236.578 0 -54.7249 34.0765 9999.79 0 2212 545 1 0 1
169.574 -54.1129 0 52.2962 407.526 9991.56 0 2212 546 1 0 1
-922.394 126.096 0 -304.136 -90.0152 9994.97 0 2212 547 1 0 1
196.326 -71.4281 0 -111.986 -427.87 9990.21 0 2212 548 1 0 1
-382.659 -163.859 0 106.642 -640.451 9978.9 0 2212 549 1 0 1
-599.212 -275.903 0 -91.5947 -273.009 9995.85 0 2212 550 1 0 1
390.635 -257.643 0 49.5599 614.984 9980.95 0 2212 551 1 0 1
-290.448 -163.882 0 231.953 354.062 9991.04 0 2212 552 1 0 1
-50.9976 -480.898 0 97.4602 10.9284 9999.52 0 2212 553 1 0 1
-224.581 -606.288 0 188.024 -370.672 9991.36 0 2212 554 1 0 1
-817.427 -187.765 0 -20.8261 248.505 9996.89 0 2212 555 1 0 1
1347.93 -415.202 0 102 28.7295 9999.44 0 2212 556 1 0 1
-251.407 -162.137 0 167.761 -432.933 9989.22 0 2212 557 1 0 1
-965.647 -93.9022 0 -147.596 -537.793 9984.44 0 2212 558 1 0 1
733.659 -340.768 0 86.6906 117.064 9998.94 0 2212 559 1 0 1
371.777 -274.138 0 -98.8638 -31.5794 9999.46 0 2212 560 1 0 1
278.701 195.387 0 -38.5463 645.896 9979.04 0 2212 561 1 0 1
-313.405 85.4695 0 -195 644.934 9977.28 0 2212 562 1 0 1
-255.716 -68.5093 0 127.542 584.882 9982.07 0 2212 563 1 0 1
122.42 56.6706 0 -25.7888 -239.345 9997.1 0 2212 564 1 0 1
-492.526 -277.439 0 189.366 697.598 9973.84 0 2212 565 1 0 1
-612 315.112 0 -41.5412 -182.842 9998.24 0 2212 566 1 0 1
9.16118 366.952 0 137.004 693.339 9974.99 0 2212 567 1 0 1
-269.961 -137.346 0 -233.57 -361.411 9990.74 0 2212 568 1 0 1
498.562 164.276 0 52.9246 -292.671 9995.58 0 2212 569 1 0 1
332.531 175.454 0 32.6753 -82.7105 9999.6 0 2212 570 1 0 1
255.958 224.9 0 151.442 -565.598 9982.84 0 2212 571 1 0 1
111.83 -213.501 0 -316.777 -207.988 9992.82 0 2212 572 1 0 1
-298.046 -23.5934 0 9.95519 -486.473 9988.16 0 2212 573 1 0 1
-127.889 31.7949 0 -32.2407 393.991 9992.18 0 2212 574 1 0 1
652.028 -188.524 0 288.451 -503.402 9983.15 0 2212 575 1 0 1
-562.13 108.328 0 8.64589 -50.9947 9999.87 0 2212 576 1 0 1
-177.769 21.1906 0 -118.954 435.015 9989.83 0 2212 577 1 0 1
-812.147 -185.594 0 26.4292 -46.8652 9999.86 0 2212 578 1 0 1
496.73 -131.573 0 109.118 -386.107 9991.95 0 2212 579 1 0 1
688.293 25.6392 0 77.4179 -370.226 9992.84 0 2212 580 1 0 1
-929.642 674.84 0 8.09508 392.572 9992.29 0 2212 581 1 0 1
-905.207 -197.619 0 -86.6373 188.847 9997.84 0 2212 582 1 0 1
-633.443 -352.423 0 262.063 -28.0093 9996.53 0 2212 583 1 0 1
775.982 350.285 0 -268.062 -591.281 9978.9 0 2212 584 1 0 1
247.26 94.7639 0 -269.95 -199.426 9994.37 0 2212 585 1 0 1
-144.867 252.475 0 -196.495 -106.585 9997.5 0 2212 586 1 0 1
-400.401 -135.369 0 -374.25 -562.957 9977.12 0 2212 587 1 0 1
315.083 -123.13 0 19.762 -609.006 9981.42 0 2212 588 1 0 1
36.7126 122.052 0 -22.0542 -197.654 9998.02 0 2212 589 1 0 1
188.984 -136.714 0 -32.6147 361.438 9993.41 0 2212 590 1 0 1
147.939 97.1344 0 -92.6011 373.407 9992.6 0 2212 591 1 0 1
847.488 -259.461 0 -295.853 -6.60806 9995.62 0 2212 592 1 0 1
837.598 -176.782 0 -46.8831 -147.019 9998.81 0 2212 593 1 0 1
43.1053 -245.171 0 252.52 -65.9687 9996.59 0 2212 594 1 0 1
-170.765 10.4541 0 141.336 -404.728 9990.81 0 2212 595 1 0 1
1033.53 233.223 0 -169.959 219.214 9996.15 0 2212 596 1 0 1
83.0133 124.711 0 -305.239 -283.639 9991.32 0 2212 597 1 0 1
-394.562 278.044 0 -101.159 74.276 9999.21 0 2212 598 1 0 1
-952.649 260.248 0 18.9094 312.496 9995.1 0 2212 599 1 0 1
319.928 -228.306 0 17.5544 118.906 9999.28 0 2212 600 1 0 1
-19.1141 263.264 0 -317.353 276.67 9991.13 0 2212 601 1 0 1
448.688 -179.661 0 -54.9753 137.717 9998.9 0 2212 602 1 0 1
-1054.62 37.4233 0 145.09 -757.864 9970.19 0 2212 603 1 0 1
-688.609 -150.134 0 9.32229 313.061 9995.09 0 2212 604 1 0 1
648.485 -90.9148 0 -68.6252 9.01184 9999.76 0 2212 605 1 0 1
82.9014 -175.09 0 -207.561 502.91 9985.19 0 2212 606 1 0 1
-711.912 -1.69488 0 -60.4791 104.005 9999.28 0 2212 607 1 0 1
-769.301 167.224 0 -141.669 298.262 9994.55 0 2212 608 1 0 1
413.932 44.7188 0 313.612 288.304 9990.92 0 2212 609 1 0 1
797.288 -225.016 0 222.604 348.031 9991.46 0 2212 610 1 0 1
109.249 139.244 0 -41.3348 -126.515 9999.11 0 2212 611 1 0 1
-317.762 82.019 0 -1.64896 68.8704 9999.76 0 2212 612 1 0 1
-544.206 60.9624 0 -107.338 -114.681 9998.77 0 2212 613 1 0 1
-406.589 -76.5613 0 236.987 -27.2199 9997.15 0 2212 614 1 0 1
-597.209 328.073 0 -242.078 572.771 9980.65 0 2212 615 1 0 1
561.194 -56.8954 0 478.698 -294.818 9984.18 0 2212 616 1 0 1
-147.257 -153.864 0 -153.367 -70.5749 9998.57 0 2212 617 1 0 1
764.568 -43.0948 0 2.34536 662.751 9978.01 0 2212 618 1 0 1
103.414 -303.349 0 -148.684 128.958 9998.06 0 2212 619 1 0 1
60.219 -344.148 0 -5.33676 -392.42 9992.3 0 2212 620 1 0 1
675.436 13.5858 0 147.331 349.072 9992.82 0 2212 621 1 0 1
395.493 77.6089 0 258.657 -566.155 9980.61 0 2212 622 1 0 1
516.437 121.5 0 -167.144 -175.522 9997.06 0 2212 623 1 0 1
403.881 268.607 0 -64.8659 -994.886 9950.18 0 2212 624 1 0 1
-735.792 576.58 0 -23.0548 -85.9336 9999.6 0 2212 625 1 0 1
1227.45 -270.721 0 -334.641 -755.042 9965.84 0 2212 626 1 0 1
-393.713 55.8331 0 43.8811 645.222 9979.07 0 2212 627 1 0 1
385.746 510.343 0 91.5107 -408.321 9991.24 0 2212 628 1 0 1
-42.2213 407.576 0 200.554 14.5436 9997.98 0 2212 629 1 0 1
-317.462 -477.022 0 -137.833 591.019 9981.57 0 2212 630 1 0 1
-43.6037 109.647 0 85.4313 -229.613 9997 0 2212 631 1 0 1
-5.5748 -567.666 0 -113.799 461.539 9988.7 0 2212 632 1 0 1
55.6741 -365.575 0 -83.6443 113.497 9999.01 0 2212 633 1 0 1
417.33 -379.513 0 -50.0088 148.926 9998.77 0 2212 634 1 0 1
225.637 -475.235 0 60.1081 -176.018 9998.27 0 2212 635 1 0 1
-543.996 32.9655 0 98.4926 -82.7036 9999.17 0 2212 636 1 0 1
-641.745 -296.885 0 -12.6527 339.745 9994.22 0 2212 637 1 0 1
-112.049 454.547 0 -48.4552 -546.729 9984.93 0 2212 638 1 0 1
211.413 111.494 0 -15.1673 162.533 9998.67 0 2212 639 1 0 1
400.96 300.281 0 143.936 -477.765 9987.54 0 2212 640 1 0 1
-281.769 756.049 0 60.0629 925.167 9956.93 0 2212 641 1 0 1
505.543 -32.0113 0 29.6451 406.369 9991.7 0 2212 642 1 0 1
-233.49 98.9933 0 -62.8673 -219.28 9997.4 0 2212 643 1 0 1
615.973 138.521 0 173.271 -842.577 9962.93 0 2212 644 1 0 1
409.961 -81.2003 0 44.7768 15.3594 9999.89 0 2212 645 1 0 1
203.803 348.828 0 249.412 876.746 9958.37 0 2212 646 1 0 1
22.6422 115.24 0 -5.48041 302.714 9995.42 0 2212 647 1 0 1
156.362 -116.533 0 144.552 -65.1008 9998.74 0 2212 648 1 0 1
-753.085 -110.815 0 28.3941 -723.016 9973.79 0 2212 649 1 0 1
95.1585 104.299 0 -14.425 309.625 9995.2 0 2212 650 1 0 1
-394.781 287.413 0 -36.3051 417.927 9991.2 0 2212 651 1 0 1
-862.585 138.276 0 -24.8178 111.484 9999.35 0 2212 652 1 0 1
-62.894 26.03 0 223.419 545.304 9982.62 0 2212 653 1 0 1
-403.864 103.703 0 209.722 373.677 9990.81 0 2212 654 1 0 1
-473.717 -125.863 0 -200.179 111.72 9997.37 0 2212 655 1 0 1
-836.892 36.4113 0 5.37523 -136.201 9999.07 0 2212 656 1 0 1
-402.075 74.0361 0 191.328 221.458 9995.72 0 2212 657 1 0 1
-516.985 -131.139 0 -345.316 206.054 9991.91 0 2212 658 1 0 1
571.856 -10.9862 0 359.822 14.6316 9993.51 0 2212 659 1 0 1
-634.727 -67.9465 0 -178.677 339.712 9992.63 0 2212 660 1 0 1
-320.717 30.4141 0 -129.618 307.458 9994.43 0 2212 661 1 0 1
-258.804 464.543 0 -363.639 -347.67 9987.34 0 2212 662 1 0 1
242.707 -237.674 0 -52.4777 44.4963 9999.76 0 2212 663 1 0 1
202.867 193.58 0 5.79358 1318 9912.76 0 2212 664 1 0 1
-146.68 403.376 0 -179.795 -248.482 9995.3 0 2212 665 1 0 1
-417.427 159.812 0 -22.9796 201.21 9997.95 0 2212 666 1 0 1
308.43 -133.524 0 102.824 355.645 9993.14 0 2212 667 1 0 1
-449.126 -186.635 0 -132.373 592.832 9981.53 0 2212 668 1 0 1
223.234 151.947 0 67.9947 -469.192 9988.76 0 2212 669 1 0 1
195.193 -202.17 0 210.4 -33.4261 9997.73 0 2212 670 1 0 1
-189.831 143.394 0 197.799 172.792 9996.55 0 2212 671 1 0 1
257.052 126.698 0 -322.788 -890.728 9955.02 0 2212 672 1 0 1
-207.729 -60.5105 0 -32.6476 -135.352 9999.03 0 2212 673 1 0 1
-106.57 92.0495 0 13.7946 454.566 9989.65 0 2212 674 1 0 1
179.285 -218.472 0 316.093 -805.938 9962.46 0 2212 675 1 0 1
-275.369 -154.704 0 -33.4928 32.6563 9999.89 0 2212 676 1 0 1
-103.004 23.5045 0 -116.69 327.175 9993.97 0 2212 677 1 0 1
-415.078 -219.805 0 151.106 -575.619 9982.28 0 2212 678 1 0 1
950.502 130.216 0 162.087 -144.35 9997.64 0 2212 679 1 0 1
-449.149 -49.7923 0 -254.484 363.301 9990.16 0 2212 680 1 0 1
-548.596 574.339 0 89.8548 -93.8494 9999.16 0 2212 681 1 0 1
-276.219 -216.429 0 -262.606 329.182 9991.13 0 2212 682 1 0 1
-124.992 577.786 0 -27.4703 928.914 9956.72 0 2212 683 1 0 1
159.389 -281.235 0 41.3282 -326.074 9994.6 0 2212 684 1 0 1
563.589 -44.5543 0 -234.101 -167.711 9995.85 0 2212 685 1 0 1
-380.229 122.295 0 86.9765 -963.445 9953.1 0 2212 686 1 0 1
201.454 -348.767 0 -8.70833 -81.8589 9999.66 0 2212 687 1 0 1
-301.363 215.555 0 87.9649 179.68 9998 0 2212 688 1 0 1
211.245 -204.442 0 -91.9693 638.683 9979.16 0 2212 689 1 0 1
412.687 88.3671 0 -103.869 637.075 9979.15 0 2212 690 1 0 1
323.577 -257.879 0 -40.6272 398.3 9991.98 0 2212 691 1 0 1
-69.1421 -128.254 0 -90.2424 -73.9947 9999.32 0 2212 692 1 0 1
-118.86 -201.064 0 180.622 688.353 9974.65 0 2212 693 1 0 1
399.731 -102.181 0 -143.23 52.9339 9998.83 0 2212 694 1 0 1
-293.329 186.118 0 -63.3988 -132.678 9998.92 0 2212 695 1 0 1
706.55 -389.598 0 -93.4997 -14.3621 9999.55 0 2212 696 1 0 1
784.38 -169.422 0 -127.73 -246.399 9996.15 0 2212 697 1 0 1
282.039 235.188 0 38.8419 -589.926 9982.51 0 2212 698 1 0 1
-456.157 79.4216 0 40.4413 363.153 9993.32 0 2212 699 1 0 1
324.605 -73.5153 0 51.5953 76.4818 9999.57 0 2212 700 1 0 1
-379.389 -173.949 0 99.2683 1155.77 9932.49 0 2212 701 1 0 1
354.221 -69.0964 0 223.574 -194.22 9995.61 0 2212 702 1 0 1
-62.6717 -126.878 0 -503.461 1044.9 9932.51 0 2212 703 1 0 1
-262.908 -378.804 0 -82.6614 -107.838 9999.08 0 2212 704 1 0 1
1202.1 170.571 0 -277.552 175.359 9994.61 0 2212 705 1 0 1
-381.72 -262.533 0 -73.211 19.3703 9999.71 0 2212 706 1 0 1
-46.1802 97.8276 0 56.9377 120.845 9999.11 0 2212 707 1 0 1
-1332.2 374.388 0 130.459 331.532 9993.65 0 2212 708 1 0 1
-557.149 -122.592 0 -118.716 -157.619 9998.05 0 2212 709 1 0 1
1039.35 -35.0306 0 -269.594 895.311 9956.19 0 2212 710 1 0 1
346.466 25.8051 0 127.664 247.877 9996.11 0 2212 711 1 0 1
1736.47 81.3697 0 117.581 498.392 9986.88 0 2212 712 1 0 1
431.536 -270.447 0 -65.1214 -477.451 9988.38 0 2212 713 1 0 1
1359.26 113.709 0 -218.302 -465.365 9986.78 0 2212 714 1 0 1
1094.74 140.857 0 229.855 253.106 9994.15 0 2212 715 1 0 1
511.815 291.369 0 54.1084 15.5415 9999.84 0 2212 716 1 0 1
-504.091 141.123 0 -124.56 445.956 9989.27 0 2212 717 1 0 1
305.66 -43.5274 0 164.268 -1118.14 9935.93 0 2212 718 1 0 1
-921.873 25.6172 0 -19.5778 305.452 9995.31 0 2212 719 1 0 1
269.811 -449.137 0 -344.07 -40.3958 9994 0 2212 720 1 0 1
120.016 83.9875 0 291.271 459.137 9985.21 0 2212 721 1 0 1
144.968 -70.5757 0 184.31 64.6707 9998.09 0 2212 722 1 0 1
-178.951 348.683 0 192.236 348.919 9992.06 0 2212 723 1 0 1
-840.42 71.0397 0 -63.0269 458.378 9989.29 0 2212 724 1 0 1
172.973 310.443 0 -144.311 -4.8627 9998.96 0 2212 725 1 0 1
567.965 264.365 0 125.403 106.644 9998.64 0 2212 726 1 0 1
613.74 -34.5994 0 111.285 -115.625 9998.71 0 2212 727 1 0 1
-99.8639 -388.226 0 30.6504 389.029 9992.38 0 2212 728 1 0 1
-108.615 -271.146 0 179.932 305.445 9993.71 0 2212 729 1 0 1
-528.798 13.4315 0 -9.60706 489.452 9988.01 0 2212 730 1 0 1
-567.146 -321.252 0 9.48575 14.77 9999.98 0 2212 731 1 0 1
-408.352 104.799 0 -26.1506 201.357 9997.94 0 2212 732 1 0 1
-310.499 -333.672 0 -261.745 1016.45 9944.76 0 2212 733 1 0 1
-215.161 -217.168 0 -261.049 10.0374 9996.59 0 2212 734 1 0 1
-706.499 -329.377 0 28.5229 212.99 9997.69 0 2212 735 1 0 1
350.174 20.1426 0 175.759 112.254 9997.83 0 2212 736 1 0 1
206.572 184.328 0 -62.3145 334.394 9994.21 0 2212 737 1 0 1
323.831 68.2625 0 57.7544 475.499 9988.52 0 2212 738 1 0 1
272.907 28.8542 0 -113.494 -443.932 9989.5 0 2212 739 1 0 1
-373.832 70.713 0 -84.0258 24.856 9999.62 0 2212 740 1 0 1
310.41 354.245 0 172.168 174.763 9996.99 0 2212 741 1 0 1
-589.822 126.193 0 35.0038 -345.152 9993.98 0 2212 742 1 0 1
736.5 -80.5359 0 213.125 286.011 9993.64 0 2212 743 1 0 1
743.482 318.96 0 -171.481 20.2133 9998.51 0 2212 744 1 0 1
-348.684 -176.193 0 90.7211 -198.14 9997.63 0 2212 745 1 0 1
585.807 -72.2224 0 -45.96 -134.941 9998.98 0 2212 746 1 0 1
-728.034 71.4121 0 12.1024 423.411 9991.02 0 2212 747 1 0 1
742.664 -486.394 0 179.455 -273.726 9994.64 0 2212 748 1 0 1
279.475 -178.409 0 345.56 657.513 9972.38 0 2212 749 1 0 1
-213.038 31.6956 0 -231.43 -141.897 9996.31 0 2212 750 1 0 1
-671.128 -180.601 0 -67.6179 -82.5356 9999.43 0 2212 751 1 0 1
-450.712 -90.8306 0 -212.948 241.04 9994.83 0 2212 752 1 0 1
-448.513 187.772 0 -170.767 203.718 9996.47 0 2212 753 1 0 1
-922.349 448.096 0 -153.955 382.403 9991.5 0 2212 754 1 0 1
152.239 -15.4659 0 -69.4005 -146.453 9998.69 0 2212 755 1 0 1
-204.169 -182.015 0 -213.173 -52.8144 9997.59 0 2212 756 1 0 1
810.047 78.3373 0 41.9899 256.955 9996.61 0 2212 757 1 0 1
-1425.2 87.6097 0 -311.872 -270.773 9991.47 0 2212 758 1 0 1
1691.39 693.139 0 98.868 -132.175 9998.64 0 2212 759 1 0 1
-1278.08 -57.8664 0 -478.019 -752.84 9960.16 0 2212 760 1 0 1
54.4111 279.129 0 13.3542 125.241 9999.21 0 2212 761 1 0 1
-574.479 3.77679 0 -97.873 355.501 9993.2 0 2212 762 1 0 1
-695.092 235.086 0 -20.4873 235.898 9997.2 0 2212 763 1 0 1
-300.264 -292.731 0 219.765 -854.74 9960.98 0 2212 764 1 0 1
425.579 252.321 0 -40.4997 158.207 9998.67 0 2212 765 1 0 1
-512.357 -391.259 0 -43.0476 -191 9998.08 0 2212 766 1 0 1
189.735 220.665 0 -71.1709 295.181 9995.39 0 2212 767 1 0 1
538.463 -178.626 0 -538.796 387.052 9977.97 0 2212 768 1 0 1
540.457 297.556 0 -55.2698 -539.349 9985.29 0 2212 769 1 0 1
167.515 580.536 0 -183.715 209.085 9996.13 0 2212 770 1 0 1
227.007 81.0103 0 73.2765 -123.673 9998.97 0 2212 771 1 0 1
-91.9271 -455.318 0 93.9102 -44.1839 9999.46 0 2212 772 1 0 1
839.133 -22.2246 0 -203.878 29.8668 9997.88 0 2212 773 1 0 1
-551.637 243.873 0 -145.298 -128.138 9998.12 0 2212 774 1 0 1
584.195 -56.6793 0 -240.159 -556.801 9981.6 0 2212 775 1 0 1
-204.705 -27.2191 0 -7.47327 -49.3868 9999.88 0 2212 776 1 0 1
99.4857 -206.744 0 135.86 330.887 9993.6 0 2212 777 1 0 1
-555.123 329.737 0 43.5398 815.891 9966.57 0 2212 778 1 0 1
-954.069 -257.03 0 189.554 -38.1106 9998.13 0 2212 779 1 0 1
481.923 235.252 0 -75.5323 -336.352 9994.06 0 2212 780 1 0 1
14.6853 5.9491 0 -155.567 -45.4877 9998.69 0 2212 781 1 0 1
-648.409 65.9081 0 -301.242 358.653 9989.03 0 2212 782 1 0 1
-1031 -33.3747 0 88.6046 416.035 9990.95 0 2212 783 1 0 1
-748.902 -242.074 0 253.323 -300.968 9992.26 0 2212 784 1 0 1
-338.528 195.493 0 42.48 485.997 9988.09 0 2212 785 1 0 1
208.155 -60.3216 0 193.282 -214.999 9995.82 0 2212 786 1 0 1
-90.1886 31.401 0 -554.668 596.037 9966.8 0 2212 787 1 0 1
1145.21 92.7382 0 -164.629 303.115 9994.05 0 2212 788 1 0 1
-1092.81 -449.906 0 122.676 151.222 9998.1 0 2212 789 1 0 1
862.064 382.607 0 465.774 -257.076 9985.84 0 2212 790 1 0 1
72.9258 -17.1878 0 4.20904 -113.734 9999.35 0 2212 791 1 0 1
511.153 -64.3761 0 159.039 231.223 9996.06 0 2212 792 1 0 1
458.824 112.876 0 58.1527 -793.878 9968.27 0 2212 793 1 0 1
475.349 298.521 0 -143.655 407.586 9990.66 0 2212 794 1 0 1
621.059 155.849 0 189.177 -137.773 9997.26 0 2212 795 1 0 1
604.309 -32.4728 0 89.3969 -111.545 9998.98 0 2212 796 1 0 1
-254.6 -183.097 0 -73.2121 4.51541 9999.73 0 2212 797 1 0 1
-244.974 373.066 0 289.192 344.53 9989.88 0 2212 798 1 0 1
-148.997 -11.2006 0 38.8692 296.666 9995.52 0 2212 799 1 0 1
-1100.89 -2.87378 0 178.606 -353.66 9992.15 0 2212 800 1 0 1
497.831 70.4214 0 -103.584 67.1861 9999.24 0 2212 801 1 0 1
399.656 -257.161 0 299.129 164.302 9994.17 0 2212 802 1 0 1
-418.274 -73.1715 0 195.493 62.1626 9997.9 0 2212 803 1 0 1
-374.665 -178.444 0 87.559 292.443 9995.34 0 2212 804 1 0 1
-261.172 -314.356 0 84.9316 -362.349 9993.07 0 2212 805 1 0 1
-1.1374 -114.15 0 -64.7533 -445.245 9989.87 0 2212 806 1 0 1
1470.13 -135.306 0 -102.835 403.894 9991.31 0 2212 807 1 0 1
-181.19 93.235 0 221.675 332.153 9992.02 0 2212 808 1 0 1
950.515 102.084 0 -287.974 175.794 9994.31 0 2212 809 1 0 1
-907.633 78.0858 0 263.436 -3.60688 9996.53 0 2212 810 1 0 1
469.575 381.371 0 -9.69514 382.795 9992.67 0 2212 811 1 0 1
-488.629 114.694 0 230.021 -542.644 9982.62 0 2212 812 1 0 1
93.5987 1.07623 0 304.457 35.8831 9995.3 0 2212 813 1 0 1
406.544 -180.229 0 225.879 -573.146 9981.01 0 2212 814 1 0 1
1033.8 -277.74 0 -3.02108 -579.635 9983.19 0 2212 815 1 0 1
385.185 336.518 0 -336.116 272.394 9990.64 0 2212 816 1 0 1
198.861 -56.4031 0 -241.481 -178.51 9995.49 0 2212 817 1 0 1
532.096 17.3935 0 61.7724 -485.057 9988.04 0 2212 818 1 0 1
912.6 464.041 0 -162.933 -584.932 9981.55 0 2212 819 1 0 1
-479.461 97.5696 0 26.0728 501.714 9987.37 0 2212 820 1 0 1
52.8566 187.239 0 -123.7 -355.161 9992.93 0 2212 821 1 0 1
-10.567 127.309 0 -9.55821 -342.582 9994.13 0 2212 822 1 0 1
-31.931 -333.387 0 28.4443 300.856 9995.43 0 2212 823 1 0 1
3.40252 53.6855 0 -245.761 -32.2958 9996.93 0 2212 824 1 0 1
-348.968 -201.71 0 -170.63 -152.122 9997.39 0 2212 825 1 0 1
-102.286 -288.785 0 -154.763 -421.613 9989.91 0 2212 826 1 0 1
-25.4871 -174.993 0 72.1961 -292.543 9995.46 0 2212 827 1 0 1
-251.568 -418.964 0 -149.737 -405.561 9990.65 0 2212 828 1 0 1
1.13485 266.869 0 108.58 369.167 9992.59 0 2212 829 1 0 1
-1401.72 10.8286 0 309.243 -398.586 9987.27 0 2212 830 1 0 1
-140.484 -99.9404 0 19.7267 290.174 9995.77 0 2212 831 1 0 1
-526.653 320.22 0 472.765 -254.861 9985.57 0 2212 832 1 0 1
376.009 71.1557 0 212.889 -269.94 9994.09 0 2212 833 1 0 1
168.935 143.188 0 -349.629 172.249 9992.4 0 2212 834 1 0 1
-68.2347 366.392 0 45.9747 -1035.14 9946.17 0 2212 835 1 0 1
-162.675 69.2783 0 20.236 243.131 9997.02 0 2212 836 1 0 1
-406.145 -177.733 0 220.158 102.67 9997.05 0 2212 837 1 0 1
96.292 53.2694 0 85.1535 -381.254 9992.37 0 2212 838 1 0 1
586.862 206.307 0 -89.8731 365.324 9992.92 0 2212 839 1 0 1
-278.489 -227.991 0 126.14 -191.524 9997.37 0 2212 840 1 0 1
742.345 -209.745 0 278.731 -138.378 9995.16 0 2212 841 1 0 1
336.222 -332.415 0 -8.89609 -635.535 9979.78 0 2212 842 1 0 1
113.203 167.482 0 289.296 733.775 9968.85 0 2212 843 1 0 1
35.7149 321.3 0 6.22283 469.89 9988.95 0 2212 844 1 0 1
-132.115 -137.878 0 120.717 341.954 9993.42 0 2212 845 1 0 1
77.1132 -140.593 0 -26.8886 -87.3616 9999.58 0 2212 846 1 0 1
-727.69 88.5011 0 -68.9659 67.2678 9999.54 0 2212 847 1 0 1
491.248 -39.6268 0 107.04 -369.093 9992.61 0 2212 848 1 0 1
-259.901 55.9608 0 -250.335 273.803 9993.12 0 2212 849 1 0 1
-548.875 348.248 0 37.8507 670.73 9977.41 0 2212 850 1 0 1
-488.055 378.76 0 83.1601 406.434 9991.39 0 2212 851 1 0 1
-149.913 243.257 0 -113.138 -215.642 9997.03 0 2212 852 1 0 1
-21.9254 -288.749 0 -1.39632 -86.5815 9999.63 0 2212 853 1 0 1
871.704 -220.746 0 95.9037 234.999 9996.78 0 2212 854 1 0 1
-218.4 59.1632 0 -66.2821 491.526 9987.69 0 2212 855 1 0 1
-1011.25 51.8122 0 159.373 -60.2173 9998.55 0 2212 856 1 0 1
635.857 404.356 0 208.523 -124.81 9997.05 0 2212 857 1 0 1
-501.797 55.3196 0 -112.153 -90.2726 9998.96 0 2212 858 1 0 1
-177.012 301.127 0 282.712 -181.347 9994.36 0 2212 859 1 0 1
-453.469 431.57 0 -237.737 -12.8193 9997.17 0 2212 860 1 0 1
-368.99 -44.6287 0 -63.8553 -14.2513 9999.79 0 2212 861 1 0 1
355.087 -103.222 0 23.6788 -89.9004 9999.57 0 2212 862 1 0 1
-859.233 107.483 0 29.7302 143.628 9998.92 0 2212 863 1 0 1
571.682 -286.339 0 31.9674 -213.834 9997.66 0 2212 864 1 0 1
316.974 206.09 0 -448.766 -205.964 9987.8 0 2212 865 1 0 1
1139.07 -164.798 0 -36.2763 -431.929 9990.6 0 2212 866 1 0 1
-469.062 108.268 0 -103.598 984.235 9950.91 0 2212 867 1 0 1
-461.254 -271.388 0 -119.454 -354.199 9993.01 0 2212 868 1 0 1
-38.5217 43.3319 0 164.154 -89.9972 9998.25 0 2212 869 1 0 1
-815.53 205.383 0 -123.985 431.135 9989.93 0 2212 870 1 0 1
-685.098 139.66 0 275.828 439.588 9986.52 0 2212 871 1 0 1
-1173.6 155.497 0 -32.4037 358.89 9993.51 0 2212 872 1 0 1
13.2647 -262.253 0 -119.804 357.412 9992.89 0 2212 873 1 0 1
-111.547 30.1019 0 201.243 16.8939 9997.96 0 2212 874 1 0 1
844.93 93.125 0 83.5159 193.439 9997.78 0 2212 875 1 0 1
-377.914 12.2611 0 8.7653 -495.655 9987.7 0 2212 876 1 0 1
-415.254 -113.759 0 24.2452 -747.9 9971.96 0 2212 877 1 0 1
-560.242 -124.702 0 -193.32 -343.41 9992.23 0 2212 878 1 0 1
-38.4274 97.8985 0 -309.037 -153.246 9994.05 0 2212 879 1 0 1
163.013 124.083 0 -97.3547 605.824 9981.16 0 2212 880 1 0 1
-279.717 105.17 0 -22.6167 68.0697 9999.74 0 2212 881 1 0 1
-307.793 -191.38 0 -367.76 -89.8007 9992.83 0 2212 882 1 0 1
562.194 -171.207 0 -15.6055 -53.0252 9999.85 0 2212 883 1 0 1
-281.189 -295.378 0 -395.092 -36.0645 9992.13 0 2212 884 1 0 1
792.051 460.395 0 348.072 553.6 9978.6 0 2212 885 1 0 1
-220.211 77.4403 0 34.3561 -494.83 9987.69 0 2212 886 1 0 1
-78.2254 423.897 0 395.614 276.468 9988.35 0 2212 887 1 0 1
-627.231 -362.16 0 -26.914 145.925 9998.9 0 2212 888 1 0 1
131.661 -424.209 0 49.4384 -718.352 9974.04 0 2212 889 1 0 1
230.419 -191.718 0 -113.461 -246.781 9996.31 0 2212 890 1 0 1
-263.251 141.543 0 69.2212 568.201 9983.6 0 2212 891 1 0 1
885.739 -103.579 0 -38.563 200.388 9997.92 0 2212 892 1 0 1
-1191.78 301.662 0 61.9136 118.437 9999.11 0 2212 893 1 0 1
-229.807 -236.681 0 -162.764 245.629 9995.66 0 2212 894 1 0 1
835.648 -42.0769 0 271.578 591.165 9978.82 0 2212 895 1 0 1
794.369 224.852 0 -228.325 -107.459 9996.82 0 2212 896 1 0 1
-610.729 -186.075 0 -56.4962 -606.48 9981.43 0 2212 897 1 0 1
-76.0235 -231.904 0 45.5131 -312.105 9995.02 0 2212 898 1 0 1
270.848 -19.1496 0 133.043 -118.366 9998.41 0 2212 899 1 0 1
117.952 -467.399 0 -87.6601 -121.771 9998.87 0 2212 900 1 0 1
192.7 -68.7451 0 36.9211 -247.575 9996.87 0 2212 901 1 0 1
-1067.94 131.639 0 -136.657 289.261 9994.88 0 2212 902 1 0 1
759.335 23.5875 0 -51.2027 -161.161 9998.57 0 2212 903 1 0 1
-486.374 -63.1775 0 -45.5563 -158.167 9998.65 0 2212 904 1 0 1
110.18 11.1061 0 -195.101 -296.638 9993.7 0 2212 905 1 0 1
692.803 77.3509 0 -229.343 -359.733 9990.9 0 2212 906 1 0 1
-232.563 -88.6832 0 -306.967 -81.0188 9994.96 0 2212 907 1 0 1
36.652 -445.404 0 274.752 -474.748 9984.94 0 2212 908 1 0 1
-789.006 63.5139 0 114.608 223.203 9996.85 0 2212 909 1 0 1
-89.5118 196.07 0 43.9225 11.4212 9999.9 0 2212 910 1 0 1
363.236 367.852 0 -237.391 -359.591 9990.71 0 2212 911 1 0 1
667.024 -142.336 0 -337.705 412.287 9985.79 0 2212 912 1 0 1
419.198 247.484 0 555.805 232.094 9981.84 0 2212 913 1 0 1
-672.795 121.216 0 -247.003 -80.3164 9996.63 0 2212 914 1 0 1
534.633 210.331 0 -231.027 -408.037 9989 0 2212 915 1 0 1
-174.938 6.94475 0 158.066 724.484 9972.47 0 2212 916 1 0 1
-599.685 240.772 0 178.439 -276.606 9994.58 0 2212 917 1 0 1
179.886 -130.658 0 -69.4237 673.126 9977.08 0 2212 918 1 0 1
-1012.45 226.234 0 77.5135 -230.44 9997.04 0 2212 919 1 0 1
-14.5556 -5.06071 0 -16.3761 -286.724 9995.88 0 2212 920 1 0 1
-66.0712 -698.67 0 -366.822 91.0145 9992.86 0 2212 921 1 0 1
221.769 212.188 0 -166.02 209.264 9996.43 0 2212 922 1 0 1
-93.4683 209.769 0 151.816 -658.967 9977.11 0 2212 923 1 0 1
282.202 23.4421 0 188.054 -105.167 9997.68 0 2212 924 1 0 1
-116.193 -36.5518 0 94.8632 95.989 9999.09 0 2212 925 1 0 1
1800.13 -20.314 0 -95.0914 94.0132 9999.11 0 2212 926 1 0 1
-457.877 67.0179 0 41.954 -300.103 9995.41 0 2212 927 1 0 1
-182.036 156.561 0 65.4514 -379.465 9992.58 0 2212 928 1 0 1
13.0805 267.488 0 -187.076 395.945 9990.41 0 2212 929 1 0 1
-458.228 48.4457 0 196.851 179.677 9996.45 0 2212 930 1 0 1
-1338.04 -172.103 0 -203.2 46.5566 9997.83 0 2212 931 1 0 1
496.15 -114.768 0 -43.6219 -283.167 9995.89 0 2212 932 1 0 1
-451.917 -16.8571 0 -52.4624 -120.841 9999.13 0 2212 933 1 0 1
243.573 398.578 0 150.53 96.5156 9998.4 0 2212 934 1 0 1
302.528 453.65 0 86.1447 410.54 9991.2 0 2212 935 1 0 1
149.08 251.012 0 125.004 719.456 9973.3 0 2212 936 1 0 1
-786.137 529.426 0 188.746 -594.879 9980.51 0 2212 937 1 0 1
16.8882 -182.332 0 -62.1576 -393.562 9992.06 0 2212 938 1 0 1
-808.76 161.121 0 38.9354 103.82 9999.39 0 2212 939 1 0 1
-532.694 -49.127 0 372.696 -53.8738 9992.91 0 2212 940 1 0 1
35.6747 24.3654 0 -17.9331 455.757 9989.59 0 2212 941 1 0 1
-271.533 -30.1923 0 269.248 -96.0337 9995.91 0 2212 942 1 0 1
687.613 -20.6474 0 225.762 -304.047 9992.83 0 2212 943 1 0 1
-29.9537 298.82 0 -206.342 521.422 9984.26 0 2212 944 1 0 1
113.978 271.547 0 -47.1125 -131.908 9999.02 0 2212 945 1 0 1
-468.303 167.852 0 118.384 125.294 9998.51 0 2212 946 1 0 1
-396.579 -68.5301 0 18.9173 44.4442 9999.88 0 2212 947 1 0 1
-494.663 256.679 0 178.806 642.199 9977.76 0 2212 948 1 0 1
92.8694 -344.012 0 157.095 622.916 9979.34 0 2212 949 1 0 1
-328.356 -112.844 0 -59.9265 -203.539 9997.75 0 2212 950 1 0 1
640.473 231.056 0 269.836 -45.3916 9996.26 0 2212 951 1 0 1
-430.983 -79.9721 0 -193.104 -59.6872 9997.96 0 2212 952 1 0 1
-316.22 439.075 0 -194.708 -184.309 9996.41 0 2212 953 1 0 1
368.348 175.528 0 99.1229 428.186 9990.34 0 2212 954 1 0 1
-302.239 276.422 0 -74.126 -344.686 9993.78 0 2212 955 1 0 1
4.10503 126.97 0 -39.815 -162.936 9998.59 0 2212 956 1 0 1
33.1453 359.317 0 -432.124 -153.1 9989.49 0 2212 957 1 0 1
65.176 -424.521 0 -80.7062 306.635 9994.97 0 2212 958 1 0 1
425.183 37.7836 0 -78.7383 214.226 9997.4 0 2212 959 1 0 1
-559.688 393.843 0 300.767 119.761 9994.76 0 2212 960 1 0 1
820.714 -743.085 0 -149.679 -362.463 9992.31 0 2212 961 1 0 1
90.9564 -91.9376 0 -102.013 -40.8384 9999.4 0 2212 962 1 0 1
317.989 -126.701 0 49.5681 393.552 9992.13 0 2212 963 1 0 1
-180.106 134.998 0 308.955 435.296 9985.74 0 2212 964 1 0 1
-68.9472 -654.356 0 49.426 -67.8035 9999.65 0 2212 965 1 0 1
65.8782 -61.4584 0 296.79 -2.11541 9995.59 0 2212 966 1 0 1
-548.06 484.051 0 -19.5865 -205.763 9997.86 0 2212 967 1 0 1
958.952 343.893 0 -156.999 -113.93 9998.12 0 2212 968 1 0 1
-107.575 -185.073 0 -6.82672 562.274 9984.18 0 2212 969 1 0 1
286.359 -138.597 0 81.7163 537.89 9985.19 0 2212 970 1 0 1
889.65 -43.3951 0 -54.9656 257.727 9996.53 0 2212 971 1 0 1
-1072.52 41.2413 0 -158.744 143.319 9997.71 0 2212 972 1 0 1
12.6017 105.525 0 97.4676 -304.554 9994.89 0 2212 973 1 0 1
-103.188 -471.58 0 -196.657 -520.359 9984.52 0 2212 974 1 0 1
150.148 18.7898 0 -62.7539 -48.1425 9999.69 0 2212 975 1 0 1
-710.663 95.3372 0 -205.541 -475.782 9986.56 0 2212 976 1 0 1
155.335 182.108 0 -76.876 29.8392 9999.66 0 2212 977 1 0 1
292.63 169.505 0 -163.921 570.708 9982.36 0 2212 978 1 0 1
137.323 -40.726 0 -34.9587 -125.966 9999.15 0 2212 979 1 0 1
-1863.78 -383.516 0 -350.246 149.883 9992.74 0 2212 980 1 0 1
494.771 129.491 0 -95.9753 147.703 9998.45 0 2212 981 1 0 1
753.624 -280.645 0 -6.16225 -339.132 9994.25 0 2212 982 1 0 1
-236.277 208.697 0 20.8111 298.609 9995.52 0 2212 983 1 0 1
405.602 138.719 0 -103.11 31.7653 9999.42 0 2212 984 1 0 1
-328.98 57.8694 0 -160.992 174.797 9997.18 0 2212 985 1 0 1
-190.993 163.155 0 127.372 692.53 9975.18 0 2212 986 1 0 1
909.789 -81.5752 0 54.9528 60.7252 9999.66 0 2212 987 1 0 1
-145.28 189.465 0 -192.34 -753.705 9969.7 0 2212 988 1 0 1
-508.702 -308.892 0 121.566 -172.824 9997.77 0 2212 989 1 0 1
-309.236 -317.624 0 -36.2703 141.035 9998.94 0 2212 990 1 0 1
772.547 -120.515 0 114.857 -370.173 9992.49 0 2212 991 1 0 1
-44.6905 100.217 0 -250.595 -197.461 9994.91 0 2212 992 1 0 1
313.663 -332.073 0 -50.7515 1123.42 9936.57 0 2212 993 1 0 1
893.259 47.4812 0 111.987 -478.294 9987.93 0 2212 994 1 0 1
-339.348 -182.188 0 173.125 307.468 9993.77 0 2212 995 1 0 1
275.543 -234.222 0 143.666 36.5516 9998.9 0 2212 996 1 0 1
-573.072 -112.267 0 -46.4356 -375.457 9992.84 0 2212 997 1 0 1
132.966 -10.9715 0 42.7538 -249.587 9996.79 0 2212 998 1 0 1
532.008 -99.368 0 -187.955 -172.241 9996.75 0 2212 999 1 0 1
-705.262 168.182 0 45.3627 -767.2 9970.42 0 2212 1000 1 0 1
-1140.67 286.642 0 -121.264 -1033.47 9945.71 0 2212 1001 1 0 1
317.247 84.9286 0 -15.1577 205.9 9997.87 0 2212 1002 1 0 1
653.248 -158.818 0 207.608 -1023.57 9945.31 0 2212 1003 1 0 1
563.599 -402.242 0 60.2576 199.221 9997.83 0 2212 1004 1 0 1
809.584 35.4602 0 139.249 -21.1795 9999.01 0 2212 1005 1 0 1
206.702 392.931 0 19.8849 53.3637 9999.84 0 2212 1006 1 0 1
1375.71 39.3481 0 25.7678 -149.041 9998.86 0 2212 1007 1 0 1
-1083.7 669.33 0 -23.4632 -237.94 9997.14 0 2212 1008 1 0 1
-162.569 29.6347 0 35.0742 -661.282 9978.05 0 2212 1009 1 0 1
25.106 128.574 0 106.971 483.42 9987.74 0 2212 1010 1 0 1
233.909 -129.719 0 -23.4717 -621.99 9980.61 0 2212 1011 1 0 1
103.954 -41.6034 0 -325.352 -258.716 9991.36 0 2212 1012 1 0 1
64.1529 289.507 0 74.971 319.959 9994.6 0 2212 1013 1 0 1
84.6677 -87.5214 0 238.336 -146.83 9996.08 0 2212 1014 1 0 1
454.359 187.982 0 -76.9262 357.762 9993.3 0 2212 1015 1 0 1
-846.948 -93.4088 0 -140.453 315.623 9994.03 0 2212 1016 1 0 1
-496.432 -489.132 0 95.5098 -308.196 9994.79 0 2212 1017 1 0 1
-54.7564 -199.629 0 62.4277 -130.919 9998.95 0 2212 1018 1 0 1
203.304 -468.478 0 16.0644 -317.577 9994.94 0 2212 1019 1 0 1
903.926 -231.854 0 -261.172 -115.336 9995.92 0 2212 1020 1 0 1
25.2314 48.9632 0 -476.86 748.337 9960.55 0 2212 1021 1 0 1
243.359 -321.062 0 82.3121 319.243 9994.56 0 2212 1022 1 0 1
-161.537 487.155 0 116.554 21.6706 9999.3 0 2212 1023 1 0 1
-280.073 414.888 0 -149.519 -344.507 9992.95 0 2212 1024 1 0 1
-503.729 56.9316 0 40.9029 172.258 9998.43 0 2212 1025 1 0 1
-162.121 -124.772 0 -107.85 283.698 9995.39 0 2212 1026 1 0 1
-1673.26 354.868 0 64.5736 -122.113 9999.05 0 2212 1027 1 0 1
-161.236 126.084 0 50.976 272.492 9996.16 0 2212 1028 1 0 1
-1095.38 290.177 0 -389.592 348.803 9986.32 0 2212 1029 1 0 1
256.386 -152.6 0 -104.385 -821.675 9965.64 0 2212 1030 1 0 1
82.3421 25.5484 0 203.211 -190.772 9996.11 0 2212 1031 1 0 1
298.414 133.52 0 -312.945 -345.94 9989.11 0 2212 1032 1 0 1
491.153 281.828 0 -34.788 -486.218 9988.11 0 2212 1033 1 0 1
-196.84 346.681 0 175.536 -439.892 9988.78 0 2212 1034 1 0 1
-119.864 482.184 0 65.1793 -337.187 9994.1 0 2212 1035 1 0 1
-88.517 38.7225 0 98.2784 -116.573 9998.84 0 2212 1036 1 0 1
-11.2433 -61.0019 0 85.7365 584.636 9982.53 0 2212 1037 1 0 1
-212.781 119.332 0 154.781 262.78 9995.35 0 2212 1038 1 0 1
-10.9837 160.831 0 -89.8762 -53.4768 9999.45 0 2212 1039 1 0 1
-797.999 -221.43 0 271.224 137.627 9995.37 0 2212 1040 1 0 1
153.248 -300.667 0 -407.636 -224.593 9989.16 0 2212 1041 1 0 1
-808.847 228.74 0 40.2655 302.212 9995.35 0 2212 1042 1 0 1
402.83 228.131 0 63.2861 -480.477 9988.25 0 2212 1043 1 0 1
189.041 -19.3743 0 105.045 767.566 9969.95 0 2212 1044 1 0 1
743.405 -49.8487 0 26.3403 545.244 9985.09 0 2212 1045 1 0 1
73.4752 24.3695 0 -1.93484 -6.37743 10000 0 2212 1046 1 0 1
792.347 -144.318 0 -464.44 -297.574 9984.78 0 2212 1047 1 0 1
-212.099 -197.511 0 125.439 -101.84 9998.69 0 2212 1048 1 0 1
1104.68 -132.512 0 -189.419 -24.8105 9998.18 0 2212 1049 1 0 1
616.698 -358.628 0 -181.373 -159.362 9997.08 0 2212 1050 1 0 1
769.926 40.3437 0 231.368 208.835 9995.14 0 2212 1051 1 0 1
1002.95 -331.754 0 -9.23519 -153.866 9998.81 0 2212 1052 1 0 1
1160.25 -221.475 0 -147.32 235.283 9996.15 0 2212 1053 1 0 1
-794.812 -289.6 0 -209.527 210.481 9995.59 0 2212 1054 1 0 1
382.033 -450.655 0 106.923 -291.491 9995.18 0 2212 1055 1 0 1
638.083 -62.8401 0 59.3434 191.031 9998 0 2212 1056 1 0 1
30.3014 -293.555 0 250.472 -119.664 9996.15 0 2212 1057 1 0 1
-325.265 689.135 0 -389.868 309.188 9987.61 0 2212 1058 1 0 1
-317.935 -563.999 0 132.711 -17.2881 9999.1 0 2212 1059 1 0 1
132.259 -549.547 0 -76.2934 -810.76 9966.79 0 2212 1060 1 0 1
-185.199 -72.1167 0 -123.629 -459.576 9988.67 0 2212 1061 1 0 1
1183.48 -244.625 0 -122.218 492.335 9987.13 0 2212 1062 1 0 1
-878.805 -35.7786 0 97.0731 -352.086 9993.33 0 2212 1063 1 0 1
-95.4047 193.713 0 150.962 -183.259 9997.18 0 2212 1064 1 0 1
368.127 -116.427 0 4.38014 5.5177 10000 0 2212 1065 1 0 1
135.729 -170.205 0 0.163257 211.473 9997.76 0 2212 1066 1 0 1
-234.059 129.783 0 -56.6036 -587.278 9982.58 0 2212 1067 1 0 1
-27.1998 83.745 0 11.311 501.92 9987.39 0 2212 1068 1 0 1
-598.849 -273.695 0 -112.263 551.102 9984.17 0 2212 1069 1 0 1
-714.515 550.336 0 124.36 315.77 9994.24 0 2212 1070 1 0 1
-411.423 11.6591 0 -94.9853 -1052.31 9944.02 0 2212 1071 1 0 1
98.1848 156.478 0 -18.2738 849.183 9963.86 0 2212 1072 1 0 1
236.2 -24.3318 0 215.459 -272.067 9993.98 0 2212 1073 1 0 1
591.926 180.968 0 43.6219 308.346 9995.15 0 2212 1074 1 0 1
-848.397 70.1789 0 257.515 196.528 9994.75 0 2212 1075 1 0 1
633.724 -83.8319 0 -84.4422 391.413 9991.98 0 2212 1076 1 0 1
-229.283 -91.4718 0 57.4718 522.258 9986.19 0 2212 1077 1 0 1
1248.02 137.904 0 62.6386 103.292 9999.27 0 2212 1078 1 0 1
-257.413 8.18349 0 126.483 294.602 9994.86 0 2212 1079 1 0 1
0.530469 -189.203 0 201.623 660.23 9976.14 0 2212 1080 1 0 1
-443.024 290.378 0 9.10888 157.21 9998.76 0 2212 1081 1 0 1
-190.418 443.499 0 140.534 -334.31 9993.42 0 2212 1082 1 0 1
-464.214 -102.327 0 25.2899 592.787 9982.38 0 2212 1083 1 0 1
-100.188 157.654 0 -82.3994 120.678 9998.93 0 2212 1084 1 0 1
321.582 417.121 0 204.943 -705.429 9972.98 0 2212 1085 1 0 1
-462.686 32.6837 0 -64.7878 -26.6196 9999.75 0 2212 1086 1 0 1
-77.3745 34.0545 0 231.706 228.832 9994.7 0 2212 1087 1 0 1
-61.808 170.553 0 80.6378 96.3297 9999.21 0 2212 1088 1 0 1
203.31 -47.3921 0 101.762 -157.46 9998.24 0 2212 1089 1 0 1
496.982 119.412 0 38.4743 148.753 9998.82 0 2212 1090 1 0 1
-80.0676 -114.911 0 231.474 -383.425 9989.97 0 2212 1091 1 0 1
1127.22 366.643 0 -197.179 795.48 9966.36 0 2212 1092 1 0 1
434.552 -61.0362 0 -32.7273 175.624 9998.4 0 2212 1093 1 0 1
1359.89 258.946 0 -266.153 -241.366 9993.54 0 2212 1094 1 0 1
346.507 223.226 0 1.7741 -925.097 9957.12 0 2212 1095 1 0 1
-939.857 -98.5212 0 94.6234 -461.182 9988.91 0 2212 1096 1 0 1
49.0412 62.5572 0 -2.54766 -13.2217 9999.99 0 2212 1097 1 0 1
92.7742 -208.794 0 228.228 466.422 9986.51 0 2212 1098 1 0 1
207.108 -48.2693 0 -139.204 599.166 9981.06 0 2212 1099 1 0 1
206.261 252.143 0 -23.0345 -394.45 9992.19 0 2212 1100 1 0 1
175.633 241.132 0 -137.285 260.988 9995.65 0 2212 1101 1 0 1
222.84 110.464 0 -238.281 34.8515 9997.1 0 2212 1102 1 0 1
8.18032 -485.634 0 34.6272 -44.2331 9999.84 0 2212 1103 1 0 1
-235.708 -334.858 0 35.8247 -101.313 9999.42 0 2212 1104 1 0 1
543.512 -377.87 0 98.6888 -567.083 9983.42 0 2212 1105 1 0 1
342.776 100.605 0 340.324 -8.84554 9994.2 0 2212 1106 1 0 1
182.278 49.3707 0 203.732 313.273 9993.02 0 2212 1107 1 0 1
-64.1058 156.418 0 164.028 -106.094 9998.09 0 2212 1108 1 0 1
449.188 48.9583 0 8.91548 -276.505 9996.17 0 2212 1109 1 0 1
971.651 -260.447 0 -124.394 152.821 9998.06 0 2212 1110 1 0 1
285.212 421.172 0 123.419 168.558 9997.82 0 2212 1111 1 0 1
51.1005 366.705 0 -231.058 213.664 9995.05 0 2212 1112 1 0 1
749.804 192.231 0 0.235345 360.425 9993.5 0 2212 1113 1 0 1
377.493 185.661 0 67.6231 -415.196 9991.15 0 2212 1114 1 0 1
314.874 225.915 0 67.604 314.969 9994.81 0 2212 1115 1 0 1
680.083 276.321 0 99.7426 181.072 9997.86 0 2212 1116 1 0 1
271.681 -306.602 0 132.269 365.631 9992.44 0 2212 1117 1 0 1
-376.213 -388.125 0 -124.989 270.936 9995.55 0 2212 1118 1 0 1
404.57 1.37235 0 161.545 -201.122 9996.67 0 2212 1119 1 0 1
-55.5997 381.699 0 -193.763 -142.031 9997.11 0 2212 1120 1 0 1
-164.593 -486.429 0 81.5102 189.739 9997.87 0 2212 1121 1 0 1
497.816 -259.636 0 71.4333 57.222 9999.58 0 2212 1122 1 0 1
1044.91 -180.043 0 -14.1879 -324.883 9994.71 0 2212 1123 1 0 1
-62.95 152.493 0 305.269 -53.9851 9995.19 0 2212 1124 1 0 1
-202.497 -84.6903 0 -199.467 112.028 9997.38 0 2212 1125 1 0 1
47.6164 47.7935 0 -77.4233 -561.352 9983.93 0 2212 1126 1 0 1
303.947 213.452 0 -164.645 413.986 9990.07 0 2212 1127 1 0 1
44.3199 379.241 0 -337.904 699.689 9969.77 0 2212 1128 1 0 1
-128.266 100.722 0 -455.852 290.709 9985.37 0 2212 1129 1 0 1
-366.254 39.2546 0 102.9 -578.538 9982.72 0 2212 1130 1 0 1
265.415 -299.788 0 43.6638 108.528 9999.32 0 2212 1131 1 0 1
27.9627 -146.157 0 39.9778 -49.7713 9999.8 0 2212 1132 1 0 1
-1965.34 127.936 0 66.3545 -378.45 9992.62 0 2212 1133 1 0 1
189.582 -271.933 0 -180.744 786.044 9967.42 0 2212 1134 1 0 1
487.707 -201.538 0 -48.7765 -138.473 9998.92 0 2212 1135 1 0 1
-262.941 90.9827 0 -1.2134 -54.7849 9999.85 0 2212 1136 1 0 1
-854.131 -35.23 0 192.376 -610.713 9979.48 0 2212 1137 1 0 1
-32.8318 422.708 0 -279.714 23.3016 9996.06 0 2212 1138 1 0 1
-319.002 -284.306 0 30.3537 -142.867 9998.93 0 2212 1139 1 0 1
203.557 223.821 0 61.0204 -5.52809 9999.81 0 2212 1140 1 0 1
-143.361 307.748 0 -253.783 134.077 9995.88 0 2212 1141 1 0 1
-336.896 98.5989 0 -186.847 662.912 9976.25 0 2212 1142 1 0 1
175.291 -178.45 0 -13.2078 -325.008 9994.71 0 2212 1143 1 0 1
-560.174 124.93 0 47.2399 109.89 9999.28 0 2212 1144 1 0 1
151.355 161.933 0 166.793 609.093 9980.04 0 2212 1145 1 0 1
-430.433 -228.07 0 11.6715 -694.972 9975.81 0 2212 1146 1 0 1
368.026 -479.359 0 -67.4777 426.447 9990.68 0 2212 1147 1 0 1
151.341 -87.5498 0 221.686 134.077 9996.64 0 2212 1148 1 0 1
474.627 -57.1394 0 -88.4958 -236.28 9996.82 0 2212 1149 1 0 1
336.305 341.045 0 -205.395 -602.735 9979.71 0 2212 1150 1 0 1
-70.9263 -337.026 0 -299.288 154.609 9994.32 0 2212 1151 1 0 1
657.514 186.402 0 169.716 86.0849 9998.19 0 2212 1152 1 0 1
-705.584 -126.654 0 -54.3839 -625.412 9980.28 0 2212 1153 1 0 1
687.041 -152.191 0 -9.70657 431.796 9990.67 0 2212 1154 1 0 1
-1074.08 -158.558 0 -57.7068 -16.8866 9999.82 0 2212 1155 1 0 1
476.157 50.8904 0 -286.212 -627.944 9976.16 0 2212 1156 1 0 1
-482.27 -4.15273 0 -174.895 132.775 9997.59 0 2212 1157 1 0 1
-885.653 -97.4078 0 70.6945 357.669 9993.35 0 2212 1158 1 0 1
220.622 -438.79 0 73.4045 182.149 9998.07 0 2212 1159 1 0 1
-79.121 31.231 0 155.926 -411.143 9990.33 0 2212 1160 1 0 1
-525.79 -390.025 0 110.591 -209.897 9997.19 0 2212 1161 1 0 1
-521.852 -46.9169 0 -70.5165 -107.86 9999.17 0 2212 1162 1 0 1
-121.968 -169.526 0 -279.393 -149.706 9994.98 0 2212 1163 1 0 1
682.764 -181.241 0 -336.422 507.001 9981.47 0 2212 1164 1 0 1
-370.355 190.932 0 -3.14795 -361.558 9993.46 0 2212 1165 1 0 1
-297.926 345.396 0 28.4689 34.5442 9999.9 0 2212 1166 1 0 1
-312.643 344.898 0 -152.89 -394.119 9991.06 0 2212 1167 1 0 1
244.026 123.137 0 61.4562 588.781 9982.46 0 2212 1168 1 0 1
-617.763 128.401 0 237.073 -568.725 9981 0 2212 1169 1 0 1
-761.161 64.5107 0 19.5228 456.174 9989.57 0 2212 1170 1 0 1
-79.8068 -254.298 0 -94.8566 -325.798 9994.24 0 2212 1171 1 0 1
939.452 107.689 0 -69.0674 342.527 9993.89 0 2212 1172 1 0 1
436.858 126.87 0 -268.106 362.898 9989.82 0 2212 1173 1 0 1
1671.96 -396.756 0 218.135 -357.62 9991.22 0 2212 1174 1 0 1
203.184 212.217 0 354.658 514.66 9980.45 0 2212 1175 1 0 1
-24.8934 177.05 0 53.0342 -273.345 9996.12 0 2212 1176 1 0 1
857.141 820.673 0 -323.033 245.891 9991.76 0 2212 1177 1 0 1
1013.36 352.978 0 -64.6703 -599.347 9981.81 0 2212 1178 1 0 1
-556.94 135.04 0 -217.006 -34.844 9997.58 0 2212 1179 1 0 1
478.243 95.1184 0 76.5633 572.127 9983.33 0 2212 1180 1 0 1
-461.027 -62.6175 0 -148.529 200.151 9996.89 0 2212 1181 1 0 1
-528.285 -456.083 0 147.837 -432.832 9989.53 0 2212 1182 1 0 1
-1262.42 -198.807 0 258.989 -212.817 9994.38 0 2212 1183 1 0 1
1369.83 -129.871 0 -261.903 -1055.26 9940.72 0 2212 1184 1 0 1
-293.297 -85.1739 0 51.3095 -3.11187 9999.87 0 2212 1185 1 0 1
-115.774 179.836 0 22.0347 -96.112 9999.51 0 2212 1186 1 0 1
-419.654 846.844 0 134.803 219.408 9996.68 0 2212 1187 1 0 1
-348.236 23.167 0 190.46 488.401 9986.25 0 2212 1188 1 0 1
572.488 177.577 0 -62.6482 352.964 9993.57 0 2212 1189 1 0 1
495.153 358.036 0 0.578193 -11.2566 9999.99 0 2212 1190 1 0 1
-169.393 1.6539 0 57.0066 900.851 9959.18 0 2212 1191 1 0 1
-29.6455 -84.6291 0 -24.17 -239.939 9997.09 0 2212 1192 1 0 1
562.485 129.483 0 -251.476 259.956 9993.46 0 2212 1193 1 0 1
-457.526 94.796 0 311.562 40.8481 9995.06 0 2212 1194 1 0 1
232.903 337.033 0 171.287 -119.618 9997.82 0 2212 1195 1 0 1
169.28 45.1714 0 86.6694 217.989 9997.25 0 2212 1196 1 0 1
65.6808 180.319 0 -324 267.433 9991.17 0 2212 1197 1 0 1
-353.325 -91.1035 0 267.216 317.764 9991.38 0 2212 1198 1 0 1
5.19897 10.7279 0 26.9818 565.216 9983.98 0 2212 1199 1 0 1
73.0824 167.019 0 -109.432 -52.3619 9999.26 0 2212 1200 1 0 1
-380.155 -43.2643 0 31.371 -653.074 9978.6 0 2212 1201 1 0 1
575.433 -53.4888 0 292.729 123.241 9994.95 0 2212 1202 1 0 1
569.466 34.2227 0 -60.2717 237.215 9997 0 2212 1203 1 0 1
-713.717 -531.744 0 38.071 98.413 9999.44 0 2212 1204 1 0 1
-563.619 -8.35624 0 -257.807 -1071.63 9939.07 0 2212 1205 1 0 1
169.387 -334.056 0 -6.7666 -169.119 9998.57 0 2212 1206 1 0 1
916.984 26.7026 0 -417.241 270.344 9987.63 0 2212 1207 1 0 1
-75.1769 6.00434 0 -243.462 432.458 9987.68 0 2212 1208 1 0 1
-128.307 66.9342 0 58.8473 531.593 9985.69 0 2212 1209 1 0 1
-180.743 -55.8917 0 74.4689 -56.2718 9999.56 0 2212 1210 1 0 1
-297.782 -237.916 0 -256.817 139.473 9995.73 0 2212 1211 1 0 1
-385.25 -46.8844 0 -68.5057 -3.57275 9999.76 0 2212 1212 1 0 1
-712.903 203.661 0 15.6778 292.386 9995.71 0 2212 1213 1 0 1
-77.8313 144.357 0 -262.454 -19.3059 9996.54 0 2212 1214 1 0 1
256.531 146.666 0 247.951 -310.361 9992.11 0 2212 1215 1 0 1
617.618 -101.686 0 148.806 776.569 9968.69 0 2212 1216 1 0 1
213.964 -24.7072 0 -188.618 -97.2052 9997.75 0 2212 1217 1 0 1
302.648 198.24 0 -239.798 -227.57 9994.53 0 2212 1218 1 0 1
-805.588 -161.933 0 -245.888 270.129 9993.33 0 2212 1219 1 0 1
47.3871 -104.075 0 27.0388 647.73 9978.96 0 2212 1220 1 0 1
-232.174 -142.289 0 -111.925 -654.628 9977.92 0 2212 1221 1 0 1
-485.714 -155.3 0 88.4171 -72.8811 9999.34 0 2212 1222 1 0 1
736.813 -18.5838 0 -27.7405 123.528 9999.2 0 2212 1223 1 0 1
827.535 -487.635 0 125.881 367.444 9992.45 0 2212 1224 1 0 1
82.9251 226.342 0 -327.596 -409.715 9986.23 0 2212 1225 1 0 1
-875.988 64.7209 0 16.7391 266.076 9996.45 0 2212 1226 1 0 1
-750.105 324.636 0 71.7591 1088.14 9940.36 0 2212 1227 1 0 1
563.835 8.72006 0 -186.967 -88.7069 9997.86 0 2212 1228 1 0 1
126.107 434.527 0 -231.631 -60.6806 9997.13 0 2212 1229 1 0 1
-1150.24 84.8088 0 133.604 341.256 9993.28 0 2212 1230 1 0 1
447.062 90.4429 0 207.823 -682.161 9974.54 0 2212 1231 1 0 1
585.224 -0.688881 0 181.792 278.995 9994.45 0 2212 1232 1 0 1
-948.661 646.365 0 -347.572 -363.192 9987.36 0 2212 1233 1 0 1
-99.1191 25.5365 0 -131.747 321.36 9993.97 0 2212 1234 1 0 1
-682.377 -348.845 0 -174.935 -429.797 9989.23 0 2212 1235 1 0 1
-296.556 -226.475 0 85.7593 135.522 9998.71 0 2212 1236 1 0 1
373.696 -95.6336 0 252.848 159.396 9995.53 0 2212 1237 1 0 1
-492.808 59.4042 0 293.159 -1150.57 9929.26 0 2212 1238 1 0 1
-208.201 232.914 0 176.46 -379.569 9991.24 0 2212 1239 1 0 1
-356.546 -249.635 0 85.7184 -592.261 9982.08 0 2212 1240 1 0 1
-187.871 328.697 0 229.948 -257.535 9994.04 0 2212 1241 1 0 1
146.501 284.805 0 -161.143 242.926 9995.75 0 2212 1242 1 0 1
183.503 477.724 0 -337.726 177.384 9992.72 0 2212 1243 1 0 1
44.186 21.6385 0 55.5389 -312.125 9994.97 0 2212 1244 1 0 1
-331.683 -125.008 0 -160.795 -753.83 9970.25 0 2212 1245 1 0 1
796.294 -67.5903 0 48.342 7.5953 9999.88 0 2212 1246 1 0 1
52.035 -291.374 0 323.806 -745.214 9966.94 0 2212 1247 1 0 1
460.961 24.8175 0 137.746 -607.429 9980.58 0 2212 1248 1 0 1
13.9203 181.589 0 -62.1661 -427.696 9990.66 0 2212 1249 1 0 1
643.193 -1.26401 0 160.248 -154.289 9997.53 0 2212 1250 1 0 1
-570.061 256.533 0 36.3169 198.676 9997.96 0 2212 1251 1 0 1
-1332.28 18.3739 0 119.668 -427.566 9990.14 0 2212 1252 1 0 1
-461.989 220.531 0 3.30421 249.661 9996.88 0 2212 1253 1 0 1
370.577 95.067 0 -302.997 -314.956 9990.45 0 2212 1254 1 0 1
301.772 -96.7975 0 242.841 -337.544 9991.35 0 2212 1255 1 0 1
-651.302 -170.924 0 -9.53838 -212.165 9997.74 0 2212 1256 1 0 1
422.732 76.522 0 10.4717 -78.5871 9999.69 0 2212 1257 1 0 1
-453.741 357.553 0 248.905 217.116 9994.54 0 2212 1258 1 0 1
328.045 6.53594 0 124.848 -50.3983 9999.09 0 2212 1259 1 0 1
339.978 -209.709 0 115.788 -138.617 9998.37 0 2212 1260 1 0 1
470.586 363.941 0 215.593 224.487 9995.16 0 2212 1261 1 0 1
-298.339 -35.1398 0 -145.872 387.068 9991.44 0 2212 1262 1 0 1
833.663 47.1709 0 21.5497 -670.507 9977.47 0 2212 1263 1 0 1
-193.589 -484.024 0 -85.5728 365.824 9992.94 0 2212 1264 1 0 1
-392.931 25.2056 0 8.53872 -246.904 9996.95 0 2212 1265 1 0 1
152.544 -73.8898 0 374.647 235.598 9990.2 0 2212 1266 1 0 1
298.039 -227.746 0 -48.3371 -221.106 9997.44 0 2212 1267 1 0 1
315.042 -119.654 0 108.835 -225.299 9996.87 0 2212 1268 1 0 1
579.318 227.244 0 43.8242 -682.335 9976.6 0 2212 1269 1 0 1
415.673 -122.457 0 -13.4395 -117.685 9999.3 0 2212 1270 1 0 1
-610.511 -250.936 0 2.39549 -756.922 9971.31 0 2212 1271 1 0 1
288.23 -425.302 0 150.122 -184.367 9997.17 0 2212 1272 1 0 1
-887.59 -304.921 0 161.173 -372.055 9991.78 0 2212 1273 1 0 1
-441.01 -257.146 0 172.058 -389.029 9990.95 0 2212 1274 1 0 1
130.327 471.05 0 114.696 40.6024 9999.26 0 2212 1275 1 0 1
414.992 118.547 0 282.806 -452.284 9985.76 0 2212 1276 1 0 1
-256.8 82.3271 0 -86.9411 -493.446 9987.44 0 2212 1277 1 0 1
-522.41 -240.911 0 -1.14038 2.33718 10000 0 2212 1278 1 0 1
-432.052 21.9607 0 -257.436 268.401 9993.08 0 2212 1279 1 0 1
-28.6481 -270.613 0 -91.0326 -1002.24 9949.23 0 2212 1280 1 0 1
-532.139 -482.555 0 -175.341 -404.57 9990.27 0 2212 1281 1 0 1
-758.785 -88.0295 0 -183.392 -298.311 9993.87 0 2212 1282 1 0 1
-928.115 33.4475 0 213.467 83.4945 9997.37 0 2212 1283 1 0 1
-337.206 38.4782 0 327.078 543.221 9979.88 0 2212 1284 1 0 1
573.363 5.10903 0 84.9005 -569.144 9983.43 0 2212 1285 1 0 1
-752.157 -211.124 0 -54.5392 247.069 9996.8 0 2212 1286 1 0 1
-983.695 203.716 0 181.819 296.157 9993.96 0 2212 1287 1 0 1
45.1241 219.445 0 -4.42371 -16.0716 9999.99 0 2212 1288 1 0 1
24.3346 331.484 0 359.87 205.391 9991.41 0 2212 1289 1 0 1
-378.052 136.38 0 -224.696 131.157 9996.61 0 2212 1290 1 0 1
-50.8122 -279.081 0 -135.639 -245.979 9996.05 0 2212 1291 1 0 1
-47.1639 439.033 0 -146.004 -314.579 9993.98 0 2212 1292 1 0 1
553.663 117.511 0 315.354 49.4038 9994.9 0 2212 1293 1 0 1
-658.676 378.036 0 -280.022 106.498 9995.51 0 2212 1294 1 0 1
744.387 -136.445 0 288.496 -98.4299 9995.35 0 2212 1295 1 0 1
-1115.75 -198.002 0 -229.835 43.3334 9997.26 0 2212 1296 1 0 1
335.246 -151.906 0 281.425 191.412 9994.21 0 2212 1297 1 0 1
-0.319556 259.565 0 115.797 -314.564 9994.38 0 2212 1298 1 0 1
115.904 137.087 0 191.026 -111.519 9997.55 0 2212 1299 1 0 1
-343.023 134.793 0 -123.834 192.188 9997.39 0 2212 1300 1 0 1
344.495 332.647 0 -122.063 221.809 9996.79 0 2212 1301 1 0 1
183.73 640.895 0 -235.17 -397.35 9989.33 0 2212 1302 1 0 1
-1051.19 35.1086 0 -166.377 37.1465 9998.55 0 2212 1303 1 0 1
82.2533 240.868 0 -80.528 -214.556 9997.37 0 2212 1304 1 0 1
271.91 5.15896 0 83.5078 145.414 9998.59 0 2212 1305 1 0 1
-417.661 -176.555 0 24.3041 164.794 9998.61 0 2212 1306 1 0 1
-457.778 43.1159 0 10.9964 163.181 9998.66 0 2212 1307 1 0 1
44.9844 137.978 0 -441.822 -32.9049 9990.18 0 2212 1308 1 0 1
716.371 -109.449 0 31.2773 -418.02 9991.21 0 2212 1309 1 0 1
-313.832 -604.15 0 207.802 800.337 9965.76 0 2212 1310 1 0 1
156.297 38.8436 0 218.551 639.426 9977.14 0 2212 1311 1 0 1
440.712 -26.7862 0 -99.7322 -49.1964 9999.38 0 2212 1312 1 0 1
85.9674 -383.487 0 -159.273 -236.271 9995.94 0 2212 1313 1 0 1
111.579 117.219 0 -0.729329 -786.896 9968.99 0 2212 1314 1 0 1
-96.8122 5.42444 0 -243.911 136.074 9996.1 0 2212 1315 1 0 1
1017.82 -80.3867 0 -358.553 63.9445 9993.37 0 2212 1316 1 0 1
-390.961 -29.5092 0 -48.0708 -11.1534 9999.88 0 2212 1317 1 0 1
-398.092 122.438 0 -391.52 -691.318 9968.39 0 2212 1318 1 0 1
-381.729 -77.8665 0 -27.8681 251.354 9996.8 0 2212 1319 1 0 1
41.1859 -136.274 0 7.32181 433.33 9990.6 0 2212 1320 1 0 1
708.092 127.142 0 -149.634 753.867 9970.42 0 2212 1321 1 0 1
-619.442 -102.228 0 308.275 911.232 9953.62 0 2212 1322 1 0 1
-75.4647 -105.4 0 78.6863 722.536 9973.55 0 2212 1323 1 0 1
-810.447 82.1778 0 129.137 121.36 9998.43 0 2212 1324 1 0 1
-69.9046 -124.388 0 -113.377 -13.8662 9999.35 0 2212 1325 1 0 1
-504.627 -60.0748 0 289.204 6.7561 9995.81 0 2212 1326 1 0 1
92.8753 93.0715 0 83.8727 758.263 9970.86 0 2212 1327 1 0 1
454.156 19.6189 0 -340.129 -641.962 9973.57 0 2212 1328 1 0 1
-404.822 -150.115 0 74.2222 -649.312 9978.62 0 2212 1329 1 0 1
642.683 -234.465 0 190.566 -76.4692 9997.89 0 2212 1330 1 0 1
159.922 -154.936 0 259.72 -296.064 9992.24 0 2212 1331 1 0 1
380.186 -518.147 0 339.554 -14.1034 9994.22 0 2212 1332 1 0 1
385.768 281.058 0 209.874 160.846 9996.5 0 2212 1333 1 0 1
-1110.31 129.388 0 -17.7596 -152.928 9998.81 0 2212 1334 1 0 1
51.8357 -608.553 0 -102.151 514.016 9986.26 0 2212 1335 1 0 1
205.589 -139.854 0 -109.024 -118.141 9998.71 0 2212 1336 1 0 1
-151.219 -83.2286 0 133.013 52.5527 9998.98 0 2212 1337 1 0 1
219.258 -249.318 0 -51.5349 -61.5192 9999.68 0 2212 1338 1 0 1
-310.247 -209.187 0 -42.4308 15.6809 9999.9 0 2212 1339 1 0 1
169.332 -141.969 0 179.33 213.644 9996.11 0 2212 1340 1 0 1
262.161 302.051 0 -40.306 154.334 9998.73 0 2212 1341 1 0 1
-868.477 23.5507 0 261.87 5.15435 9996.57 0 2212 1342 1 0 1
194.712 185.757 0 -158.069 138.317 9997.79 0 2212 1343 1 0 1
-353.009 172.55 0 -6.35921 -65.6944 9999.78 0 2212 1344 1 0 1
248.187 -66.3944 0 -238.204 -369.623 9990.33 0 2212 1345 1 0 1
440.891 57.0141 0 -43.0654 -99.5706 9999.41 0 2212 1346 1 0 1
-287.251 31.8435 0 -261.051 -5.20843 9996.59 0 2212 1347 1 0 1
908.809 -210.72 0 -114.645 39.7814 9999.26 0 2212 1348 1 0 1
719.393 189.937 0 49.1144 -568.629 9983.7 0 2212 1349 1 0 1
-341.299 474.04 0 5.73181 78.7677 9999.69 0 2212 1350 1 0 1
321.813 508.622 0 261.592 24.7381 9996.55 0 2212 1351 1 0 1
570.864 337.912 0 133.461 -327.041 9993.76 0 2212 1352 1 0 1
168.691 -58.6007 0 -149.226 -174.846 9997.36 0 2212 1353 1 0 1
-263.114 -241.134 0 -39.099 -486.198 9988.1 0 2212 1354 1 0 1
-803.103 -329.954 0 120.09 -188.208 9997.51 0 2212 1355 1 0 1
500.802 -416.062 0 -13.4439 287.003 9995.87 0 2212 1356 1 0 1
-381.329 -95.8907 0 87.8289 -216.078 9997.28 0 2212 1357 1 0 1
395.301 -126.033 0 -46.1162 228.533 9997.28 0 2212 1358 1 0 1
593.948 76.1928 0 217.377 531.222 9983.51 0 2212 1359 1 0 1
-305.031 241.91 0 -74.729 -374.049 9992.72 0 2212 1360 1 0 1
324.269 450.118 0 -102.842 -996.451 9949.7 0 2212 1361 1 0 1
1122.52 -99.1444 0 -172.216 -880.028 9959.71 0 2212 1362 1 0 1
-1067.07 146.709 0 -69.8237 -92.4263 9999.33 0 2212 1363 1 0 1
547.769 122.871 0 227.066 -247.595 9994.36 0 2212 1364 1 0 1
298.901 -448.842 0 170.083 531.958 9984.39 0 2212 1365 1 0 1
-12.6282 266.854 0 204.522 -439.706 9988.23 0 2212 1366 1 0 1
494.405 195.373 0 14.112 -42.4079 9999.9 0 2212 1367 1 0 1
-572.933 2.61573 0 -161.042 366.905 9991.97 0 2212 1368 1 0 1
959.809 396.844 0 227.056 401.969 9989.34 0 2212 1369 1 0 1
292.116 19.7137 0 -42.7345 -212.498 9997.65 0 2212 1370 1 0 1
912.328 -102.959 0 98.147 950.42 9954.25 0 2212 1371 1 0 1
-535.235 233.396 0 -119.189 123.912 9998.52 0 2212 1372 1 0 1
-662.03 66.2286 0 206.995 -186.929 9996.11 0 2212 1373 1 0 1
-480.228 433.455 0 259.535 -288.102 9992.48 0 2212 1374 1 0 1
-758.212 88.6406 0 192.977 -473.715 9986.91 0 2212 1375 1 0 1
17.0357 -169.649 0 -146.644 168.994 9997.5 0 2212 1376 1 0 1
-460.888 -87.0593 0 98.9895 -400.026 9991.51 0 2212 1377 1 0 1
-434.05 99.8406 0 -107.801 -456.692 9988.98 0 2212 1378 1 0 1
-545.884 -179.151 0 10.6793 545.761 9985.09 0 2212 1379 1 0 1
-21.6457 432.256 0 131.53 -115.318 9998.47 0 2212 1380 1 0 1
497.643 -59.8953 0 62.6444 -426.82 9990.69 0 2212 1381 1 0 1
-775.836 -315.469 0 120.452 559.593 9983.6 0 2212 1382 1 0 1
179.252 388.621 0 3.97577 -1028.61 9946.96 0 2212 1383 1 0 1
-4.68075 -220.34 0 30.804 -184.548 9998.25 0 2212 1384 1 0 1
182.021 -195.423 0 -133.636 454.632 9988.77 0 2212 1385 1 0 1
-462.78 89.5938 0 -124.954 -779.306 9968.8 0 2212 1386 1 0 1
-572.003 -44.2041 0 53.7756 72.4875 9999.59 0 2212 1387 1 0 1
398.919 249.38 0 50.463 -391.293 9992.21 0 2212 1388 1 0 1
132.087 39.864 0 -260.984 305.189 9991.93 0 2212 1389 1 0 1
576.462 124.763 0 166.821 157.238 9997.37 0 2212 1390 1 0 1
813.21 -414.807 0 -46.4312 -455.939 9989.49 0 2212 1391 1 0 1
-17.2716 558.635 0 81.196 -228.595 9997.06 0 2212 1392 1 0 1
-155.297 307.871 0 -36.4487 -708.631 9974.79 0 2212 1393 1 0 1
-843.35 307.871 0 -206.136 230.573 9995.22 0 2212 1394 1 0 1
-342.37 496.228 0 97.0465 -652.168 9978.24 0 2212 1395 1 0 1
-411.183 141.159 0 123.591 -36.3122 9999.17 0 2212 1396 1 0 1
700.722 -25.7019 0 151.181 229.239 9996.23 0 2212 1397 1 0 1
187.049 327.842 0 242.23 28.1804 9997.03 0 2212 1398 1 0 1
-224.398 -216.138 0 -76.0441 -706.287 9974.74 0 2212 1399 1 0 1
330.358 71.5226 0 210.329 416.449 9989.11 0 2212 1400 1 0 1
-216.594 428.818 0 66.9033 736.426 9972.62 0 2212 1401 1 0 1
-76.1849 15.0997 0 145.93 20.314 9998.91 0 2212 1402 1 0 1
-264.651 -105.688 0 -110.299 -504.129 9986.68 0 2212 1403 1 0 1
51.2253 8.8295 0 155.458 -516.365 9985.45 0 2212 1404 1 0 1
579.062 -457.292 0 25.8115 -337.202 9994.28 0 2212 1405 1 0 1
-226.151 -130.589 0 -225.64 -164.518 9996.1 0 2212 1406 1 0 1
196.585 -486.011 0 -31.6522 -2.37427 9999.95 0 2212 1407 1 0 1
-1086.99 -208.165 0 -17.3886 297.763 9995.55 0 2212 1408 1 0 1
-351.533 315.587 0 159.015 32.6148 9998.68 0 2212 1409 1 0 1
407.736 -152.905 0 161.182 189.516 9996.9 0 2212 1410 1 0 1
-797.484 243.544 0 212.121 86.868 9997.37 0 2212 1411 1 0 1
-67.8267 457.285 0 -17.419 83.323 9999.64 0 2212 1412 1 0 1
-592.106 -52.0243 0 -144.572 201.523 9996.92 0 2212 1413 1 0 1
899.844 -202.128 0 -14.025 -93.33 9999.55 0 2212 1414 1 0 1
492.747 381.641 0 -8.08144 8.56062 9999.99 0 2212 1415 1 0 1
160.717 -67.7982 0 98.4518 139.86 9998.54 0 2212 1416 1 0 1
326.543 215.393 0 -244.758 -268.25 9993.4 0 2212 1417 1 0 1
229.99 31.3571 0 -138.406 487.7 9987.14 0 2212 1418 1 0 1
604.637 281.166 0 -50.469 -381.671 9992.59 0 2212 1419 1 0 1
-120.006 194.18 0 127.992 39.8873 9999.1 0 2212 1420 1 0 1
451.927 -298.227 0 -95.4677 618.808 9980.38 0 2212 1421 1 0 1
1031.52 184.596 0 -27.3181 64.4112 9999.76 0 2212 1422 1 0 1
309.999 279.204 0 115.968 248.691 9996.23 0 2212 1423 1 0 1
-361.176 -26.8101 0 -142.003 -31.4563 9998.94 0 2212 1424 1 0 1
162.91 -225.773 0 -205.617 482.361 9986.24 0 2212 1425 1 0 1
-128.73 169.488 0 100.982 -888.582 9959.93 0 2212 1426 1 0 1
104.513 -262.67 0 42.172 -24.5692 9999.88 0 2212 1427 1 0 1
-1031.45 248.07 0 -87.3206 -498.947 9987.16 0 2212 1428 1 0 1
916.166 161.034 0 68.3724 -78.9814 9999.45 0 2212 1429 1 0 1
1192.12 120.853 0 -324.509 -152.785 9993.57 0 2212 1430 1 0 1
-363.183 -38.4537 0 387.279 -157.859 9991.25 0 2212 1431 1 0 1
100.392 -243.9 0 -456.231 531.483 9975.44 0 2212 1432 1 0 1
788.468 -236.886 0 -9.83995 188.503 9998.22 0 2212 1433 1 0 1
-371.564 455.729 0 319.575 -273.475 9991.15 0 2212 1434 1 0 1
-373.499 -257.691 0 192.276 362.92 9991.56 0 2212 1435 1 0 1
507.212 -409.028 0 -35.2836 -34.7717 9999.88 0 2212 1436 1 0 1
238.107 -42.3779 0 123.807 -4.16166 9999.23 0 2212 1437 1 0 1
472.36 -181.672 0 -227.948 298.111 9992.96 0 2212 1438 1 0 1
-285.017 -411.455 0 -137.692 -272.853 9995.33 0 2212 1439 1 0 1
1179.02 165.528 0 149.172 612.541 9980.11 0 2212 1440 1 0 1
-723.79 -347.071 0 52.443 -231.618 9997.18 0 2212 1441 1 0 1
40.7077 280.589 0 -279.841 251.816 9992.91 0 2212 1442 1 0 1
-1428.74 -52.9497 0 -183.087 20.213 9998.3 0 2212 1443 1 0 1
-945.64 -197.887 0 103.817 443.966 9989.6 0 2212 1444 1 0 1
-47.649 299.751 0 188.282 89.5343 9997.83 0 2212 1445 1 0 1
377.16 -141.619 0 -69.7066 357.286 9993.37 0 2212 1446 1 0 1
692.607 -203.119 0 -6.86532 -599.273 9982.03 0 2212 1447 1 0 1
133.413 -265.409 0 77.8045 -450.303 9989.55 0 2212 1448 1 0 1
-306.367 -68.1386 0 -4.73728 -443.716 9990.15 0 2212 1449 1 0 1
-246.885 7.44528 0 -42.2204 115.684 9999.24 0 2212 1450 1 0 1
-719.936 75.156 0 -201.541 -279.664 9994.06 0 2212 1451 1 0 1
-111.99 -37.8752 0 45.0993 -435.751 9990.4 0 2212 1452 1 0 1
-1355.95 103.121 0 -105.461 71.7854 9999.19 0 2212 1453 1 0 1
-1061.26 -450.584 0 -16.5457 -298.236 9995.54 0 2212 1454 1 0 1
161.009 570.131 0 27.017 -171.984 9998.48 0 2212 1455 1 0 1
-175.669 58.4358 0 -163.316 -72.7087 9998.4 0 2212 1456 1 0 1
17.1001 -147.235 0 -272.158 -196.706 9994.36 0 2212 1457 1 0 1
37.298 9.40685 0 46.2442 385.5 9992.46 0 2212 1458 1 0 1
286.01 -75.8445 0 44.3726 3.54535 9999.9 0 2212 1459 1 0 1
-172.382 450.57 0 -309.589 182.76 9993.54 0 2212 1460 1 0 1
726.932 225.157 0 238.757 -352.717 9990.93 0 2212 1461 1 0 1
-266.775 -353.451 0 91.9672 -499.809 9987.08 0 2212 1462 1 0 1
66.2374 -193.459 0 23.3762 267.332 9996.4 0 2212 1463 1 0 1
-808.687 383.825 0 136.34 73.3925 9998.8 0 2212 1464 1 0 1
540.766 -50.2044 0 -172.124 -412.543 9990 0 2212 1465 1 0 1
1059.25 64.2174 0 118.058 244.219 9996.32 0 2212 1466 1 0 1
474.911 -314.732 0 44.3046 -657.31 9978.28 0 2212 1467 1 0 1
608.515 1.40134 0 -132.054 -153.819 9997.94 0 2212 1468 1 0 1
-274.617 50.7675 0 -19.5426 728.366 9973.42 0 2212 1469 1 0 1
-578.059 -53.1447 0 359.713 29.6813 9993.48 0 2212 1470 1 0 1
246.992 -266.045 0 -263.91 -46.0474 9996.41 0 2212 1471 1 0 1
-479.376 159.419 0 42.4253 190.163 9998.1 0 2212 1472 1 0 1
-1854.87 218.614 0 -136.671 380.065 9991.84 0 2212 1473 1 0 1
100.197 -520.02 0 -36.5104 -273.38 9996.2 0 2212 1474 1 0 1
667.817 -349.429 0 126.687 -160.826 9997.9 0 2212 1475 1 0 1
-520.45 -298.06 0 -126.043 32.799 9999.15 0 2212 1476 1 0 1
408.84 179.186 0 -147.183 -701.563 9974.27 0 2212 1477 1 0 1
-591.01 8.99577 0 -185.794 -107.702 9997.69 0 2212 1478 1 0 1
-1105.26 168.677 0 125.767 -49.2214 9999.09 0 2212 1479 1 0 1
-78.9038 -19.9807 0 247.878 -208.989 9994.74 0 2212 1480 1 0 1
-171.406 -81.7246 0 -102.779 -2.50593 9999.47 0 2212 1481 1 0 1
-303.521 97.2203 0 -190.856 576.401 9981.55 0 2212 1482 1 0 1
-774.727 -248.267 0 -117.146 -110.234 9998.71 0 2212 1483 1 0 1
386.817 -0.383961 0 39.3262 -240.993 9997.02 0 2212 1484 1 0 1
-474.063 -69.0967 0 83.3323 190.843 9997.83 0 2212 1485 1 0 1
-259.586 62.7935 0 -117.691 467.214 9988.39 0 2212 1486 1 0 1
196.309 159.295 0 -116.94 -487.703 9987.42 0 2212 1487 1 0 1
22.0325 0.2562 0 -117.924 -56.9332 9999.14 0 2212 1488 1 0 1
541.287 113.209 0 136.609 -183.401 9997.38 0 2212 1489 1 0 1
-177.683 -365.642 0 -405.37 82.7465 9991.44 0 2212 1490 1 0 1
147.521 -56.4954 0 197.07 -773.95 9968.06 0 2212 1491 1 0 1
240.644 220.65 0 50.9614 156.29 9998.65 0 2212 1492 1 0 1
-7.71878 -124.282 0 58.8621 247.392 9996.77 0 2212 1493 1 0 1
-654.576 -214.471 0 161.431 15.0515 9998.69 0 2212 1494 1 0 1
-422.88 349.4 0 -13.0635 69.4297 9999.75 0 2212 1495 1 0 1
-105.098 48.4488 0 164.231 193.936 9996.77 0 2212 1496 1 0 1
461.861 -58.2233 0 44.8515 15.9618 9999.89 0 2212 1497 1 0 1
-206.713 451.1 0 153.822 -41.0351 9998.73 0 2212 1498 1 0 1
-87.1506 39.9555 0 -117.985 313.459 9994.39 0 2212 1499 1 0 1
309.762 -256.157 0 125.271 -115.138 9998.55 0 2212 1500 1 0 1
-96.9018 249.358 0 -149.964 177.222 9997.3 0 2212 1501 1 0 1
-790.2 -405.014 0 -137.915 -476.316 9987.7 0 2212 1502 1 0 1
404.52 213.522 0 1.83267 -281.791 9996.03 0 2212 1503 1 0 1
-278.139 265.172 0 -356.261 -125.625 9992.86 0 2212 1504 1 0 1
-446.108 -41.4412 0 94.2258 -614.168 9980.68 0 2212 1505 1 0 1
857.749 -379.73 0 -54.8143 414.596 9991.25 0 2212 1506 1 0 1
-760.959 255.02 0 -33.3763 977.573 9952.05 0 2212 1507 1 0 1
-960.606 -372.276 0 -29.7878 9.57465 9999.95 0 2212 1508 1 0 1
347.514 156.872 0 -125.315 -266.472 9995.66 0 2212 1509 1 0 1
-427.456 189.435 0 -175.715 319.692 9993.34 0 2212 1510 1 0 1
-436.244 37.4347 0 -43.4006 -139.218 9998.94 0 2212 1511 1 0 1
391.429 -315.891 0 -354.254 -140.792 9992.73 0 2212 1512 1 0 1
-75.1706 165.494 0 32.6648 357.279 9993.56 0 2212 1513 1 0 1
-786.386 -39.2447 0 -77.6159 -118.486 9999 0 2212 1514 1 0 1
-539.552 31.0587 0 260.828 -766.595 9967.16 0 2212 1515 1 0 1
764.142 454.228 0 162.472 245.082 9995.68 0 2212 1516 1 0 1
62.9308 -192.319 0 -99.3304 483.459 9987.81 0 2212 1517 1 0 1
-585.124 -213.349 0 -291.238 44.279 9995.66 0 2212 1518 1 0 1
-482.212 48.035 0 58.007 489.287 9987.85 0 2212 1519 1 0 1
-331.735 86.0932 0 152.755 340.485 9993.03 0 2212 1520 1 0 1
500.207 -292.131 0 279.425 -577.492 9979.4 0 2212 1521 1 0 1
642.596 110.836 0 -39.7727 133.586 9999.03 0 2212 1522 1 0 1
-1306.47 68.8854 0 -1.56471 -66.8728 9999.78 0 2212 1523 1 0 1
618.331 -12.4319 0 -32.1611 414.684 9991.35 0 2212 1524 1 0 1
22.1174 -863.561 0 145.693 -309.789 9994.14 0 2212 1525 1 0 1
-309.148 362.057 0 77.9311 14.2887 9999.69 0 2212 1526 1 0 1
-464.022 -18.4039 0 52.8196 -63.104 9999.66 0 2212 1527 1 0 1
-399.965 -169.676 0 9.31202 231.551 9997.31 0 2212 1528 1 0 1
-348.561 135.169 0 -93.6798 172.65 9998.07 0 2212 1529 1 0 1
501.323 195.595 0 -134.278 -203.973 9997.02 0 2212 1530 1 0 1
182.221 100.906 0 100.721 -445.349 9989.57 0 2212 1531 1 0 1
23.878 652.152 0 191.306 -516.064 9984.84 0 2212 1532 1 0 1
-681.537 -116.45 0 -4.07188 267.327 9996.43 0 2212 1533 1 0 1
-525.675 144.477 0 44.773 3.10791 9999.9 0 2212 1534 1 0 1
-42.1608 205.079 0 -46.6649 -143.441 9998.86 0 2212 1535 1 0 1
-89.6755 172.368 0 -127.912 -190.914 9997.36 0 2212 1536 1 0 1
-542.887 50.3553 0 -8.42374 375.105 9992.96 0 2212 1537 1 0 1
-12.2137 477.071 0 -231.616 454.345 9986.99 0 2212 1538 1 0 1
757.812 -173.936 0 107.866 206.032 9997.3 0 2212 1539 1 0 1
29.5548 -152.582 0 -26.2839 481.541 9988.36 0 2212 1540 1 0 1
-1102.66 258.151 0 -134.72 -13.9219 9999.08 0 2212 1541 1 0 1
-280.061 170.101 0 -40.7477 189.402 9998.12 0 2212 1542 1 0 1
621.913 -361.934 0 121.502 257.389 9995.95 0 2212 1543 1 0 1
1037.47 169.528 0 -15.2097 458.578 9989.47 0 2212 1544 1 0 1
-362.954 121.16 0 57.5527 261.116 9996.42 0 2212 1545 1 0 1
58.3186 412.154 0 -78.4177 709.225 9974.51 0 2212 1546 1 0 1
159.749 266.667 0 -278.373 430.364 9986.86 0 2212 1547 1 0 1
-97.4725 50.2164 0 -16.9753 -182.13 9998.33 0 2212 1548 1 0 1
-623.752 47.2899 0 59.8615 281.48 9995.86 0 2212 1549 1 0 1
-297.644 -186.711 0 -17.7094 -134.872 9999.07 0 2212 1550 1 0 1
251.327 92.0652 0 -23.9363 799.383 9967.97 0 2212 1551 1 0 1
-152.571 -575.163 0 28.4576 -600.634 9981.91 0 2212 1552 1 0 1
29.6959 -590.882 0 -7.32973 -289.836 9995.8 0 2212 1553 1 0 1
676.124 -182.455 0 96.7263 44.3874 9999.43 0 2212 1554 1 0 1
164.618 179.019 0 -48.0512 415.307 9991.26 0 2212 1555 1 0 1
-263.633 -303.685 0 46.277 -26.068 9999.86 0 2212 1556 1 0 1
302.628 -109.422 0 -90.7962 841.173 9964.14 0 2212 1557 1 0 1
-777.94 280.358 0 145.188 -728.683 9972.36 0 2212 1558 1 0 1
-542.075 -96.7899 0 117.875 -6.37379 9999.3 0 2212 1559 1 0 1
921.471 337.422 0 -152.827 -416.912 9990.14 0 2212 1560 1 0 1
-154.514 -200.9 0 119.245 -164.319 9997.94 0 2212 1561 1 0 1
-156.722 -62.5714 0 5.73248 93.0632 9999.57 0 2212 1562 1 0 1
248.957 340.349 0 -327.893 257.378 9991.31 0 2212 1563 1 0 1
-142.312 -365.517 0 -21.3252 -154.309 9998.79 0 2212 1564 1 0 1
163.869 -230.679 0 83.2908 271.879 9995.96 0 2212 1565 1 0 1
346.946 51.268 0 142.931 -66.2573 9998.76 0 2212 1566 1 0 1
-210.246 65.6236 0 15.4147 -925.946 9957.03 0 2212 1567 1 0 1
906.001 4.13032 0 -244.665 -100.677 9996.5 0 2212 1568 1 0 1
-381.225 -255.926 0 162.58 315.693 9993.69 0 2212 1569 1 0 1
544.171 -113.932 0 23.3975 -40.2686 9999.89 0 2212 1570 1 0 1
-1184.65 -11.7819 0 -223.59 154.316 9996.31 0 2212 1571 1 0 1
339.929 -83.5793 0 98.2336 -420.484 9990.67 0 2212 1572 1 0 1
451.42 -102.062 0 191.755 -306.859 9993.45 0 2212 1573 1 0 1
-301.252 -76.4214 0 -0.0533008 -141.278 9999 0 2212 1574 1 0 1
333.284 113.14 0 7.43633 52.3022 9999.86 0 2212 1575 1 0 1
-34.4153 71.1815 0 -204.604 70.07 9997.66 0 2212 1576 1 0 1
-249.591 337.944 0 -44.4664 -84.7388 9999.54 0 2212 1577 1 0 1
-547.149 46.8594 0 135.537 204.593 9996.99 0 2212 1578 1 0 1
-28.6713 183.709 0 -99.2662 -1007.49 9948.62 0 2212 1579 1 0 1
-224.516 126.735 0 -135.3 81.6222 9998.75 0 2212 1580 1 0 1
653.549 -231.586 0 -66.8414 40.068 9999.7 0 2212 1581 1 0 1
424.662 25.1321 0 -4.45689 164.605 9998.64 0 2212 1582 1 0 1
-258.201 146.341 0 99.7522 -76.8312 9999.21 0 2212 1583 1 0 1
153.865 -63.4349 0 205.464 178.657 9996.29 0 2212 1584 1 0 1
933.639 -590.216 0 149.105 785.583 9967.98 0 2212 1585 1 0 1
-67.2706 6.88041 0 195.381 -514.646 9984.84 0 2212 1586 1 0 1
-345.396 229.247 0 -69.4019 61.2118 9999.57 0 2212 1587 1 0 1
-175.343 -182.365 0 -76.6335 -938.539 9955.56 0 2212 1588 1 0 1
360.928 223.448 0 -94.9267 -1.20958 9999.55 0 2212 1589 1 0 1
-553.557 -440.716 0 32.2731 -330.021 9994.5 0 2212 1590 1 0 1
220.992 -385.692 0 -289.312 886.156 9956.46 0 2212 1591 1 0 1
-604.9 -48.3741 0 -342.477 -86.8067 9993.76 0 2212 1592 1 0 1
25.6596 271.747 0 156.086 28.2309 9998.74 0 2212 1593 1 0 1
-510.325 -371.288 0 76.2509 375.219 9992.67 0 2212 1594 1 0 1
-346.835 -223.156 0 -109.701 -177.282 9997.83 0 2212 1595 1 0 1
514.235 190.722 0 -9.32486 1031.95 9946.61 0 2212 1596 1 0 1
331.184 -331.803 0 -134.9 -637.261 9978.76 0 2212 1597 1 0 1
-345.835 303.747 0 -31.7879 -557.709 9984.39 0 2212 1598 1 0 1
-425.414 185.968 0 62.4369 -137.235 9998.86 0 2212 1599 1 0 1
-948.039 9.16462 0 -64.3289 499.472 9987.31 0 2212 1600 1 0 1
45.6034 188.553 0 307.943 68.5755 9995.02 0 2212 1601 1 0 1
-318.938 233.671 0 -95.6755 432.384 9990.19 0 2212 1602 1 0 1
-867.779 -205.539 0 28.0954 285.6 9995.88 0 2212 1603 1 0 1
-641.387 -27.7682 0 90.7371 271.818 9995.89 0 2212 1604 1 0 1
-977.664 -390.812 0 -185.943 105.797 9997.71 0 2212 1605 1 0 1
105.849 -97.342 0 181.26 694.265 9974.22 0 2212 1606 1 0 1
-138.762 -100.407 0 -102.068 227.345 9996.89 0 2212 1607 1 0 1
531.28 -241.287 0 -38.9501 576.826 9983.27 0 2212 1608 1 0 1
-418.963 -19.8082 0 139.887 -403.524 9990.88 0 2212 1609 1 0 1
78.8134 148.481 0 -292.51 474.345 9984.46 0 2212 1610 1 0 1
224.437 246.608 0 -212.688 -134.615 9996.83 0 2212 1611 1 0 1
814.117 -288.961 0 10.7644 308.503 9995.23 0 2212 1612 1 0 1
-658.062 -135.468 0 17.7658 364.089 9993.35 0 2212 1613 1 0 1
-1149.14 464.975 0 -135.504 393.462 9991.34 0 2212 1614 1 0 1
-1222.76 -162.506 0 -6.78724 -147.617 9998.91 0 2212 1615 1 0 1
-579.324 -29.1532 0 -104.811 153.758 9998.27 0 2212 1616 1 0 1
-604.845 -371.971 0 19.8038 -187.118 9998.23 0 2212 1617 1 0 1
499.4 216.968 0 -356.657 437.786 9984.04 0 2212 1618 1 0 1
5.82966 -344.999 0 335.231 3.09911 9994.38 0 2212 1619 1 0 1
-483.674 -271.413 0 -95.2154 -475.751 9988.22 0 2212 1620 1 0 1
556.772 395.176 0 -267.928 382.247 9989.1 0 2212 1621 1 0 1
-153.406 -331.768 0 -45.5935 -40.5865 9999.81 0 2212 1622 1 0 1
717.641 37.5742 0 -83.2955 -192.094 9997.81 0 2212 1623 1 0 1
-5.33668 -69.1122 0 44.1796 115.774 9999.23 0 2212 1624 1 0 1
824.243 265.516 0 114.682 352.654 9993.12 0 2212 1625 1 0 1
-233.185 220.807 0 -280.532 -187.34 9994.31 0 2212 1626 1 0 1
-1058.5 135.084 0 -120.947 228.67 9996.65 0 2212 1627 1 0 1
-986.072 -165.63 0 147.154 -197.673 9996.96 0 2212 1628 1 0 1
391.841 554.404 0 0.368718 468.279 9989.03 0 2212 1629 1 0 1
169.634 -33.2067 0 35.5433 -163.171 9998.61 0 2212 1630 1 0 1
302.357 139.636 0 92.39 -124.75 9998.8 0 2212 1631 1 0 1
-86.3883 -104.506 0 165.374 628.68 9978.85 0 2212 1632 1 0 1
83.1664 -40.2399 0 -94.6831 -245.31 9996.54 0 2212 1633 1 0 1
-224.085 356.156 0 142.895 440.337 9989.28 0 2212 1634 1 0 1
-866.907 10.8539 0 -216.117 -23.3558 9997.64 0 2212 1635 1 0 1
1537.76 225.575 0 -12.7828 -67.5413 9999.76 0 2212 1636 1 0 1
-737.591 21.8949 0 394.76 -232.959 9989.49 0 2212 1637 1 0 1
584.947 -233.482 0 -236.527 -345.48 9991.23 0 2212 1638 1 0 1
396.708 -393.781 0 28.4968 121.21 9999.22 0 2212 1639 1 0 1
472.483 -109.305 0 -73.3279 214.169 9997.44 0 2212 1640 1 0 1
-489.116 442.676 0 -63.8551 150.754 9998.66 0 2212 1641 1 0 1
161.872 244.961 0 -102.342 241.259 9996.57 0 2212 1642 1 0 1
-44.6269 -248.026 0 -22.3498 -419.034 9991.19 0 2212 1643 1 0 1
998.89 -52.6198 0 110.266 398.82 9991.44 0 2212 1644 1 0 1
-926.336 -0.353265 0 185.038 -17.2304 9998.27 0 2212 1645 1 0 1
-1320.37 188.932 0 22.4936 551.766 9984.74 0 2212 1646 1 0 1
205.167 -78.2332 0 86.4848 -49.4002 9999.5 0 2212 1647 1 0 1
790.059 -91.4358 0 22.4033 162.827 9998.65 0 2212 1648 1 0 1
1445.52 -193.2 0 226.023 -105.5 9996.89 0 2212 1649 1 0 1
153.266 282.738 0 91.1743 -116.95 9998.9 0 2212 1650 1 0 1
331.659 -250.218 0 -18.4151 -371.391 9993.08 0 2212 1651 1 0 1
-908.98 -276.411 0 215.822 -122.482 9996.92 0 2212 1652 1 0 1
-767.359 335.967 0 -18.4535 574.956 9983.44 0 2212 1653 1 0 1
-416.434 156.787 0 39.4459 200.707 9997.91 0 2212 1654 1 0 1
-206.233 -130.94 0 179.753 -95.9478 9997.92 0 2212 1655 1 0 1
3.28653 33.2588 0 151.808 -145.122 9997.79 0 2212 1656 1 0 1
-242.861 12.0075 0 -82.1107 -717.167 9973.91 0 2212 1657 1 0 1
621.812 150.175 0 -93.4961 -204.96 9997.46 0 2212 1658 1 0 1
-65.8595 144.85 0 24.097 407.209 9991.68 0 2212 1659 1 0 1
-86.1876 301.273 0 257.067 624.133 9977.19 0 2212 1660 1 0 1
-267.25 -106.775 0 133.711 -1181.03 9929.11 0 2212 1661 1 0 1
-542.436 -88.0253 0 -91.6814 -205.32 9997.47 0 2212 1662 1 0 1
-150.712 59.8855 0 14.024 -146.551 9998.92 0 2212 1663 1 0 1
-59.8523 173.509 0 332.216 40.6251 9994.4 0 2212 1664 1 0 1
112.168 -14.755 0 -5.38375 402.333 9991.9 0 2212 1665 1 0 1
888.868 53.0595 0 -111.156 125.576 9998.59 0 2212 1666 1 0 1
841.771 8.52293 0 -207.953 216.219 9995.5 0 2212 1667 1 0 1
985.564 -208.062 0 325.524 534.976 9980.37 0 2212 1668 1 0 1
-614.946 -66.5511 0 -263.931 -1006.53 9945.71 0 2212 1669 1 0 1
-815.933 432.225 0 165.511 -501.7 9986.04 0 2212 1670 1 0 1
90.2173 202.651 0 3.91575 947.479 9955.01 0 2212 1671 1 0 1
-155.349 -28.5876 0 232.769 115.911 9996.62 0 2212 1672 1 0 1
-188.838 -37.2157 0 256.728 -93.2814 9996.27 0 2212 1673 1 0 1
296.564 121.064 0 140.661 -311.366 9994.16 0 2212 1674 1 0 1
979.705 86.6602 0 -164.377 76.0454 9998.36 0 2212 1675 1 0 1
838.545 2.66868 0 -42.8187 -28.1896 9999.87 0 2212 1676 1 0 1
38.9549 136.749 0 -197.554 213.984 9995.76 0 2212 1677 1 0 1
-455.803 477.111 0 -134.271 -414.56 9990.5 0 2212 1678 1 0 1
612.403 -82.43 0 61.6318 265.706 9996.28 0 2212 1679 1 0 1
-378.323 -15.3237 0 -4.88435 -360.394 9993.5 0 2212 1680 1 0 1
-423.733 -145.695 0 200.671 -611.513 9979.27 0 2212 1681 1 0 1
-157.244 -37.6094 0 -49.9275 -244.249 9996.89 0 2212 1682 1 0 1
-111.563 -115.756 0 -148.023 -319.637 9993.79 0 2212 1683 1 0 1
-76.3855 -612.778 0 82.5745 410.942 9991.21 0 2212 1684 1 0 1
889.9 -50.1942 0 252.197 -119.415 9996.11 0 2212 1685 1 0 1
561.79 -286.066 0 -363.675 401.442 9985.32 0 2212 1686 1 0 1
-872.905 247.88 0 -81.6187 -177.182 9998.1 0 2212 1687 1 0 1
558.716 -136.946 0 -197.618 -337.953 9992.33 0 2212 1688 1 0 1
32.7262 577.08 0 65.6017 7.97944 9999.78 0 2212 1689 1 0 1
-618.588 -322.552 0 -333.926 420.359 9985.58 0 2212 1690 1 0 1
6.98534 185.871 0 -62.8323 79.9225 9999.48 0 2212 1691 1 0 1
243.222 151.775 0 -13.8483 -58.4001 9999.82 0 2212 1692 1 0 1
452.754 305.472 0 55.5908 -799.783 9967.81 0 2212 1693 1 0 1
-417.149 72.2548 0 -1.70031 52.6861 9999.86 0 2212 1694 1 0 1
807.368 -237.203 0 11.3191 -327.816 9994.62 0 2212 1695 1 0 1
397.062 -69.7702 0 -293.066 -609.627 9977.1 0 2212 1696 1 0 1
-1338.77 234.585 0 166.613 -277.616 9994.76 0 2212 1697 1 0 1
-320.799 56.7075 0 -51.0121 373.814 9992.88 0 2212 1698 1 0 1
528.668 -162.56 0 -14.5222 1083.87 9941.08 0 2212 1699 1 0 1
436.849 307.656 0 -100.603 53.1754 9999.35 0 2212 1700 1 0 1
175.475 379.481 0 86.8066 398.346 9991.69 0 2212 1701 1 0 1
1135.28 -349.201 0 -268.658 292.593 9992.11 0 2212 1702 1 0 1
215.461 -97.3585 0 73.4013 -297.721 9995.3 0 2212 1703 1 0 1
-626.695 6.41944 0 -46.4532 -308.141 9995.14 0 2212 1704 1 0 1
-357.412 -164.017 0 109.732 361.533 9992.86 0 2212 1705 1 0 1
-200.217 442.09 0 253.224 611.479 9978.07 0 2212 1706 1 0 1
-872.901 348.591 0 -123.857 174.727 9997.71 0 2212 1707 1 0 1
-124.855 -193.582 0 -186.525 -9.12767 9998.26 0 2212 1708 1 0 1
-336.157 -76.5181 0 54.1746 169.439 9998.42 0 2212 1709 1 0 1
784.054 -115.372 0 19.2587 -135.534 9999.06 0 2212 1710 1 0 1
880.628 -18.8034 0 391.224 422.691 9983.4 0 2212 1711 1 0 1
-616.204 113.394 0 -75.1947 -156.452 9998.49 0 2212 1712 1 0 1
-359.174 172.213 0 11.3508 -208.824 9997.81 0 2212 1713 1 0 1
-106.633 154.012 0 84.0391 236.641 9996.85 0 2212 1714 1 0 1
340.592 73.8988 0 265.675 102.593 9995.94 0 2212 1715 1 0 1
212.303 -612.771 0 -80.1616 310.704 9994.85 0 2212 1716 1 0 1
142.919 245.953 0 -54.5398 -418.189 9991.1 0 2212 1717 1 0 1
181.184 -19.6334 0 -71.2682 -319.846 9994.63 0 2212 1718 1 0 1
-30.1284 472.289 0 -99.1627 302.317 9994.94 0 2212 1719 1 0 1
-275.513 324.03 0 -73.7032 -212.453 9997.47 0 2212 1720 1 0 1
-209.52 98.2242 0 -83.3682 454.708 9989.31 0 2212 1721 1 0 1
331.218 -67.7164 0 25.2451 371.169 9993.08 0 2212 1722 1 0 1
-155.725 178.151 0 188.87 -445.741 9988.28 0 2212 1723 1 0 1
-814.531 390.319 0 75.9828 -88.2996 9999.32 0 2212 1724 1 0 1
101.373 421.32 0 62.0876 -43.9031 9999.71 0 2212 1725 1 0 1
-1151.03 69.0185 0 -112.129 461.383 9988.72 0 2212 1726 1 0 1
-1080.08 -356.723 0 330.221 78.3726 9994.24 0 2212 1727 1 0 1
-809.748 -92.5714 0 -118.873 500.715 9986.75 0 2212 1728 1 0 1
151.106 -240.192 0 -127.45 260.875 9995.78 0 2212 1729 1 0 1
703.193 -306.098 0 21.8252 28.8898 9999.93 0 2212 1730 1 0 1
-457.09 422.73 0 267.732 441.697 9986.65 0 2212 1731 1 0 1
-4.891 -443.583 0 -99.5027 -64.9199 9999.29 0 2212 1732 1 0 1
433.153 76.5914 0 98.1019 -102.224 9999 0 2212 1733 1 0 1
-443.854 -31.091 0 -89.9619 302.078 9995.03 0 2212 1734 1 0 1
267.925 104.195 0 126.73 446.438 9989.23 0 2212 1735 1 0 1
-613.152 45.3822 0 -63.6831 -120.469 9999.07 0 2212 1736 1 0 1
-22.6504 292.434 0 -103.849 -139.851 9998.48 0 2212 1737 1 0 1
-1533.28 -294.809 0 -163.261 -129.657 9997.83 0 2212 1738 1 0 1
-119.969 -417.331 0 41.1338 345.846 9993.93 0 2212 1739 1 0 1
-844.053 407.783 0 106.033 512.152 9986.31 0 2212 1740 1 0 1
341.487 -243.545 0 -96.3783 -269.169 9995.91 0 2212 1741 1 0 1
-452.341 -55.9235 0 173.89 -36.1034 9998.42 0 2212 1742 1 0 1
-247.378 400.87 0 -175.998 -74.675 9998.17 0 2212 1743 1 0 1
1582.23 223.384 0 -213.083 102.577 9997.2 0 2212 1744 1 0 1
-5.1201 -34.1445 0 -92.179 -216.9 9997.22 0 2212 1745 1 0 1
-600.133 -255.402 0 -108.291 -307.488 9994.68 0 2212 1746 1 0 1
455.641 -207.201 0 -270.032 313.107 9991.45 0 2212 1747 1 0 1
-666.265 176.535 0 -117.905 312.528 9994.42 0 2212 1748 1 0 1
542.148 150.642 0 -9.8487 -423.763 9991.01 0 2212 1749 1 0 1
-746.441 83.9675 0 54.4489 -765.822 9970.48 0 2212 1750 1 0 1
501.518 -9.7268 0 -29.0855 366.814 9993.23 0 2212 1751 1 0 1
621.065 -97.1121 0 -68.3993 -640.765 9979.22 0 2212 1752 1 0 1
-1390.77 129.044 0 -102.48 -38.0449 9999.4 0 2212 1753 1 0 1
106.167 -375.611 0 142.199 -56.4737 9998.83 0 2212 1754 1 0 1
-57.9174 -67.1421 0 228.194 -573.263 9980.95 0 2212 1755 1 0 1
-337.468 -243.833 0 354.111 -310.527 9988.9 0 2212 1756 1 0 1
338.71 194.244 0 -126.948 392.861 9991.47 0 2212 1757 1 0 1
417.312 86.6762 0 -130.794 656.373 9977.58 0 2212 1758 1 0 1
-185.105 214.452 0 422.125 415.448 9982.45 0 2212 1759 1 0 1
246.393 323.396 0 -30.5095 434.688 9990.5 0 2212 1760 1 0 1
105.954 -61.8659 0 -31.6264 -266.435 9996.4 0 2212 1761 1 0 1
311.373 -56.7966 0 -120.062 629.47 9979.45 0 2212 1762 1 0 1
-181.395 106.118 0 49.9637 -186.636 9998.13 0 2212 1763 1 0 1
412.972 279.082 0 188.908 412.195 9989.72 0 2212 1764 1 0 1
1249.87 -273.842 0 53.6908 -385.865 9992.41 0 2212 1765 1 0 1
-603.344 114.781 0 -4.15578 -156.459 9998.78 0 2212 1766 1 0 1
-389.065 204.071 0 -241.32 -213.254 9994.81 0 2212 1767 1 0 1
1533.95 -522.458 0 -105.749 305.777 9994.76 0 2212 1768 1 0 1
354.955 220.406 0 30.6938 290.219 9995.74 0 2212 1769 1 0 1
1025.55 -58.8177 0 5.61 -519.079 9986.52 0 2212 1770 1 0 1
419.001 68.7236 0 118.797 68.7358 9999.06 0 2212 1771 1 0 1
629.28 393.113 0 -78.8031 453.622 9989.4 0 2212 1772 1 0 1
543.199 471.722 0 306.442 -642.522 9974.63 0 2212 1773 1 0 1
-536.292 39.1944 0 141.043 125.072 9998.22 0 2212 1774 1 0 1
-80.6492 160.415 0 -204.467 341.089 9992.09 0 2212 1775 1 0 1
-1035.42 -114.008 0 -209.047 -167.229 9996.42 0 2212 1776 1 0 1
169.001 187.283 0 -3.76249 -529.43 9985.97 0 2212 1777 1 0 1
979.238 182.15 0 -52.1344 644.661 9979.06 0 2212 1778 1 0 1
-31.1361 364.053 0 0.785063 337.412 9994.31 0 2212 1779 1 0 1
-216.571 439.669 0 -123.854 59.9693 9999.05 0 2212 1780 1 0 1
-326.292 -229.318 0 236.61 33.5886 9997.14 0 2212 1781 1 0 1
-130.601 -38.9059 0 -206.941 61.9462 9997.67 0 2212 1782 1 0 1
220.331 -98.7163 0 -109.856 -245.906 9996.37 0 2212 1783 1 0 1
667.531 95.474 0 -88.8228 -888.34 9960.07 0 2212 1784 1 0 1
-1116.45 -126.127 0 119.816 264.405 9995.79 0 2212 1785 1 0 1
473.153 -317.985 0 213.762 272.912 9993.99 0 2212 1786 1 0 1
142.483 -568.426 0 331.455 -286.923 9990.39 0 2212 1787 1 0 1
1131.43 -525.298 0 11.2353 -77.9661 9999.69 0 2212 1788 1 0 1
1256.09 -24.9572 0 -343.497 147.566 9993.01 0 2212 1789 1 0 1
287.302 -131.422 0 -137.994 -78.9739 9998.74 0 2212 1790 1 0 1
-624.632 388.472 0 99.4318 180.56 9997.88 0 2212 1791 1 0 1
-177.969 84.1981 0 -99.8353 151.101 9998.36 0 2212 1792 1 0 1
-96.2897 -195.255 0 59.0581 -518.722 9986.36 0 2212 1793 1 0 1
1021.66 -77.2346 0 -128.474 88.2414 9998.79 0 2212 1794 1 0 1
698.276 276.209 0 -9.5279 -388.59 9992.44 0 2212 1795 1 0 1
801.493 -188.637 0 171.636 394.429 9990.74 0 2212 1796 1 0 1
138.331 -95.6289 0 114.169 -168.866 9997.92 0 2212 1797 1 0 1
-501.192 -311.671 0 59.8373 33.1441 9999.77 0 2212 1798 1 0 1
-650.67 -42.6228 0 4.69309 578.875 9983.23 0 2212 1799 1 0 1
133.577 -175.17 0 163.016 -37.6837 9998.6 0 2212 1800 1 0 1
-213.992 75.6138 0 43.5612 -211.802 9997.66 0 2212 1801 1 0 1
-130.544 100.4 0 -204.788 -561.213 9982.14 0 2212 1802 1 0 1
515.351 24.5224 0 -246.235 -427.867 9987.81 0 2212 1803 1 0 1
-301.844 67.6866 0 187.231 113.411 9997.6 0 2212 1804 1 0 1
618.225 260.517 0 -111.603 558.269 9983.78 0 2212 1805 1 0 1
171.869 -284.402 0 173.225 788.659 9967.35 0 2212 1806 1 0 1
955.012 -213.759 0 -195.206 -401.302 9990.04 0 2212 1807 1 0 1
-824.919 -104.956 0 -149.244 99.6098 9998.39 0 2212 1808 1 0 1
-218.281 5.54732 0 52.013 -206.909 9997.72 0 2212 1809 1 0 1
-160.724 -67.1038 0 93.221 393.337 9991.83 0 2212 1810 1 0 1
-260.86 -117.12 0 -42.4516 -564.932 9983.94 0 2212 1811 1 0 1
-420.937 -74.6813 0 156.069 440.705 9989.07 0 2212 1812 1 0 1
-723.592 -175.195 0 95.3962 -538.99 9985.01 0 2212 1813 1 0 1
-177.652 9.85327 0 -275.597 -517.368 9982.8 0 2212 1814 1 0 1
-282.971 -119.065 0 44.6323 -280.527 9995.96 0 2212 1815 1 0 1
-825.443 -181.162 0 208.824 222.691 9995.34 0 2212 1816 1 0 1
-841.758 657.888 0 -14.4763 117.701 9999.3 0 2212 1817 1 0 1
-492.792 58.7916 0 198.321 -179.657 9996.42 0 2212 1818 1 0 1
-181.127 173.25 0 362.924 -22.0329 9993.39 0 2212 1819 1 0 1
357.066 -138.214 0 132.154 390.216 9991.51 0 2212 1820 1 0 1
-474.126 157.362 0 208.706 -210.852 9995.6 0 2212 1821 1 0 1
73.2777 449.122 0 -87.5234 -389.086 9992.04 0 2212 1822 1 0 1
238.671 -473.039 0 94.344 287.498 9995.42 0 2212 1823 1 0 1
-308.951 123.172 0 -157.806 274.825 9994.98 0 2212 1824 1 0 1
-117.414 -82.6116 0 -212.309 523.33 9984.04 0 2212 1825 1 0 1
-1172.84 -251.48 0 119.002 427.371 9990.15 0 2212 1826 1 0 1
19.3998 209.632 0 113.448 521.92 9985.73 0 2212 1827 1 0 1
442.229 162.308 0 70.3127 -186.11 9998.02 0 2212 1828 1 0 1
-267.535 -1.58178 0 -143.109 -75.2445 9998.69 0 2212 1829 1 0 1
667.431 -388.462 0 356.432 -176.872 9992.08 0 2212 1830 1 0 1
-192.223 256.546 0 -29.6952 -425.614 9990.89 0 2212 1831 1 0 1
121.889 -208.443 0 137.615 170.643 9997.6 0 2212 1832 1 0 1
-60.613 115.352 0 -110.891 423.252 9990.42 0 2212 1833 1 0 1
550.27 -294.729 0 30.9678 290.627 9995.73 0 2212 1834 1 0 1
-734.519 -142.889 0 -5.52209 246.008 9996.97 0 2212 1835 1 0 1
358.519 -394.178 0 241.641 212.638 9994.82 0 2212 1836 1 0 1
1008.19 78.7861 0 186.902 -150.072 9997.13 0 2212 1837 1 0 1
1199.79 -140.581 0 -24.2686 -577.215 9983.3 0 2212 1838 1 0 1
374.222 -154.085 0 48.8571 151.263 9998.74 0 2212 1839 1 0 1
-459.581 -180.937 0 -196.328 19.621 9998.05 0 2212 1840 1 0 1
470.967 -36.5708 0 -91.7939 800.187 9967.51 0 2212 1841 1 0 1
975.461 210.818 0 20.272 -86.4359 9999.61 0 2212 1842 1 0 1
345.808 356.619 0 226.724 301.085 9992.89 0 2212 1843 1 0 1
174.918 -143.522 0 -185.67 -130.491 9997.42 0 2212 1844 1 0 1
362.978 -182.476 0 -50.2312 185.722 9998.15 0 2212 1845 1 0 1
709.055 126.456 0 129.928 620.231 9979.9 0 2212 1846 1 0 1
703.829 -385.703 0 270.662 -435.141 9986.86 0 2212 1847 1 0 1
-190.986 373.231 0 33.247 949.973 9954.72 0 2212 1848 1 0 1
559.17 290.23 0 -75.9366 -283.571 9995.69 0 2212 1849 1 0 1
-72.2811 -490.459 0 -47.484 -57.425 9999.72 0 2212 1850 1 0 1
462.181 -12.3881 0 27.7859 531.65 9985.82 0 2212 1851 1 0 1
-342.572 -366.96 0 -157.844 263.214 9995.29 0 2212 1852 1 0 1
-677.467 241.458 0 108.239 -244.127 9996.43 0 2212 1853 1 0 1
-425.49 -16.6579 0 42.8903 275.753 9996.11 0 2212 1854 1 0 1
-1078.37 569.081 0 -47.7337 -178.326 9998.3 0 2212 1855 1 0 1
-356.212 114.346 0 84.9914 33.7523 9999.58 0 2212 1856 1 0 1
638.94 510.697 0 -173.857 -870.534 9960.52 0 2212 1857 1 0 1
-12.7345 132.012 0 306.911 621.729 9975.93 0 2212 1858 1 0 1
-221.834 82.4396 0 56.6799 91.4402 9999.42 0 2212 1859 1 0 1
252.083 -205.368 0 72.0366 -215.349 9997.42 0 2212 1860 1 0 1
406.513 -111.18 0 150.504 -243.86 9995.89 0 2212 1861 1 0 1
1030.43 416.034 0 -142.203 -290.759 9994.76 0 2212 1862 1 0 1
824.195 -441.277 0 182.206 -473.316 9987.13 0 2212 1863 1 0 1
364.966 -197.237 0 -49.5297 522.791 9986.2 0 2212 1864 1 0 1
513.114 -319.838 0 226.016 -148.449 9996.34 0 2212 1865 1 0 1
-150.509 381.898 0 -107.315 94.6659 9998.98 0 2212 1866 1 0 1
1253.89 -312.582 0 -20.8885 -358.998 9993.53 0 2212 1867 1 0 1
-1408 28.4072 0 67.6495 -5.62174 9999.77 0 2212 1868 1 0 1
386.478 -9.30065 0 -82.3995 -373.975 9992.66 0 2212 1869 1 0 1
-245.668 -95.269 0 -37.8593 183.792 9998.24 0 2212 1870 1 0 1
914.775 -216.09 0 -11.6673 106.008 9999.43 0 2212 1871 1 0 1
344.072 377.842 0 -205.318 -584.774 9980.78 0 2212 1872 1 0 1
272.48 407.025 0 -135.466 468.862 9988.08 0 2212 1873 1 0 1
-696.352 -162.423 0 -143.658 89.2743 9998.57 0 2212 1874 1 0 1
-437.16 -199.48 0 -229.452 -417.5 9988.65 0 2212 1875 1 0 1
72.4332 44.0709 0 -46.4238 -601.879 9981.76 0 2212 1876 1 0 1
-241.361 138.493 0 -254.886 308.976 9991.98 0 2212 1877 1 0 1
-565.057 -511.37 0 171.47 857.572 9961.68 0 2212 1878 1 0 1
-132.398 372.796 0 182.219 -279.345 9994.44 0 2212 1879 1 0 1
-1344.94 77.7732 0 114.666 -19.859 9999.32 0 2212 1880 1 0 1
431.3 167.014 0 300.901 489.997 9983.45 0 2212 1881 1 0 1
-783.277 117.789 0 -158.839 -40.9818 9998.65 0 2212 1882 1 0 1
194.945 -15.2987 0 -308.185 -412.97 9986.72 0 2212 1883 1 0 1
-242.403 -60.4752 0 -32.3789 650.093 9978.79 0 2212 1884 1 0 1
-168.201 193.157 0 161.126 -506.468 9985.87 0 2212 1885 1 0 1
531.703 274.265 0 184.903 322.363 9993.09 0 2212 1886 1 0 1
-152.78 229.54 0 408.303 -682.569 9968.32 0 2212 1887 1 0 1
141.606 339.626 0 14.8529 -156.71 9998.76 0 2212 1888 1 0 1
-451.93 -145.04 0 -94.1225 -405.631 9991.33 0 2212 1889 1 0 1
-224.681 89.8633 0 137.494 -273.501 9995.31 0 2212 1890 1 0 1
-475.673 152.506 0 52.6297 533.291 9985.63 0 2212 1891 1 0 1
234.98 -462.265 0 -72.7654 509.865 9986.73 0 2212 1892 1 0 1
156.979 365.457 0 -171.635 -159.882 9997.25 0 2212 1893 1 0 1
963.942 268.931 0 123.418 810.309 9966.35 0 2212 1894 1 0 1
416.698 117.041 0 88.2563 323.062 9994.39 0 2212 1895 1 0 1
778.823 285.48 0 84.172 604.898 9981.33 0 2212 1896 1 0 1
310.358 -126.488 0 161.364 -365.122 9992.03 0 2212 1897 1 0 1
-597.971 -191.364 0 32.285 -210.317 9997.74 0 2212 1898 1 0 1
-64.4485 204.939 0 -366.958 201.53 9991.23 0 2212 1899 1 0 1
-12.6871 243.184 0 -42.5627 -0.0388724 9999.91 0 2212 1900 1 0 1
1141.52 148.17 0 -61.2213 -289.313 9995.63 0 2212 1901 1 0 1
-1163.8 -293.709 0 191.153 829.514 9963.7 0 2212 1902 1 0 1
-886.217 452.938 0 119.503 505.454 9986.5 0 2212 1903 1 0 1
-401.907 205.453 0 -61.8959 396.685 9991.94 0 2212 1904 1 0 1
-39.8178 -96.5675 0 385.037 -729.799 9965.9 0 2212 1905 1 0 1
-605.287 85.9529 0 138.709 112.634 9998.4 0 2212 1906 1 0 1
945.976 2.51226 0 -276.021 132.246 9995.32 0 2212 1907 1 0 1
208.065 -206.272 0 -174.057 -142.186 9997.47 0 2212 1908 1 0 1
165.359 79.3587 0 -284.796 -198.413 9993.97 0 2212 1909 1 0 1
39.5603 -195.545 0 -142.083 375.226 9991.95 0 2212 1910 1 0 1
227.722 -359.396 0 66.1222 188.036 9998.01 0 2212 1911 1 0 1
-206.931 157.444 0 -300.071 -184.275 9993.8 0 2212 1912 1 0 1
170.939 -165.187 0 10.2555 813.985 9966.81 0 2212 1913 1 0 1
405.184 39.873 0 -108.914 -108.346 9998.82 0 2212 1914 1 0 1
584.041 620.743 0 -239.254 431.386 9987.83 0 2212 1915 1 0 1
-283.843 -420.39 0 93.4485 -78.4018 9999.26 0 2212 1916 1 0 1
-395.297 195.857 0 27.9784 -310.128 9995.15 0 2212 1917 1 0 1
-499.058 218.43 0 48.2161 -167.336 9998.48 0 2212 1918 1 0 1
-106.563 80.9876 0 -246.363 -84.2073 9996.61 0 2212 1919 1 0 1
-226.488 -211.329 0 182.086 -464.437 9987.55 0 2212 1920 1 0 1
936.221 559.346 0 -36.6039 -547.191 9984.95 0 2212 1921 1 0 1
69.0844 217.355 0 -179.831 585.149 9981.25 0 2212 1922 1 0 1
6.96745 -160.381 0 195.881 -130.724 9997.23 0 2212 1923 1 0 1
-713.315 33.6731 0 -202.767 -521.432 9984.34 0 2212 1924 1 0 1
498.713 -41.3954 0 164.64 365.109 9991.98 0 2212 1925 1 0 1
5.58129 38.2349 0 308.248 -64.7394 9995.04 0 2212 1926 1 0 1
1589.22 -166.627 0 -39.922 367.36 9993.17 0 2212 1927 1 0 1
203.278 -371.707 0 -0.952068 -642.57 9979.33 0 2212 1928 1 0 1
-1044.34 -308.822 0 82.5803 -614.699 9980.75 0 2212 1929 1 0 1
65.1113 -111.803 0 80.8805 43.0302 9999.58 0 2212 1930 1 0 1
-1477.44 -494.556 0 -23.0635 608.601 9981.44 0 2212 1931 1 0 1
207.401 20.9313 0 87.8988 -630.725 9979.7 0 2212 1932 1 0 1
-134.451 -168.521 0 -125.713 -1189.83 9928.17 0 2212 1933 1 0 1
524.271 -112.621 0 152.685 -150.772 9997.7 0 2212 1934 1 0 1
-632.269 -164.113 0 97.7874 735.404 9972.44 0 2212 1935 1 0 1
-1033.26 248.615 0 -62.4393 258.709 9996.46 0 2212 1936 1 0 1
-1466.31 -128.052 0 -25.8792 -46.8445 9999.86 0 2212 1937 1 0 1
-40.8115 -289.834 0 -170.766 388.191 9991 0 2212 1938 1 0 1
-195.859 -136.798 0 -24.428 -436.14 9990.45 0 2212 1939 1 0 1
-282.033 24.0721 0 54.6862 129.78 9999.01 0 2212 1940 1 0 1
151.793 355.617 0 3.5399 -82.4181 9999.66 0 2212 1941 1 0 1
-370.679 -70.6585 0 173.342 132.148 9997.62 0 2212 1942 1 0 1
-490.071 -348.897 0 409.838 20.1255 9991.58 0 2212 1943 1 0 1
-173.567 -82.1059 0 268.625 -188.831 9994.61 0 2212 1944 1 0 1
468.52 150.743 0 -413.445 25.5215 9991.42 0 2212 1945 1 0 1
-235.703 176.182 0 -187.955 70.2713 9997.99 0 2212 1946 1 0 1
84.2549 -244.549 0 3.49367 -783.127 9969.29 0 2212 1947 1 0 1
562.135 66.2845 0 109.217 -121.21 9998.67 0 2212 1948 1 0 1
113.205 147.415 0 -143.341 -350.53 9992.83 0 2212 1949 1 0 1
-249.684 108.067 0 -28.7251 65.4455 9999.74 0 2212 1950 1 0 1
663.388 -347.493 0 57.4407 -539.264 9985.28 0 2212 1951 1 0 1
164.495 338.757 0 -244.765 87.214 9996.62 0 2212 1952 1 0 1
503.357 127.944 0 324.643 -276.038 9990.92 0 2212 1953 1 0 1
-272.326 -63.7549 0 -141.843 -400.439 9990.97 0 2212 1954 1 0 1
29.3229 -383.78 0 -156.759 -418.662 9990 0 2212 1955 1 0 1
906.029 -225.344 0 -251.693 191.006 9995.01 0 2212 1956 1 0 1
166.055 214.712 0 394.652 48.8626 9992.09 0 2212 1957 1 0 1
-139.121 -37.7782 0 50.3414 -420.853 9991.01 0 2212 1958 1 0 1
-32.0966 85.5531 0 -44.3072 363.838 9993.28 0 2212 1959 1 0 1
16.5687 289.148 0 -218.257 -190.246 9995.81 0 2212 1960 1 0 1
428.322 -325.619 0 239.233 -145.068 9996.09 0 2212 1961 1 0 1
-210.785 390.558 0 240.666 -301.958 9992.54 0 2212 1962 1 0 1
-392.802 -96.8685 0 -74.9031 -382.514 9992.4 0 2212 1963 1 0 1
-440.99 564.989 0 -205.377 -464.334 9987.1 0 2212 1964 1 0 1
-654.034 517.817 0 -113.012 740.201 9971.93 0 2212 1965 1 0 1
688.23 481.055 0 -134.44 140.087 9998.11 0 2212 1966 1 0 1
-139.666 -29.6965 0 -29.1241 -778.182 9969.63 0 2212 1967 1 0 1
448.325 -268.003 0 208.25 -280.214 9993.9 0 2212 1968 1 0 1
-152.169 184.125 0 -281.27 -742.905 9968.4 0 2212 1969 1 0 1
829.177 26.916 0 95.9423 221.273 9997.09 0 2212 1970 1 0 1
124.399 13.1254 0 400.862 463.142 9981.22 0 2212 1971 1 0 1
-288.065 119.424 0 94.069 506.839 9986.7 0 2212 1972 1 0 1
163.374 185.208 0 24.506 717.376 9974.21 0 2212 1973 1 0 1
252.804 158.899 0 278.692 442.447 9986.32 0 2212 1974 1 0 1
-1002.58 -194.055 0 -152.6 116.684 9998.15 0 2212 1975 1 0 1
1422.66 224.473 0 -83.8906 -494.68 9987.4 0 2212 1976 1 0 1
-342.114 439.359 0 125.738 -188.522 9997.43 0 2212 1977 1 0 1
73.8027 484.905 0 0.106084 686.215 9976.43 0 2212 1978 1 0 1
307.356 59.5414 0 333.201 -298.882 9989.98 0 2212 1979 1 0 1
-875.744 -91.7544 0 190.635 231.114 9995.51 0 2212 1980 1 0 1
-349.098 140.55 0 -163.386 -459.774 9988.09 0 2212 1981 1 0 1
158.175 -142.347 0 154.351 -410.656 9990.37 0 2212 1982 1 0 1
-494.572 -1.07558 0 76.2418 329.868 9994.27 0 2212 1983 1 0 1
350.022 -26.5399 0 3.9293 344.559 9994.06 0 2212 1984 1 0 1
168.38 372.436 0 10.5632 -633.51 9979.91 0 2212 1985 1 0 1
101.991 -163.622 0 104.817 382.926 9992.12 0 2212 1986 1 0 1
-100.856 297.67 0 -184.659 293.285 9993.99 0 2212 1987 1 0 1
-634.306 -182.573 0 16.934 237.32 9997.17 0 2212 1988 1 0 1
-115.687 261.516 0 -197.678 -290.777 9993.82 0 2212 1989 1 0 1
70.3877 -382.713 0 290.73 321.123 9990.61 0 2212 1990 1 0 1
182.26 -63.4925 0 -73.2719 309.473 9994.94 0 2212 1991 1 0 1
95.8073 -422.064 0 -72.1085 -275.793 9995.94 0 2212 1992 1 0 1
-128.949 294.405 0 -79.9305 147.202 9998.6 0 2212 1993 1 0 1
-808.256 -155.449 0 114.442 46.0811 9999.24 0 2212 1994 1 0 1
1100.34 205.975 0 267.466 -319.147 9991.33 0 2212 1995 1 0 1
295.828 -269.359 0 -253.393 -402.59 9988.68 0 2212 1996 1 0 1
-1530.27 207.951 0 99.5237 -310.787 9994.67 0 2212 1997 1 0 1
-282.525 -191.321 0 -126.088 15.2101 9999.19 0 2212 1998 1 0 1
-684.283 -71.8204 0 -155.622 -888.692 9959.22 0 2212 1999 1 0 1
-612.734 54.909 0 129.547 893.743 9959.14 0 2212 2000 1 0 1
-38.8857 24.0946 0 119.024 613.165 9980.47 0 2212 2001 1 0 1
844.208 -119.3 0 9.81708 -471.374 9988.88 0 2212 2002 1 0 1
55.6801 -100.996 0 210.899 -243.005 9994.82 0 2212 2003 1 0 1
-435.352 211.925 0 86.61 -67.3603 9999.4 0 2212 2004 1 0 1
-272.177 -491.794 0 -142.976 260.947 9995.57 0 2212 2005 1 0 1
84.464 -104.502 0 -331.151 -149.806 9993.39 0 2212 2006 1 0 1
1220.52 29.0235 0 -66.1466 710.64 9974.5 0 2212 2007 1 0 1
16.163 319.543 0 -136.493 707.241 9974.03 0 2212 2008 1 0 1
-1127.14 -205.311 0 -111.108 522.207 9985.74 0 2212 2009 1 0 1
795.615 363.677 0 -150.367 -86.2153 9998.5 0 2212 2010 1 0 1
244.173 -410.558 0 35.7434 -225.276 9997.4 0 2212 2011 1 0 1
-8.4752 219.5 0 156.48 -451.695 9988.57 0 2212 2012 1 0 1
-186.58 70.3479 0 -154.413 431.932 9989.47 0 2212 2013 1 0 1
62.8116 -321.742 0 193.996 587.418 9980.85 0 2212 2014 1 0 1
311.795 83.9351 0 -60.2362 -656.82 9978.22 0 2212 2015 1 0 1
172.902 -264.794 0 -182.78 140.554 9997.34 0 2212 2016 1 0 1
495.993 35.1933 0 224.787 -1.72358 9997.47 0 2212 2017 1 0 1
-263.545 -117.494 0 -109.723 -93.0998 9998.96 0 2212 2018 1 0 1
532.998 -66.9368 0 364.473 -60.0378 9993.18 0 2212 2019 1 0 1
101.637 -279.391 0 66.5462 363.305 9993.18 0 2212 2020 1 0 1
844.946 -312.551 0 212.156 -318.362 9992.68 0 2212 2021 1 0 1
524.721 412.883 0 -159.699 -441.09 9988.99 0 2212 2022 1 0 1
-802.228 72.3377 0 8.95083 265.825 9996.46 0 2212 2023 1 0 1
-816.264 45.101 0 -129.546 97.5114 9998.69 0 2212 2024 1 0 1
-816.606 -112.921 0 -10.4541 -395.229 9992.18 0 2212 2025 1 0 1
-1446.03 76.17 0 56.2809 -498.194 9987.42 0 2212 2026 1 0 1
424.722 96.7363 0 -217.619 42.3567 9997.54 0 2212 2027 1 0 1
-59.9243 -344.515 0 -131.899 -259.469 9995.76 0 2212 2028 1 0 1
435.391 82.4563 0 15.9993 -307.567 9995.26 0 2212 2029 1 0 1
244.594 -7.24519 0 -130.455 126.465 9998.35 0 2212 2030 1 0 1
29.6271 312.113 0 -138.091 433.576 9989.64 0 2212 2031 1 0 1
-157.256 -119.335 0 -83.186 284.329 9995.61 0 2212 2032 1 0 1
-77.5995 -246.463 0 25.7138 743.824 9972.26 0 2212 2033 1 0 1
38.0849 511.069 0 -71.5709 -18.1372 9999.73 0 2212 2034 1 0 1
-710.803 -185.3 0 -252.913 473.212 9985.59 0 2212 2035 1 0 1
-690.217 278.098 0 -155.42 314.103 9993.86 0 2212 2036 1 0 1
-727.797 -5.75367 0 233.347 -21.7055 9997.25 0 2212 2037 1 0 1
653.784 -67.8221 0 -87.0027 -139.435 9998.65 0 2212 2038 1 0 1
68.7098 181.189 0 -39.3955 474.309 9988.67 0 2212 2039 1 0 1
-379.349 226.454 0 -304.269 243.357 9992.41 0 2212 2040 1 0 1
-58.4885 -270.574 0 -13.6746 245.954 9996.97 0 2212 2041 1 0 1
106.999 -304.097 0 118.409 -31.7145 9999.25 0 2212 2042 1 0 1
-1017.03 150.775 0 -7.83095 -66.1013 9999.78 0 2212 2043 1 0 1
-19.9573 -28.3057 0 206.093 498.269 9985.45 0 2212 2044 1 0 1
104.918 178.079 0 135.508 160.137 9997.8 0 2212 2045 1 0 1
-525.968 -214.573 0 -16.3981 200.947 9997.97 0 2212 2046 1 0 1
1606.11 -224.7 0 284.677 229.905 9993.3 0 2212 2047 1 0 1
289.164 48.2891 0 193.889 78.2139 9997.81 0 2212 2048 1 0 1
-150.974 232.732 0 181.566 -12.8966 9998.34 0 2212 2049 1 0 1
1254.22 40.1706 0 -71.8863 -586.845 9982.51 0 2212 2050 1 0 1
481.356 -385.482 0 -45.35 166.707 9998.51 0 2212 2051 1 0 1
-653.317 64.891 0 -8.9223 -481.847 9988.38 0 2212 2052 1 0 1
-364.155 215.65 0 143.215 162.283 9997.66 0 2212 2053 1 0 1
-476.662 345.059 0 86.3727 -185.796 9997.9 0 2212 2054 1 0 1
-229.131 -96.2657 0 131.583 -711.405 9973.8 0 2212 2055 1 0 1
257.941 132.775 0 146.616 113.85 9998.28 0 2212 2056 1 0 1
842.105 81.0375 0 83.8098 207.264 9997.5 0 2212 2057 1 0 1
-65.3603 -419.438 0 199.761 -521.102 9984.42 0 2212 2058 1 0 1
543.236 36.2621 0 292.6 293.789 9991.4 0 2212 2059 1 0 1
19.0626 -298.996 0 -6.63974 -145.357 9998.94 0 2212 2060 1 0 1
-1162.83 297.897 0 -234.262 89.4596 9996.86 0 2212 2061 1 0 1
-1966.27 -331.01 0 26.9838 75.6717 9999.68 0 2212 2062 1 0 1
-230.753 205.192 0 38.6201 107.718 9999.35 0 2212 2063 1 0 1
566.335 -34.8882 0 6.92574 900.313 9959.39 0 2212 2064 1 0 1
-748.693 -228.972 0 -73.5945 262.217 9996.29 0 2212 2065 1 0 1
-93.363 -129.342 0 -150.379 181.446 9997.22 0 2212 2066 1 0 1
294.147 -159.006 0 -67.8127 -281.159 9995.82 0 2212 2067 1 0 1
408.417 112.404 0 53.9237 -547.663 9984.85 0 2212 2068 1 0 1
-448.265 -233.732 0 2.56365 -453.709 9989.7 0 2212 2069 1 0 1
-934.865 -132.545 0 60.4258 -623.458 9980.36 0 2212 2070 1 0 1
403.651 129.526 0 68.7286 -314.073 9994.83 0 2212 2071 1 0 1
496.223 -126.472 0 198.058 93.8154 9997.6 0 2212 2072 1 0 1
158.843 -41.7875 0 82.8499 857.743 9962.8 0 2212 2073 1 0 1
613.008 -338.54 0 168.433 -306.056 9993.9 0 2212 2074 1 0 1
176.137 -107.463 0 -94.86 316.87 9994.53 0 2212 2075 1 0 1
-605.533 -205.239 0 368.576 -69.9663 9992.96 0 2212 2076 1 0 1
-52.0268 -227.682 0 93.1728 -364.699 9992.91 0 2212 2077 1 0 1
-18.9257 126.509 0 -283.797 202.765 9993.92 0 2212 2078 1 0 1
479.387 -102.286 0 -171.263 553.659 9983.19 0 2212 2079 1 0 1
488.185 -289.489 0 -241.476 926.625 9954.05 0 2212 2080 1 0 1
-90.9469 -102.43 0 120.834 -430.048 9990.02 0 2212 2081 1 0 1
-426.283 5.67654 0 132.733 130.356 9998.27 0 2212 2082 1 0 1
251.062 -93.4628 0 -31.816 -222.296 9997.48 0 2212 2083 1 0 1
-620.242 0.204884 0 -113.835 480.494 9987.8 0 2212 2084 1 0 1
-224.716 528.549 0 232.641 -645.357 9976.44 0 2212 2085 1 0 1
27.2609 -49.7436 0 41.457 -48.2628 9999.8 0 2212 2086 1 0 1
350.394 -146.157 0 87.4144 -649.596 9978.5 0 2212 2087 1 0 1
-373.415 27.5351 0 -119.968 -462.175 9988.59 0 2212 2088 1 0 1
411.634 -310.005 0 212.444 -258.443 9994.4 0 2212 2089 1 0 1
-562.054 297.511 0 -150.037 542.042 9984.17 0 2212 2090 1 0 1
-627.753 -104.136 0 113.032 647.982 9978.34 0 2212 2091 1 0 1
179.877 89.6377 0 -242.455 -54.6076 9996.91 0 2212 2092 1 0 1
-1019.6 -127.58 0 242.845 70.4078 9996.8 0 2212 2093 1 0 1
230.515 -392.167 0 151.864 -424.529 9989.83 0 2212 2094 1 0 1
611.007 25.531 0 56.5477 -64.5913 9999.63 0 2212 2095 1 0 1
86.9651 -104.545 0 -296.252 -130.433 9994.76 0 2212 2096 1 0 1
-1.15527 -138.965 0 68.6956 86.5075 9999.39 0 2212 2097 1 0 1
-329.7 -193.652 0 144.732 79.4431 9998.64 0 2212 2098 1 0 1
105.314 74.7506 0 230.271 -855.437 9960.68 0 2212 2099 1 0 1
-98.3358 43.0413 0 -104.929 -172.415 9997.96 0 2212 2100 1 0 1
-734.867 -515.253 0 -275.973 -222.343 9993.72 0 2212 2101 1 0 1
389.283 -121.936 0 288.593 287.29 9991.71 0 2212 2102 1 0 1
-588.28 47.8837 0 156.081 403.112 9990.65 0 2212 2103 1 0 1
-1448.58 109.317 0 -185.307 -135.492 9997.36 0 2212 2104 1 0 1
505.054 67.1499 0 -71.577 -457.392 9989.28 0 2212 2105 1 0 1
-306.8 -27.1686 0 -3.77424 -375.822 9992.93 0 2212 2106 1 0 1
-861.085 77.7132 0 -522.896 -168.877 9984.89 0 2212 2107 1 0 1
429.516 -78.3127 0 -127.177 148.341 9998.09 0 2212 2108 1 0 1
411.523 113.459 0 196.65 -392.635 9990.35 0 2212 2109 1 0 1
-541.27 277.287 0 -168.789 235.676 9995.8 0 2212 2110 1 0 1
-199.367 -49.7182 0 109.06 121.654 9998.67 0 2212 2111 1 0 1
273.327 -45.5416 0 -139.444 301.376 9994.48 0 2212 2112 1 0 1
-67.8854 -153.712 0 -5.08171 173.834 9998.49 0 2212 2113 1 0 1
444.685 -129.197 0 116.341 -136.682 9998.39 0 2212 2114 1 0 1
-943.929 432.371 0 -336.341 -432.783 9984.97 0 2212 2115 1 0 1
-85.8253 -254.707 0 -182.836 735.161 9971.26 0 2212 2116 1 0 1
212.156 -112.18 0 -32.7608 -441.2 9990.21 0 2212 2117 1 0 1
69.4436 14.1948 0 72.5686 857.839 9962.87 0 2212 2118 1 0 1
1354.65 97.0488 0 -40.661 -1155.21 9932.97 0 2212 2119 1 0 1
-509.475 -17.8785 0 -2.3479 441.724 9990.24 0 2212 2120 1 0 1
575.396 -228.568 0 -242.657 232.666 9994.35 0 2212 2121 1 0 1
-18.5351 -223.94 0 6.00925 -459.517 9989.43 0 2212 2122 1 0 1
-1119.65 -254.108 0 48.6144 265.41 9996.36 0 2212 2123 1 0 1
-333.001 94.5251 0 -276.806 341.875 9990.32 0 2212 2124 1 0 1
-109.796 -247.271 0 162.198 -1124.22 9935.28 0 2212 2125 1 0 1
133.125 147.185 0 104.381 -347.179 9993.43 0 2212 2126 1 0 1
-473.819 -144.791 0 -178.711 217.235 9996.04 0 2212 2127 1 0 1
594.363 174.382 0 93.731 -266.761 9996 0 2212 2128 1 0 1
-259.393 -19.5234 0 -195.526 -271.543 9994.4 0 2212 2129 1 0 1
675.528 407.954 0 70.722 553.383 9984.43 0 2212 2130 1 0 1
-819.668 320.718 0 396.352 152.586 9990.98 0 2212 2131 1 0 1
-687.215 5.1145 0 -28.3766 326.443 9994.63 0 2212 2132 1 0 1
115.64 305.778 0 83.3157 564.57 9983.7 0 2212 2133 1 0 1
1046.46 57.5431 0 28.3024 510.103 9986.94 0 2212 2134 1 0 1
780.254 177.241 0 -95.8776 42.7516 9999.45 0 2212 2135 1 0 1
1005.24 -193.078 0 -138.826 -169.031 9997.61 0 2212 2136 1 0 1
1644.06 -109.339 0 78.7005 640.185 9979.18 0 2212 2137 1 0 1
-554.306 -52.2133 0 136.429 599.943 9981.05 0 2212 2138 1 0 1
547.771 309.862 0 89.4992 -466.606 9988.71 0 2212 2139 1 0 1
552.365 -8.23489 0 -143.94 671.47 9976.39 0 2212 2140 1 0 1
-435.305 95.0469 0 24.9909 168.825 9998.54 0 2212 2141 1 0 1
-496.959 -17.7521 0 205.136 -440.828 9988.17 0 2212 2142 1 0 1
-211.513 -128.176 0 -92.1733 -627.906 9979.84 0 2212 2143 1 0 1
-473.204 -120.401 0 -131.495 -431.352 9989.83 0 2212 2144 1 0 1
-641.543 101.169 0 -199.523 -215.973 9995.68 0 2212 2145 1 0 1
11.2525 -356.433 0 -95.0577 -103.359 9999.01 0 2212 2146 1 0 1
101.93 -247.434 0 166.03 -150.764 9997.48 0 2212 2147 1 0 1
-220.154 -240.864 0 -37.2639 632.265 9979.92 0 2212 2148 1 0 1
119.47 -13.6957 0 -13.4458 -360.343 9993.5 0 2212 2149 1 0 1
1643.1 -191.747 0 1.95676 805.98 9967.47 0 2212 2150 1 0 1
62.1776 -162.307 0 49.0779 -61.6792 9999.69 0 2212 2151 1 0 1
327.34 -18.1452 0 119.976 -188.353 9997.51 0 2212 2152 1 0 1
-115.915 -499.737 0 69.4028 -420.708 9990.91 0 2212 2153 1 0 1
-326.839 -242.836 0 129.072 137.493 9998.22 0 2212 2154 1 0 1
-167.316 -187.118 0 -239.98 308.282 9992.37 0 2212 2155 1 0 1
1230.15 13.9073 0 -13.7648 -6.18481 9999.99 0 2212 2156 1 0 1
887.743 -44.4972 0 61.1749 -663.831 9977.75 0 2212 2157 1 0 1
104.984 253.465 0 132.373 295.533 9994.76 0 2212 2158 1 0 1
490.243 -18.2316 0 29.9014 277.819 9996.1 0 2212 2159 1 0 1
-42.5031 314.615 0 -204.154 -442.615 9988.11 0 2212 2160 1 0 1
-252.56 155.97 0 325.334 136.799 9993.77 0 2212 2161 1 0 1
-427.933 -190.446 0 151.003 -154.416 9997.67 0 2212 2162 1 0 1
86.9673 257.2 0 -61.4717 -374.383 9992.8 0 2212 2163 1 0 1
40.1619 28.1642 0 -168.822 -154.93 9997.37 0 2212 2164 1 0 1
-397.427 -172.594 0 -140.945 -481.474 9987.41 0 2212 2165 1 0 1
138.065 -302.572 0 -237.113 -142.548 9996.17 0 2212 2166 1 0 1
424.192 -390.704 0 -198.489 -193.584 9996.16 0 2212 2167 1 0 1
209.655 311.054 0 115.391 265.3 9995.81 0 2212 2168 1 0 1
-28.4957 227.731 0 -82.2676 446.877 9989.67 0 2212 2169 1 0 1
3.47492 -331.956 0 35.1744 480.946 9988.37 0 2212 2170 1 0 1
287.42 -477.214 0 -248.59 475.365 9985.6 0 2212 2171 1 0 1
455.94 -61.4473 0 -127.96 -644.572 9978.38 0 2212 2172 1 0 1
135.95 172.101 0 -186.912 -56.6758 9998.09 0 2212 2173 1 0 1
3.8724 184.79 0 105.071 16.6824 9999.43 0 2212 2174 1 0 1
178.012 -378.279 0 72.2013 -174.831 9998.21 0 2212 2175 1 0 1
274.787 110.659 0 11.2835 -406.966 9991.71 0 2212 2176 1 0 1
-87.7491 -123.011 0 -213 135.353 9996.82 0 2212 2177 1 0 1
-101.29 130.553 0 -230.626 -4.70808 9997.34 0 2212 2178 1 0 1
-175.398 201.324 0 20.895 -69.8741 9999.73 0 2212 2179 1 0 1
206.698 384.219 0 -91.9784 457.846 9989.09 0 2212 2180 1 0 1
-287.937 -139.571 0 204.593 62.8136 9997.71 0 2212 2181 1 0 1
-442.048 71.8191 0 179.686 -29.5098 9998.34 0 2212 2182 1 0 1
-619.15 357.999 0 -51.5725 -178.102 9998.28 0 2212 2183 1 0 1
-506.412 -135.146 0 -192.328 -73.7189 9997.88 0 2212 2184 1 0 1
-790.886 -141.784 0 19.8922 462.591 9989.27 0 2212 2185 1 0 1
-577.523 -339.438 0 -45.1079 -122.199 9999.15 0 2212 2186 1 0 1
816.138 23.8393 0 -224.803 91.3715 9997.06 0 2212 2187 1 0 1
99.9547 207.379 0 -150.085 373.854 9991.88 0 2212 2188 1 0 1
497.93 -121.754 0 110.471 -556.485 9983.89 0 2212 2189 1 0 1
544.701 382.786 0 -57.467 10.582 9999.83 0 2212 2190 1 0 1
-434.249 -155.767 0 -239.33 3.06255 9997.14 0 2212 2191 1 0 1
770.477 204.842 0 202.653 -373.32 9990.97 0 2212 2192 1 0 1
692.446 272.157 0 204.327 -182.998 9996.24 0 2212 2193 1 0 1
87.4042 -463.693 0 24.8102 -327.859 9994.59 0 2212 2194 1 0 1
-1053.46 -249.59 0 196.385 296.214 9993.68 0 2212 2195 1 0 1
625.248 -71.7592 0 -10.1271 239.582 9997.12 0 2212 2196 1 0 1
57.8916 -88.8986 0 31.3127 -223.053 9997.46 0 2212 2197 1 0 1
110.993 188.496 0 139.216 -216.343 9996.69 0 2212 2198 1 0 1
86.7181 -119.464 0 -203.028 -232.558 9995.23 0 2212 2199 1 0 1
1214.47 2.52398 0 -276.889 -371.012 9989.28 0 2212 2200 1 0 1
-415.625 -319.111 0 65.8049 669.369 9977.36 0 2212 2201 1 0 1
-580.683 161.208 0 248.522 204.053 9994.83 0 2212 2202 1 0 1
-509.465 -316.306 0 -98.621 -153.916 9998.33 0 2212 2203 1 0 1
127.536 333.02 0 83.8785 -433 9990.27 0 2212 2204 1 0 1
-16.3422 -25.8286 0 -30.7539 204.486 9997.86 0 2212 2205 1 0 1
-691.211 -80.1817 0 182.135 214.286 9996.04 0 2212 2206 1 0 1
-1182.89 -135.615 0 -47.5245 372.72 9992.94 0 2212 2207 1 0 1
-1774.17 -194.711 0 -239.619 331.99 9991.61 0 2212 2208 1 0 1
-478.198 44.3368 0 -201.788 351.923 9991.77 0 2212 2209 1 0 1
-446.398 318.169 0 361.428 -216.444 9991.12 0 2212 2210 1 0 1
412.076 22.0617 0 66.907 -201.768 9997.74 0 2212 2211 1 0 1
832.826 -139.442 0 167.365 207.138 9996.45 0 2212 2212 1 0 1
-25.569 -158.421 0 15.0734 400.476 9991.97 0 2212 2213 1 0 1
300.741 -243.881 0 191.91 208.251 9995.99 0 2212 2214 1 0 1
-1073.2 -139.755 0 -128.349 -340.819 9993.37 0 2212 2215 1 0 1
428.486 -231.193 0 -161.653 37.8177 9998.62 0 2212 2216 1 0 1
-431.193 131.836 0 -60.0623 510.718 9986.77 0 2212 2217 1 0 1
251.596 8.85455 0 52.0151 101.318 9999.35 0 2212 2218 1 0 1
-464.155 -176.265 0 83.3182 -80.5799 9999.33 0 2212 2219 1 0 1
419.709 -214.42 0 38.7143 357.218 9993.54 0 2212 2220 1 0 1
-805.81 -205.446 0 201.749 366.449 9991.25 0 2212 2221 1 0 1
832.449 -507.139 0 -284.167 -114.656 9995.3 0 2212 2222 1 0 1
-203.999 -105.303 0 -185.679 -29.6468 9998.23 0 2212 2223 1 0 1
465.447 -221.328 0 -298.104 134.948 9994.64 0 2212 2224 1 0 1
-516.865 62.6368 0 61.0634 -308.342 9995.06 0 2212 2225 1 0 1
113.617 76.3321 0 -33.1958 281.192 9995.99 0 2212 2226 1 0 1
668.949 -439.93 0 114.985 53.4571 9999.2 0 2212 2227 1 0 1
173.579 -176.863 0 -73.1113 -214.288 9997.44 0 2212 2228 1 0 1
-808.065 137.599 0 31.8449 -147.518 9998.86 0 2212 2229 1 0 1
-110.335 203.65 0 248.713 347.331 9990.87 0 2212 2230 1 0 1
404.94 604.209 0 44.0355 -81.3801 9999.57 0 2212 2231 1 0 1
372.297 -238.704 0 -17.1447 44.1193 9999.89 0 2212 2232 1 0 1
-467.651 -122.55 0 -24.8041 119.5 9999.26 0 2212 2233 1 0 1
318.842 42.1753 0 198.952 793.884 9966.45 0 2212 2234 1 0 1
-518.785 172.29 0 -332.777 -568.556 9978.28 0 2212 2235 1 0 1
273.294 -68.4986 0 -219.072 -458.171 9987.1 0 2212 2236 1 0 1
86.0249 33.8303 0 51.8604 437.607 9990.29 0 2212 2237 1 0 1
972.489 -38.5425 0 -50.2496 27.1077 9999.84 0 2212 2238 1 0 1
-36.3796 -134.061 0 274.189 65.6857 9996.02 0 2212 2239 1 0 1
40.8147 -104.011 0 -306.434 -562.147 9979.48 0 2212 2240 1 0 1
-841.938 141.843 0 -29.481 42.8748 9999.86 0 2212 2241 1 0 1
553.535 109.71 0 188.614 152.343 9997.06 0 2212 2242 1 0 1
-427.202 134.922 0 -64.5557 -149.727 9998.67 0 2212 2243 1 0 1
-569.898 -261.819 0 -208.466 95.8972 9997.37 0 2212 2244 1 0 1
29.7768 414.306 0 5.56361 228.906 9997.38 0 2212 2245 1 0 1
139.96 121.011 0 -414.078 15.1103 9991.41 0 2212 2246 1 0 1
925.053 -123.723 0 -1.88959 339.843 9994.22 0 2212 2247 1 0 1
53.2147 342.607 0 84.0868 256.591 9996.35 0 2212 2248 1 0 1
22.4093 93.9344 0 -285.636 -413.903 9987.35 0 2212 2249 1 0 1
-107.109 335.151 0 88.0372 -243.457 9996.65 0 2212 2250 1 0 1
-695.394 104.42 0 39.2251 454.871 9989.57 0 2212 2251 1 0 1
-829.994 -437.049 0 -68.2002 349.05 9993.67 0 2212 2252 1 0 1
90.5478 219.41 0 -325.133 -326.435 9989.38 0 2212 2253 1 0 1
-252.92 -276.777 0 -206.625 202.311 9995.82 0 2212 2254 1 0 1
-40.4976 -181.314 0 -378.105 -1.14555 9992.85 0 2212 2255 1 0 1
254.382 194.032 0 140.339 28.5582 9998.97 0 2212 2256 1 0 1
-813.641 -116.425 0 81.8036 -51.2807 9999.53 0 2212 2257 1 0 1
-348.273 314.896 0 235.014 -934.061 9953.51 0 2212 2258 1 0 1
996.677 -69.4178 0 -12.0482 46.5374 9999.88 0 2212 2259 1 0 1
-309.9 -402.577 0 281.076 166.403 9994.66 0 2212 2260 1 0 1
-655.118 -148.295 0 -20.6949 -474.436 9988.72 0 2212 2261 1 0 1
-684.324 -57.5482 0 -149.052 -496.101 9986.57 0 2212 2262 1 0 1
60.5946 -240.741 0 119.289 587.278 9982.03 0 2212 2263 1 0 1
-493.881 212.286 0 247.729 -132.625 9996.05 0 2212 2264 1 0 1
-441.766 200.92 0 -87.8013 200.255 9997.61 0 2212 2265 1 0 1
-106.574 31.7091 0 -68.0739 -126.195 9998.97 0 2212 2266 1 0 1
269.584 -105.979 0 366.538 -16.9607 9993.27 0 2212 2267 1 0 1
-425.89 -376.718 0 -153.951 290.741 9994.59 0 2212 2268 1 0 1
442.694 -241.978 0 -7.06496 11.737 9999.99 0 2212 2269 1 0 1
-153.405 -43.5198 0 -49.4898 -189.087 9998.09 0 2212 2270 1 0 1
880.677 -129.021 0 145.823 32.3487 9998.88 0 2212 2271 1 0 1
-938.515 -250.446 0 -43.976 131.086 9999.04 0 2212 2272 1 0 1
-353.649 -150.005 0 -176.963 379.694 9991.22 0 2212 2273 1 0 1
-957.243 -243.134 0 80.1829 -299.458 9995.19 0 2212 2274 1 0 1
806.465 -465.156 0 281.871 -737.442 9968.79 0 2212 2275 1 0 1
-215.076 6.66669 0 135.78 -110.864 9998.46 0 2212 2276 1 0 1
-490.793 165.612 0 64.5712 -150.02 9998.67 0 2212 2277 1 0 1
38.3126 -110.453 0 -239.017 421.354 9988.26 0 2212 2278 1 0 1
537.018 422.758 0 -308.397 221.109 9992.8 0 2212 2279 1 0 1
204.849 -200.683 0 79.3129 440.961 9989.96 0 2212 2280 1 0 1
-618.248 148.914 0 31.4271 991.479 9950.68 0 2212 2281 1 0 1
126.664 34.6412 0 -1.37234 37.851 9999.93 0 2212 2282 1 0 1
61.0195 484.097 0 100.498 532.995 9985.28 0 2212 2283 1 0 1
500.86 -91.6552 0 -212.001 -135.845 9996.83 0 2212 2284 1 0 1
234.994 191.193 0 67.8579 233.839 9997.04 0 2212 2285 1 0 1
-755.707 -393.458 0 193.755 636.209 9977.86 0 2212 2286 1 0 1
220.618 165.926 0 43.8074 -257.749 9996.58 0 2212 2287 1 0 1
-467.402 -515.086 0 -128.647 351.024 9993.01 0 2212 2288 1 0 1
204.918 54.8252 0 -310.094 -363.452 9988.58 0 2212 2289 1 0 1
-1038.05 47.5336 0 4.70458 -195.722 9998.08 0 2212 2290 1 0 1
296.864 200.259 0 108.802 -52.3241 9999.27 0 2212 2291 1 0 1
-798.013 297.006 0 1.82025 608.33 9981.48 0 2212 2292 1 0 1
400.139 131.572 0 -37.9243 462.664 9989.22 0 2212 2293 1 0 1
-267.831 -124.461 0 4.38172 347.355 9993.96 0 2212 2294 1 0 1
-86.8113 169.806 0 60.0771 137.053 9998.88 0 2212 2295 1 0 1
312.108 460.279 0 -166.545 403.347 9990.47 0 2212 2296 1 0 1
271.244 -113.783 0 -132.609 -326.586 9993.79 0 2212 2297 1 0 1
-636.846 -264.343 0 -152.434 -621.871 9979.48 0 2212 2298 1 0 1
-408.945 -34.2799 0 -160.748 160.903 9997.41 0 2212 2299 1 0 1
-768.261 335.612 0 80.8141 73.0237 9999.41 0 2212 2300 1 0 1
703.662 -4.06718 0 -34.9944 88.6148 9999.55 0 2212 2301 1 0 1
1081.26 443.883 0 257.632 -166.078 9995.3 0 2212 2302 1 0 1
-622.129 -9.3504 0 65.293 -40.9076 9999.7 0 2212 2303 1 0 1
88.7218 -64.4248 0 -178.835 -86.4374 9998.03 0 2212 2304 1 0 1
1446.7 56.1794 0 -66.2571 -491.49 9987.69 0 2212 2305 1 0 1
212.8 143.38 0 6.06074 418.002 9991.26 0 2212 2306 1 0 1
128.372 265.506 0 15.2216 142.798 9998.97 0 2212 2307 1 0 1
-441.294 -109.889 0 -127.893 334.494 9993.59 0 2212 2308 1 0 1
-458.405 -251.312 0 20.8529 759.37 9971.1 0 2212 2309 1 0 1
467.191 -259.269 0 67.7631 250.477 9996.63 0 2212 2310 1 0 1
323.165 -91.7306 0 -149.299 445.121 9988.97 0 2212 2311 1 0 1
65.6122 -128.643 0 -121 -504.488 9986.53 0 2212 2312 1 0 1
-62.0937 554.748 0 -12.0655 517.79 9986.58 0 2212 2313 1 0 1
924.268 -315.437 0 78.1201 -576.351 9983.07 0 2212 2314 1 0 1
228.482 157.137 0 -47.605 584.663 9982.78 0 2212 2315 1 0 1
738.581 51.7046 0 276.579 761.724 9967.11 0 2212 2316 1 0 1
7.20744 -217.936 0 -20.0755 332.632 9994.45 0 2212 2317 1 0 1
62.0447 86.0572 0 39.8451 -52.5422 9999.78 0 2212 2318 1 0 1
-273.154 258.205 0 -103.181 206 9997.35 0 2212 2319 1 0 1
-607.589 99.9185 0 -32.7461 -309.891 9995.14 0 2212 2320 1 0 1
1077.92 381.771 0 -114.019 -155.389 9998.14 0 2212 2321 1 0 1
310.684 -784.489 0 95.3112 283.738 9995.52 0 2212 2322 1 0 1
375.317 -18.0199 0 103.811 -126.943 9998.66 0 2212 2323 1 0 1
3.1794 220.7 0 -39.122 166.973 9998.53 0 2212 2324 1 0 1
-439.314 81.2422 0 11.9463 266.317 9996.45 0 2212 2325 1 0 1
862.662 -198.143 0 127.625 207.334 9997.04 0 2212 2326 1 0 1
-479.596 -63.3198 0 58.561 184.379 9998.13 0 2212 2327 1 0 1
46.1102 -139.761 0 117.445 494.778 9987.06 0 2212 2328 1 0 1
962.155 -64.2922 0 168.769 -611.658 9979.85 0 2212 2329 1 0 1
-368.945 -186.823 0 215.852 260.805 9994.27 0 2212 2330 1 0 1
-90.6713 97.4574 0 -125.724 -591.336 9981.71 0 2212 2331 1 0 1
176.158 297.62 0 -168.335 401.824 9990.51 0 2212 2332 1 0 1
-975.858 -198.593 0 -35.0697 375.631 9992.88 0 2212 2333 1 0 1
316.322 -3.93495 0 141.937 185.802 9997.27 0 2212 2334 1 0 1
-529.641 -135.192 0 278.618 -183.268 9994.44 0 2212 2335 1 0 1
352.754 103.358 0 73.4577 -243.823 9996.76 0 2212 2336 1 0 1
-470.055 -132.155 0 -9.04505 -156.268 9998.77 0 2212 2337 1 0 1
-617.851 -77.1369 0 -395.945 145.435 9991.1 0 2212 2338 1 0 1
1062.68 -39.0648 0 104.33 -232.684 9996.75 0 2212 2339 1 0 1
-18.9146 175.492 0 243.07 -175.725 9995.5 0 2212 2340 1 0 1
38.8275 3.99701 0 -0.553661 -44.9939 9999.9 0 2212 2341 1 0 1
987.075 -176.428 0 -158.009 -339.185 9993 0 2212 2342 1 0 1
-714.204 79.1826 0 -192.146 -149.719 9997.03 0 2212 2343 1 0 1
-427.428 224.195 0 -3.75592 144.578 9998.95 0 2212 2344 1 0 1
845.726 -131.909 0 -161.784 -58.9331 9998.52 0 2212 2345 1 0 1
564.853 338.233 0 179.547 580.486 9981.52 0 2212 2346 1 0 1
-618.196 96.1922 0 -50.8463 -80.3727 9999.55 0 2212 2347 1 0 1
321.39 -15.9401 0 49.1433 -286.612 9995.77 0 2212 2348 1 0 1
-101.885 309.259 0 59.9317 539.081 9985.28 0 2212 2349 1 0 1
-387.816 484.246 0 67.3711 -347.54 9993.73 0 2212 2350 1 0 1
-593.486 -705.369 0 240.413 7.12427 9997.11 0 2212 2351 1 0 1
405.284 83.7973 0 48.5623 -138.035 9998.93 0 2212 2352 1 0 1
413.659 76.0408 0 190.17 -302.956 9993.6 0 2212 2353 1 0 1
-593.208 27.0341 0 200.053 -736.437 9970.84 0 2212 2354 1 0 1
459.176 -456.232 0 -19.6754 120.018 9999.26 0 2212 2355 1 0 1
277.326 415.326 0 -392.756 151.088 9991.14 0 2212 2356 1 0 1
65.3371 316.604 0 56.4091 -286.244 9995.74 0 2212 2357 1 0 1
349.871 -268.152 0 105.903 -391.526 9991.77 0 2212 2358 1 0 1
-603.269 287.307 0 -304.206 72.186 9995.11 0 2212 2359 1 0 1
542.495 42.9717 0 -173.164 -461.066 9987.86 0 2212 2360 1 0 1
-184.572 187.586 0 -96.457 279.858 9995.62 0 2212 2361 1 0 1
69.9597 -145.651 0 -37.4145 -356.314 9993.58 0 2212 2362 1 0 1
-599.423 194.964 0 -160.421 -288.258 9994.56 0 2212 2363 1 0 1
1038.19 -258.659 0 -30.6162 184.512 9998.25 0 2212 2364 1 0 1
-1171.53 60.9097 0 38.0281 -485.851 9988.12 0 2212 2365 1 0 1
222.571 -301.806 0 252.087 -91.8318 9996.4 0 2212 2366 1 0 1
471.77 -185.529 0 -230.766 137.126 9996.4 0 2212 2367 1 0 1
-1132.64 152.287 0 -96.7396 -244.015 9996.55 0 2212 2368 1 0 1
604.299 410.5 0 41.8074 -666.41 9977.68 0 2212 2369 1 0 1
-372.032 -81.6071 0 -4.65162 15.1005 9999.99 0 2212 2370 1 0 1
-136.889 -307.692 0 -47.6489 441.29 9990.14 0 2212 2371 1 0 1
-248.27 -111.454 0 -362.243 250.762 9990.29 0 2212 2372 1 0 1
393.223 -300.978 0 -21.3746 314.445 9995.03 0 2212 2373 1 0 1
45.6873 -123.331 0 -105.231 371.394 9992.55 0 2212 2374 1 0 1
-470.445 -264.503 0 -20.3665 -25.4293 9999.95 0 2212 2375 1 0 1
162.896 -114.633 0 -6.85665 67.7316 9999.77 0 2212 2376 1 0 1
149.252 -227.812 0 90.7588 213.207 9997.31 0 2212 2377 1 0 1
-145.42 -115.001 0 -78.1182 59.3279 9999.52 0 2212 2378 1 0 1
661.583 481.052 0 209.406 -154.322 9996.62 0 2212 2379 1 0 1
332.955 143.973 0 248.185 89.6192 9996.52 0 2212 2380 1 0 1
510.257 -528.138 0 -138.992 -250.087 9995.91 0 2212 2381 1 0 1
-1132.93 238.883 0 -110.571 -84.453 9999.03 0 2212 2382 1 0 1
74.2514 42.3674 0 66.5225 102.771 9999.25 0 2212 2383 1 0 1
165.368 772.472 0 -145.755 537.327 9984.49 0 2212 2384 1 0 1
-312.152 121.286 0 353.203 777.526 9963.47 0 2212 2385 1 0 1
-225.953 31.642 0 -44.1522 -211.32 9997.67 0 2212 2386 1 0 1
-968.106 -132.618 0 53.9144 129.258 9999.02 0 2212 2387 1 0 1
42.099 -139.302 0 139.835 -13.8384 9999.01 0 2212 2388 1 0 1
57.0192 45.1071 0 125.493 -255.159 9995.96 0 2212 2389 1 0 1
489.003 275.987 0 -127.187 -51.2887 9999.06 0 2212 2390 1 0 1
-696.427 -188.435 0 -33.8765 689.209 9976.16 0 2212 2391 1 0 1
-421.541 173.778 0 -311.749 -484.395 9983.39 0 2212 2392 1 0 1
386.751 40.3489 0 67.5941 -552.893 9984.47 0 2212 2393 1 0 1
428.821 453.218 0 -82.8332 189.824 9997.86 0 2212 2394 1 0 1
-398.823 -283.686 0 128.691 179.329 9997.56 0 2212 2395 1 0 1
334.07 257.358 0 -62.5279 -142.508 9998.79 0 2212 2396 1 0 1
-507.519 -80.0635 0 126.889 614.147 9980.32 0 2212 2397 1 0 1
800.99 77.4135 0 127.817 -48.1125 9999.07 0 2212 2398 1 0 1
-637.396 -19.0704 0 -100.88 224.408 9996.97 0 2212 2399 1 0 1
-483.174 277.163 0 -57.5402 460.997 9989.2 0 2212 2400 1 0 1
411.513 -207.012 0 218.165 -35.2899 9997.56 0 2212 2401 1 0 1
-3.57736 -23.8955 0 127.65 106.96 9998.61 0 2212 2402 1 0 1
531.801 258.582 0 -49.6492 202.07 9997.83 0 2212 2403 1 0 1
-236.744 321.08 0 -144.476 -299.374 9994.47 0 2212 2404 1 0 1
-1272.07 165.271 0 -57.6541 709.936 9974.6 0 2212 2405 1 0 1
695.565 160.467 0 198.925 694.902 9973.84 0 2212 2406 1 0 1
1347.36 -216.488 0 45.0622 405.3 9991.68 0 2212 2407 1 0 1
937.447 451.661 0 165.412 543.824 9983.83 0 2212 2408 1 0 1
114.469 -680.199 0 74.173 -44.6255 9999.63 0 2212 2409 1 0 1
-7.53723 -394.497 0 -58.8062 14.3682 9999.82 0 2212 2410 1 0 1
-31.5604 161.359 0 -109.247 15.4177 9999.39 0 2212 2411 1 0 1
-790.719 -156.331 0 -217.022 -216.846 9995.29 0 2212 2412 1 0 1
-48.6519 282.871 0 -130.407 -103.589 9998.61 0 2212 2413 1 0 1
-944.947 477.446 0 49.8913 -175.371 9998.34 0 2212 2414 1 0 1
-71.0605 -192.648 0 -195.917 -73.1128 9997.81 0 2212 2415 1 0 1
-177.327 226.778 0 303.86 -102.56 9994.86 0 2212 2416 1 0 1
-652.384 -198.703 0 248.716 243.826 9993.93 0 2212 2417 1 0 1
142.46 196.836 0 348.024 -138.969 9992.98 0 2212 2418 1 0 1
-124.982 -59.174 0 164.346 56.6821 9998.49 0 2212 2419 1 0 1
277.671 -346.124 0 -240.378 215.36 9994.79 0 2212 2420 1 0 1
681.409 363.611 0 175.75 -703.766 9973.66 0 2212 2421 1 0 1
-93.9304 320.881 0 238.113 -96.9207 9996.69 0 2212 2422 1 0 1
461.346 -113.407 0 -31.8142 -97.0022 9999.48 0 2212 2423 1 0 1
-993.265 -109.632 0 202.708 658.017 9976.27 0 2212 2424 1 0 1
163.263 151.829 0 48.4451 386.306 9992.42 0 2212 2425 1 0 1
-606.001 -297.084 0 -99.8388 362.483 9992.93 0 2212 2426 1 0 1
103.9 335.29 0 53.9071 -432.962 9990.48 0 2212 2427 1 0 1
589.651 -226.669 0 -131.438 -342.048 9993.28 0 2212 2428 1 0 1
45.8198 -62.0232 0 15.3393 -43.5643 9999.89 0 2212 2429 1 0 1
874.344 116.527 0 130.801 421.995 9990.24 0 2212 2430 1 0 1
217.976 -54.1887 0 -105.353 -49.3577 9999.32 0 2212 2431 1 0 1
141.314 -301.331 0 194.916 323.151 9992.88 0 2212 2432 1 0 1
-833.9 -24.1862 0 238.417 -482.447 9985.51 0 2212 2433 1 0 1
-643.208 -224.162 0 -51.6349 -113.829 9999.22 0 2212 2434 1 0 1
336.097 -606.136 0 -100.499 -148.791 9998.39 0 2212 2435 1 0 1
-20.8895 386.973 0 32.6961 77.3899 9999.65 0 2212 2436 1 0 1
759.689 -106.045 0 4.93223 -122.681 9999.25 0 2212 2437 1 0 1
242.548 464.267 0 -65.8966 -247.291 9996.72 0 2212 2438 1 0 1
-270.34 222.141 0 100.772 -518.331 9986.05 0 2212 2439 1 0 1
-474.625 8.37045 0 -79.7841 47.3874 9999.57 0 2212 2440 1 0 1
78.7578 166.13 0 -91.3193 419.314 9990.79 0 2212 2441 1 0 1
-523.908 -21.6631 0 -99.7957 -421.325 9990.62 0 2212 2442 1 0 1
-39.3676 60.0813 0 82.9436 -34.4727 9999.6 0 2212 2443 1 0 1
-728.24 -221.717 0 -59.8425 -234.332 9997.07 0 2212 2444 1 0 1
368.081 137.736 0 180.323 215.996 9996.04 0 2212 2445 1 0 1
-1288.29 450.951 0 49.394 -23.8594 9999.85 0 2212 2446 1 0 1
415.522 60.845 0 -207.466 44.64 9997.75 0 2212 2447 1 0 1
-290.838 -254.122 0 -65.1636 -162.396 9998.47 0 2212 2448 1 0 1
856.081 -326.924 0 -25.2617 -793.261 9968.46 0 2212 2449 1 0 1
366.669 -244.301 0 -67.8775 353.318 9993.53 0 2212 2450 1 0 1
77.6703 -88.1227 0 9.86904 -79.074 9999.68 0 2212 2451 1 0 1
1501.11 268.1 0 -36.816 272.864 9996.21 0 2212 2452 1 0 1
94.3309 521.275 0 -13.454 -91.1737 9999.58 0 2212 2453 1 0 1
-834.411 298.499 0 -147.774 -347.25 9992.88 0 2212 2454 1 0 1
-233.258 6.86521 0 -186.189 -282.156 9994.28 0 2212 2455 1 0 1
158.8 151.571 0 189.389 -2.17321 9998.21 0 2212 2456 1 0 1
-488.261 753.59 0 57.9815 -89.1464 9999.43 0 2212 2457 1 0 1
481.696 77.8281 0 108.066 -142.12 9998.41 0 2212 2458 1 0 1
-490.704 175.086 0 -141.329 -215.539 9996.68 0 2212 2459 1 0 1
198.73 -30.9695 0 -65.2327 -278.772 9995.9 0 2212 2460 1 0 1
-88.7463 -58.1832 0 5.69499 693.465 9975.92 0 2212 2461 1 0 1
-560.898 -237.775 0 -33.2435 12.7144 9999.94 0 2212 2462 1 0 1
290.384 35.4451 0 -405.779 52.1717 9991.63 0 2212 2463 1 0 1
-87.1515 -264.617 0 -315.467 261.015 9991.61 0 2212 2464 1 0 1
10.8874 -210.284 0 -4.53778 -310.031 9995.19 0 2212 2465 1 0 1
-4.98213 84.7646 0 134.65 28.4532 9999.05 0 2212 2466 1 0 1
-265.927 144.865 0 82.1264 344.081 9993.74 0 2212 2467 1 0 1
-286.932 -124.247 0 -157.037 650.603 9977.58 0 2212 2468 1 0 1
-271.018 -69.8765 0 -258.707 113.297 9996.01 0 2212 2469 1 0 1
-766.694 9.80972 0 59.3449 392.139 9992.13 0 2212 2470 1 0 1
-130.866 163.93 0 3.75009 304.598 9995.36 0 2212 2471 1 0 1
955.966 -6.00445 0 228.509 164.5 9996.04 0 2212 2472 1 0 1
-58.715 351.317 0 -149.454 86.8127 9998.51 0 2212 2473 1 0 1
-439.109 -284.686 0 -258.541 -636.331 9976.38 0 2212 2474 1 0 1
970.104 -117.161 0 -90.5923 -665.674 9977.41 0 2212 2475 1 0 1
1061.04 39.8072 0 105.387 314.213 9994.51 0 2212 2476 1 0 1
76.5752 -156.309 0 -19.1206 -296.348 9995.59 0 2212 2477 1 0 1
-355.174 120.562 0 -21.8715 -92.5019 9999.55 0 2212 2478 1 0 1
389.748 -414.597 0 159.116 78.7061 9998.42 0 2212 2479 1 0 1
-12.4146 373.855 0 -79.4037 463.807 9988.92 0 2212 2480 1 0 1
-175.791 -33.6096 0 -88.6763 347.808 9993.56 0 2212 2481 1 0 1
838.188 44.68 0 292.55 697.459 9971.36 0 2212 2482 1 0 1
-261.977 -98.4787 0 -504.868 319.034 9982.15 0 2212 2483 1 0 1
-1528.86 -500.671 0 -137.76 -198.171 9997.09 0 2212 2484 1 0 1
286.349 755.401 0 -283.938 -88.9302 9995.57 0 2212 2485 1 0 1
-206.144 -27.3838 0 77.6948 -85.4607 9999.33 0 2212 2486 1 0 1
-317.529 -33.0519 0 78.1752 -39.6715 9999.62 0 2212 2487 1 0 1
112.135 271.614 0 -3.83838 -329.194 9994.58 0 2212 2488 1 0 1
205.567 401.687 0 217.848 -629.814 9977.77 0 2212 2489 1 0 1
196.989 -67.6245 0 18.4137 -321.671 9994.81 0 2212 2490 1 0 1
-682.757 167.282 0 40.1714 -28.2998 9999.88 0 2212 2491 1 0 1
-435.409 331.663 0 -323.627 460.511 9984.15 0 2212 2492 1 0 1
-371.115 -389.244 0 -147.692 -916.216 9956.84 0 2212 2493 1 0 1
932.686 -343.879 0 -79.656 -404.744 9991.49 0 2212 2494 1 0 1
413.25 -80.435 0 -146.534 217.204 9996.57 0 2212 2495 1 0 1
364.012 -70.447 0 -145.834 -328.597 9993.54 0 2212 2496 1 0 1
54.235 -130.23 0 409.087 -890.91 9951.83 0 2212 2497 1 0 1
420.007 -164.21 0 245.178 197.952 9995.03 0 2212 2498 1 0 1
-82.135 111.871 0 112.953 606.29 9980.96 0 2212 2499 1 0 1
475.172 -177.797 0 4.00264 71.9877 9999.74 0 2212 2500 1 0 1
-423.61 236.885 0 -174.38 -75.0491 9998.2 0 2212 2501 1 0 1
842.865 134.408 0 -50.0825 -284.068 9995.84 0 2212 2502 1 0 1
38.7975 -135.324 0 381.684 66.7953 9992.49 0 2212 2503 1 0 1
66.9965 -297.655 0 93.2016 -67.7631 9999.34 0 2212 2504 1 0 1
508.501 46.8599 0 -223.383 -320.063 9992.38 0 2212 2505 1 0 1
1201.31 90.7517 0 -173.913 -563.47 9982.6 0 2212 2506 1 0 1
23.9362 277.512 0 72.0673 211.517 9997.5 0 2212 2507 1 0 1
-479.57 -297.06 0 -143.387 593.465 9981.34 0 2212 2508 1 0 1
-627.442 -116.471 0 106.093 441.002 9989.71 0 2212 2509 1 0 1
-549.086 -171.126 0 129.993 7.54165 9999.15 0 2212 2510 1 0 1
-323.366 55.7512 0 44.3962 -47.0689 9999.79 0 2212 2511 1 0 1
81.2282 32.9121 0 245.634 388.05 9989.45 0 2212 2512 1 0 1
-134.668 -418.479 0 -224.52 114.077 9996.83 0 2212 2513 1 0 1
-93.0548 181.21 0 -67.8658 379.785 9992.56 0 2212 2514 1 0 1
392.345 465.027 0 -395.734 205.286 9990.06 0 2212 2515 1 0 1
682.738 168.962 0 -73.2264 316.807 9994.71 0 2212 2516 1 0 1
401.407 -158.569 0 166.129 -182.318 9996.96 0 2212 2517 1 0 1
16.3085 134.968 0 -139.499 15.8385 9999.01 0 2212 2518 1 0 1
-114.401 117.085 0 -220.494 72.9441 9997.3 0 2212 2519 1 0 1
585.01 163.414 0 178.331 42.7774 9998.32 0 2212 2520 1 0 1
329.658 -288.3 0 -27.1504 -726.044 9973.57 0 2212 2521 1 0 1
833.707 173.111 0 157.824 -44.341 9998.66 0 2212 2522 1 0 1
140.963 479.359 0 -108.588 -837.847 9964.25 0 2212 2523 1 0 1
-777.059 221.681 0 249.539 128.199 9996.06 0 2212 2524 1 0 1
117.232 56.1942 0 -145.635 -27.5225 9998.9 0 2212 2525 1 0 1
146.522 112.094 0 -73.3791 382.88 9992.4 0 2212 2526 1 0 1
-460.17 127.654 0 178.895 357.65 9992 0 2212 2527 1 0 1
66.0878 -218.248 0 224.696 -1265.87 9917.01 0 2212 2528 1 0 1
-153.921 139.24 0 -59.8519 450.053 9989.69 0 2212 2529 1 0 1
-372.621 -173.685 0 217.235 -93.9741 9997.2 0 2212 2530 1 0 1
-131.575 -406.031 0 -159.262 564.448 9982.79 0 2212 2531 1 0 1
-658.926 -69.1677 0 -96.3559 223.381 9997.04 0 2212 2532 1 0 1
329.746 200.57 0 171.996 -716.775 9972.8 0 2212 2533 1 0 1
-126.224 -75.4792 0 -71.4343 -618.456 9980.6 0 2212 2534 1 0 1
-39.4643 -504.695 0 68.1663 266.803 9996.21 0 2212 2535 1 0 1
-178.133 -49.9196 0 68.6759 97.8503 9999.29 0 2212 2536 1 0 1
-1579.23 122.155 0 138.12 210.106 9996.84 0 2212 2537 1 0 1
-173.642 208.623 0 132.143 648.802 9978.06 0 2212 2538 1 0 1
362.835 -295.88 0 162.616 -336.906 9993 0 2212 2539 1 0 1
-740.615 370.726 0 294.936 -563.3 9979.76 0 2212 2540 1 0 1
1402.5 -536.863 0 211.443 341.023 9991.95 0 2212 2541 1 0 1
-538.415 602.021 0 -377.353 -158.828 9991.62 0 2212 2542 1 0 1
167.561 45.0207 0 -210.527 8.95356 9997.78 0 2212 2543 1 0 1
-726.395 97.9497 0 86.5203 189.707 9997.83 0 2212 2544 1 0 1
462.419 -354.761 0 26.1971 -299.9 9995.47 0 2212 2545 1 0 1
909.177 -328.588 0 194.748 17.6305 9998.09 0 2212 2546 1 0 1
-520.59 97.613 0 -194.525 -1014.64 9946.49 0 2212 2547 1 0 1
693.217 204.649 0 -102.364 -166.333 9998.09 0 2212 2548 1 0 1
-491.163 -254.877 0 45.4648 -305.52 9995.23 0 2212 2549 1 0 1
375.031 89.4006 0 -153.603 -22.7133 9998.79 0 2212 2550 1 0 1
-401.883 132.183 0 -129.165 869.331 9961.3 0 2212 2551 1 0 1
321.218 -103.772 0 -36.1607 -123.368 9999.17 0 2212 2552 1 0 1
-785.214 185.245 0 188.747 274.201 9994.46 0 2212 2553 1 0 1
66.328 41.796 0 194.463 -848.953 9962 0 2212 2554 1 0 1
329.299 105.622 0 302.091 -53.3099 9995.29 0 2212 2555 1 0 1
-84.4057 -0.172388 0 252.13 261.841 9993.39 0 2212 2556 1 0 1
-490.135 -379.524 0 65.418 192.517 9997.93 0 2212 2557 1 0 1
756.829 -75.2178 0 -103.16 1.55533 9999.47 0 2212 2558 1 0 1
-1347.9 -191.604 0 115.35 621.942 9979.97 0 2212 2559 1 0 1
-1399.86 70.8767 0 -41.4382 315.494 9994.94 0 2212 2560 1 0 1
785.833 239.929 0 -197.904 164.582 9996.69 0 2212 2561 1 0 1
-587.351 -42.0587 0 37.3452 -233.355 9997.21 0 2212 2562 1 0 1
-154.084 -300.89 0 -1.85984 545.723 9985.1 0 2212 2563 1 0 1
-103.936 286.914 0 -70.9225 -146.163 9998.68 0 2212 2564 1 0 1
968.967 21.6656 0 119.867 190.462 9997.47 0 2212 2565 1 0 1
-688.112 53.1792 0 76.4434 -890.477 9959.98 0 2212 2566 1 0 1
221.032 15.5478 0 -343.683 -50.3556 9993.97 0 2212 2567 1 0 1
273.42 259.479 0 -208.477 -351.098 9991.66 0 2212 2568 1 0 1
-202.994 -99.7596 0 -8.80832 -417.865 9991.26 0 2212 2569 1 0 1
589.204 -283.879 0 -184.978 179.879 9996.67 0 2212 2570 1 0 1
-202.96 -100.725 0 -83.9478 -145.742 9998.59 0 2212 2571 1 0 1
-11.6386 159.511 0 -32.367 -281.323 9995.99 0 2212 2572 1 0 1
358.767 332.04 0 42.8925 -192.013 9998.06 0 2212 2573 1 0 1
-83.6614 155.561 0 217.016 4.35592 9997.64 0 2212 2574 1 0 1
-170.343 -660.204 0 -73.3128 -450.017 9989.6 0 2212 2575 1 0 1
-63.3035 -161.71 0 90.3656 348.381 9993.52 0 2212 2576 1 0 1
-323.535 -317.847 0 -92.526 -152.745 9998.41 0 2212 2577 1 0 1
230.089 125.271 0 3.33814 -613.467 9981.16 0 2212 2578 1 0 1
-299.508 348.666 0 -9.95533 -484.799 9988.24 0 2212 2579 1 0 1
-724.327 -102.32 0 -82.2523 205.909 9997.54 0 2212 2580 1 0 1
31.6703 20.3828 0 1.91013 -449.569 9989.89 0 2212 2581 1 0 1
768.848 144.605 0 -227.096 -283.362 9993.4 0 2212 2582 1 0 1
-146.498 -35.151 0 -99.2382 -586.155 9982.31 0 2212 2583 1 0 1
192.514 111.521 0 33.9977 -269.817 9996.3 0 2212 2584 1 0 1
-141.535 -71.1732 0 45.5483 120.353 9999.17 0 2212 2585 1 0 1
-315.394 -231.403 0 165.612 233.194 9995.91 0 2212 2586 1 0 1
277.038 95.4165 0 -15.8308 215.027 9997.68 0 2212 2587 1 0 1
-276.504 -230.38 0 -116.237 258.426 9995.98 0 2212 2588 1 0 1
-355.26 -3.03211 0 44.2913 -865.869 9962.34 0 2212 2589 1 0 1
859.513 52.4648 0 -0.60417 34.4986 9999.94 0 2212 2590 1 0 1
-522.846 13.7541 0 -43.5575 78.346 9999.6 0 2212 2591 1 0 1
-1014.12 -291.302 0 -287.587 -173.842 9994.35 0 2212 2592 1 0 1
-152.295 -139.314 0 -73.7238 436.284 9990.21 0 2212 2593 1 0 1
41.387 38.1632 0 -197.846 297.173 9993.63 0 2212 2594 1 0 1
-318.052 41.1682 0 38.4618 -452.407 9989.69 0 2212 2595 1 0 1
438.351 119.834 0 -96.9961 -866.097 9961.95 0 2212 2596 1 0 1
1033.99 129.282 0 174.77 -71.5869 9998.22 0 2212 2597 1 0 1
395.407 40.7898 0 280.763 -637.924 9975.68 0 2212 2598 1 0 1
-110.023 334.319 0 202.549 -617.873 9978.84 0 2212 2599 1 0 1
-229.494 -319.697 0 61.508 154.035 9998.62 0 2212 2600 1 0 1
20.1203 -271.255 0 -75.7184 -274.254 9995.95 0 2212 2601 1 0 1
-95.2103 97.1718 0 -360.561 218.72 9991.1 0 2212 2602 1 0 1
-121.709 -21.7906 0 82.1092 -563.829 9983.75 0 2212 2603 1 0 1
620.753 314.279 0 115.163 -612.115 9980.58 0 2212 2604 1 0 1
1054.95 -27.1597 0 65.8594 126.291 9998.99 0 2212 2605 1 0 1
349.995 525.845 0 138.865 -575.508 9982.46 0 2212 2606 1 0 1
-549.221 419.158 0 115.551 162.432 9998.01 0 2212 2607 1 0 1
576.876 -189.155 0 -173.842 101.474 9997.97 0 2212 2608 1 0 1
206.34 100.051 0 74.6922 -383.054 9992.38 0 2212 2609 1 0 1
91.0989 -12.0425 0 127.216 -225.298 9996.65 0 2212 2610 1 0 1
-852.653 -309.964 0 -83.8909 604.161 9981.38 0 2212 2611 1 0 1
345.879 -46.5396 0 -12.9387 -203.061 9997.93 0 2212 2612 1 0 1
112.538 248.822 0 -93.2963 57.127 9999.4 0 2212 2613 1 0 1
-434.49 -350.203 0 -146.566 -116.215 9998.25 0 2212 2614 1 0 1
76.0892 127.894 0 -220.839 -21.2009 9997.54 0 2212 2615 1 0 1
-1206.5 222.131 0 -230.538 389.546 9989.75 0 2212 2616 1 0 1
119.204 -173.648 0 -179.241 217.115 9996.04 0 2212 2617 1 0 1
385.666 -99.914 0 -96.8513 472.269 9988.37 0 2212 2618 1 0 1
-393.245 49.789 0 -36.3573 -285.797 9995.85 0 2212 2619 1 0 1
53.4628 -281.638 0 165.079 -346.416 9992.63 0 2212 2620 1 0 1
89.5179 358.846 0 -38.6429 -12.8797 9999.92 0 2212 2621 1 0 1
-111.936 69.4847 0 46.4938 -50.9518 9999.76 0 2212 2622 1 0 1
14.9423 -152.19 0 193.42 -189.063 9996.34 0 2212 2623 1 0 1
-608.9 -121.162 0 28.3604 -194.692 9998.06 0 2212 2624 1 0 1
-449.86 -250.33 0 -147.971 25.5149 9998.87 0 2212 2625 1 0 1
110.461 -47.243 0 -152.413 -506.955 9985.98 0 2212 2626 1 0 1
155.439 -418.767 0 -98.2822 101.703 9999 0 2212 2627 1 0 1
-388.411 236.944 0 99.1415 71.7965 9999.25 0 2212 2628 1 0 1
-86.9603 -473.4 0 283.719 857.153 9959.16 0 2212 2629 1 0 1
-450.922 -123.437 0 201.657 275.887 9994.16 0 2212 2630 1 0 1
356.938 -91.6006 0 -68.3445 112.467 9999.13 0 2212 2631 1 0 1
166.368 49.5097 0 88.8923 -191.544 9997.77 0 2212 2632 1 0 1
825.645 335.695 0 -143.546 -36.5076 9998.9 0 2212 2633 1 0 1
-533.937 -11.5061 0 387.878 -147.182 9991.39 0 2212 2634 1 0 1
1511.56 249.632 0 -193.07 -319.174 9993.04 0 2212 2635 1 0 1
187.223 -301.415 0 103.47 309.361 9994.68 0 2212 2636 1 0 1
446.243 -178.026 0 -463.723 155.365 9988.03 0 2212 2637 1 0 1
-124.632 157.844 0 -132.001 -200.506 9997.12 0 2212 2638 1 0 1
623.733 40.1575 0 -40.5532 35.4312 9999.86 0 2212 2639 1 0 1
-368.327 41.7648 0 -85.158 -281.142 9995.68 0 2212 2640 1 0 1
762.208 -213.134 0 -79.1926 170.745 9998.23 0 2212 2641 1 0 1
15.0883 -416.054 0 -76.7552 216.968 9997.35 0 2212 2642 1 0 1
-730.86 -312.579 0 4.4416 -330.435 9994.54 0 2212 2643 1 0 1
-685.265 -52.7768 0 60.1106 278.931 9995.93 0 2212 2644 1 0 1
-430.91 31.6302 0 -170.658 561.495 9982.77 0 2212 2645 1 0 1
-596.095 285.529 0 44.4121 -364.584 9993.25 0 2212 2646 1 0 1
-553.817 365.787 0 74.0355 432.513 9990.37 0 2212 2647 1 0 1
221.36 35.2101 0 52.8826 129.683 9999.02 0 2212 2648 1 0 1
-941.21 -138.634 0 -24.6081 278.532 9996.09 0 2212 2649 1 0 1
-430.043 6.05569 0 192.315 931.333 9954.68 0 2212 2650 1 0 1
-217.414 -175.41 0 -383.502 770.214 9962.92 0 2212 2651 1 0 1
-860.183 -279.199 0 -278.476 604.325 9977.84 0 2212 2652 1 0 1
-163.361 -1.43117 0 -268.056 541.164 9981.75 0 2212 2653 1 0 1
703.25 -39.0434 0 -325.14 448.132 9984.66 0 2212 2654 1 0 1
-463.567 96.4884 0 16.5512 -392.856 9992.27 0 2212 2655 1 0 1
-376.66 19.1919 0 -313.953 -188.017 9993.3 0 2212 2656 1 0 1
-876.032 41.84 0 143.918 -208.29 9996.79 0 2212 2657 1 0 1
1245.48 69.6556 0 126.842 72.9236 9998.93 0 2212 2658 1 0 1
813.316 159.179 0 183.15 -125.775 9997.53 0 2212 2659 1 0 1
-85.9214 -191.001 0 -63.6928 -85.9094 9999.43 0 2212 2660 1 0 1
1315.31 206.798 0 40.4374 -328.583 9994.52 0 2212 2661 1 0 1
-183.348 25.2066 0 -54.1253 219.284 9997.45 0 2212 2662 1 0 1
-31.1349 -197.777 0 -118.271 45.987 9999.19 0 2212 2663 1 0 1
643.908 309.375 0 218.88 -712.981 9972.15 0 2212 2664 1 0 1
-346.873 -503.501 0 -235.768 -171.018 9995.76 0 2212 2665 1 0 1
235.181 289.573 0 -200.675 116.047 9997.31 0 2212 2666 1 0 1
486.77 -207.083 0 127.744 263.811 9995.7 0 2212 2667 1 0 1
77.2426 -301.514 0 -141.103 -760.714 9970.03 0 2212 2668 1 0 1
-427.539 -63.7389 0 45.7406 -677.581 9976.91 0 2212 2669 1 0 1
-307.28 -61.2573 0 113.765 262.448 9995.91 0 2212 2670 1 0 1
910.361 243.812 0 -63.4306 236.893 9996.99 0 2212 2671 1 0 1
-148.324 -286.837 0 -154.579 546.209 9983.88 0 2212 2672 1 0 1
427.464 119.904 0 -7.94643 -343.71 9994.09 0 2212 2673 1 0 1
-338.211 141.375 0 -59.191 245.633 9996.81 0 2212 2674 1 0 1
-121.864 94.3411 0 170.514 193.595 9996.67 0 2212 2675 1 0 1
-499.671 -84.1321 0 -224.5 -27.0386 9997.44 0 2212 2676 1 0 1
-652.296 -2.73642 0 56.8732 -253.489 9996.62 0 2212 2677 1 0 1
-650.019 -354.258 0 -98.6761 428.402 9990.33 0 2212 2678 1 0 1
-216.181 -77.5974 0 -215.747 -150.311 9996.54 0 2212 2679 1 0 1
272.181 -110.249 0 36.4708 236.67 9997.13 0 2212 2680 1 0 1
-759.135 37.3357 0 -23.7489 40.9918 9999.89 0 2212 2681 1 0 1
-54.8068 126.523 0 83.4823 -145.881 9998.59 0 2212 2682 1 0 1
232.171 264.878 0 246.131 144.246 9995.93 0 2212 2683 1 0 1
-96.0084 99.8862 0 155.916 267.522 9995.2 0 2212 2684 1 0 1
3.97108 -106.927 0 72.5514 139.413 9998.76 0 2212 2685 1 0 1
259.98 106.43 0 76.9348 -167.998 9998.29 0 2212 2686 1 0 1
298.211 37.7219 0 -157.437 -125.884 9997.97 0 2212 2687 1 0 1
226.56 136.41 0 404.3 399.645 9983.83 0 2212 2688 1 0 1
-449.141 259.753 0 -216.872 -522.754 9983.97 0 2212 2689 1 0 1
392.576 136.013 0 23.5779 447.549 9989.95 0 2212 2690 1 0 1
597.265 157.3 0 -127.515 -337.682 9993.48 0 2212 2691 1 0 1
-889.528 208.295 0 -67.3101 -343.378 9993.88 0 2212 2692 1 0 1
663.596 125.361 0 -187.619 -119.153 9997.53 0 2212 2693 1 0 1
-644.444 -173.253 0 272.44 275.037 9992.5 0 2212 2694 1 0 1
-101.952 253.589 0 49.3984 595.796 9982.11 0 2212 2695 1 0 1
-554.253 -34.3788 0 108.867 674.371 9976.64 0 2212 2696 1 0 1
-184.635 -159.394 0 66.9892 -293.861 9995.46 0 2212 2697 1 0 1
-57.6677 67.8089 0 -58.205 -364.018 9993.2 0 2212 2698 1 0 1
381.573 -50.7082 0 111.041 -521.555 9985.77 0 2212 2699 1 0 1
-545.007 -528.521 0 -266.181 -316.062 9991.46 0 2212 2700 1 0 1
-187.896 -302.406 0 125.578 532.533 9985.02 0 2212 2701 1 0 1
38.4957 -242.205 0 -421.34 403.617 9982.96 0 2212 2702 1 0 1
195.589 147.026 0 121.367 -342.381 9993.4 0 2212 2703 1 0 1
507.337 -51.9037 0 -9.43141 313.392 9995.08 0 2212 2704 1 0 1
-399.615 453.392 0 68.7299 592.895 9982.17 0 2212 2705 1 0 1
949.419 -43.0168 0 -64.1943 -582.292 9982.83 0 2212 2706 1 0 1
-772.761 28.4057 0 -319.566 238.28 9992.05 0 2212 2707 1 0 1
-126.14 132.443 0 -60.0897 -435.002 9990.35 0 2212 2708 1 0 1
-225.094 26.4605 0 61.9277 138.267 9998.85 0 2212 2709 1 0 1
-200.971 -157.87 0 -16.3311 -633.788 9979.88 0 2212 2710 1 0 1
108.855 127.16 0 -194.923 -260.1 9994.72 0 2212 2711 1 0 1
-270.271 158.025 0 -138.793 -378.078 9991.89 0 2212 2712 1 0 1
-903.471 -187.112 0 225.188 169.709 9996.02 0 2212 2713 1 0 1
-639.75 0.979872 0 -217.06 -212.112 9995.39 0 2212 2714 1 0 1
621.435 371.877 0 98.2491 319.055 9994.43 0 2212 2715 1 0 1
-402.323 -68.916 0 -192.308 -459.765 9987.57 0 2212 2716 1 0 1
-260.476 -209.385 0 224.515 -117.077 9996.79 0 2212 2717 1 0 1
-64.6349 -54.0957 0 -208.376 560.305 9982.12 0 2212 2718 1 0 1
725.347 350.506 0 -141.848 116.259 9998.32 0 2212 2719 1 0 1
78.8446 151.395 0 163.133 -570.431 9982.38 0 2212 2720 1 0 1
-17.1005 -355.541 0 -244.573 362.249 9990.44 0 2212 2721 1 0 1
367.223 -125.926 0 -96.0238 20.4017 9999.52 0 2212 2722 1 0 1
-156.616 -0.862135 0 259.759 -330.51 9991.16 0 2212 2723 1 0 1
-1185.89 -9.65041 0 -388.937 -214.764 9990.13 0 2212 2724 1 0 1
858.793 -50.3184 0 107.306 351.307 9993.25 0 2212 2725 1 0 1
-1357.05 528.48 0 89.6516 -154.697 9998.4 0 2212 2726 1 0 1
-644.834 60.9712 0 124.638 222.806 9996.74 0 2212 2727 1 0 1
453.365 146.778 0 53.9251 80.4637 9999.53 0 2212 2728 1 0 1
83.6178 -313.49 0 275.16 350.899 9990.05 0 2212 2729 1 0 1
1183.59 9.39882 0 -73.6116 63.158 9999.53 0 2212 2730 1 0 1
-1085.35 -218.363 0 366.464 -30.288 9993.24 0 2212 2731 1 0 1
109.222 89.8058 0 197.509 712.626 9972.62 0 2212 2732 1 0 1
-1118.37 135.963 0 8.81399 -307.424 9995.27 0 2212 2733 1 0 1
521.704 87.7562 0 -266.791 -656.04 9974.89 0 2212 2734 1 0 1
-248.134 154.689 0 -65.166 -556.528 9984.29 0 2212 2735 1 0 1
1059.32 182.445 0 137.728 -24.962 9999.02 0 2212 2736 1 0 1
28.1456 -45.6109 0 -109.941 -336.368 9993.74 0 2212 2737 1 0 1
519.863 75.593 0 15.147 -162.396 9998.67 0 2212 2738 1 0 1
406.48 -453.568 0 143.05 -326.757 9993.64 0 2212 2739 1 0 1
36.0795 -274.108 0 -27.431 135.406 9999.05 0 2212 2740 1 0 1
-439.329 30.2479 0 38.5901 633.971 9979.81 0 2212 2741 1 0 1
311.433 -157.535 0 236.774 -60.4216 9997.01 0 2212 2742 1 0 1
186.763 483.245 0 -35.4763 -256.425 9996.65 0 2212 2743 1 0 1
-1063.64 60.7519 0 -302.208 345.877 9989.45 0 2212 2744 1 0 1
436.97 278.147 0 4.89079 -91.6672 9999.58 0 2212 2745 1 0 1
476.7 94.0429 0 30.7528 -589.542 9982.56 0 2212 2746 1 0 1
-154.626 65.0025 0 -49.1267 -187.182 9998.13 0 2212 2747 1 0 1
-145.708 15.2569 0 37.504 -223.245 9997.44 0 2212 2748 1 0 1
-655.864 15.0172 0 255.835 242.091 9993.8 0 2212 2749 1 0 1
-63.7859 -28.6455 0 197.426 -222.778 9995.57 0 2212 2750 1 0 1
811.923 17.1289 0 -67.1935 -972.42 9952.38 0 2212 2751 1 0 1
217.607 107.482 0 -203.279 -532.128 9983.76 0 2212 2752 1 0 1
235.461 85.8453 0 -167.995 -252.326 9995.4 0 2212 2753 1 0 1
-522.075 147.041 0 -127.365 31.83 9999.14 0 2212 2754 1 0 1
-179.819 515.848 0 -2.91934 -466.547 9989.11 0 2212 2755 1 0 1
404.266 20.0477 0 -202.141 149.432 9996.84 0 2212 2756 1 0 1
-1384.37 -542.551 0 1.4905 -407.852 9991.68 0 2212 2757 1 0 1
393.499 164.574 0 125.636 -194.631 9997.32 0 2212 2758 1 0 1
-79.1041 -26.244 0 -72.8456 -513.055 9986.56 0 2212 2759 1 0 1
209.988 6.93999 0 -261.574 177.43 9995 0 2212 2760 1 0 1
-238.169 -282.897 0 246.619 317.33 9991.92 0 2212 2761 1 0 1
369.255 438.599 0 64.5424 -383.075 9992.45 0 2212 2762 1 0 1
474.929 125.444 0 -226.501 -91.0271 9997.02 0 2212 2763 1 0 1
436.427 -134.104 0 -68.8398 -256.306 9996.48 0 2212 2764 1 0 1
893.432 134.818 0 24.7011 -358.515 9993.54 0 2212 2765 1 0 1
-745.381 2.9031 0 -87.7715 320.998 9994.46 0 2212 2766 1 0 1
119.684 267.674 0 -219.672 226.281 9995.03 0 2212 2767 1 0 1
-283.251 283.061 0 -214.98 22.3971 9997.66 0 2212 2768 1 0 1
-483.03 -19.668 0 141.716 -332.267 9993.47 0 2212 2769 1 0 1
599.765 -104.494 0 -31.2966 -544.387 9985.12 0 2212 2770 1 0 1
407.375 -315.427 0 50.4472 -47.3957 9999.76 0 2212 2771 1 0 1
-493.501 28.0416 0 -257.04 220.48 9994.26 0 2212 2772 1 0 1
617.293 233.754 0 167.797 454.106 9988.27 0 2212 2773 1 0 1
-720.53 57.5761 0 -111.572 -213.394 9997.1 0 2212 2774 1 0 1
333.126 -699.393 0 -244.516 -253.215 9993.8 0 2212 2775 1 0 1
-291.593 -42.3548 0 140.902 -717.951 9973.2 0 2212 2776 1 0 1
-884.702 -317.64 0 134.334 45.1354 9999 0 2212 2777 1 0 1
499.35 64.4794 0 28.3039 402.298 9991.86 0 2212 2778 1 0 1
560.916 32.0174 0 15.3074 -161.467 9998.68 0 2212 2779 1 0 1
316.481 -277.818 0 -21.8512 -216.607 9997.63 0 2212 2780 1 0 1
-93.6923 -234.293 0 -173.84 369.021 9991.68 0 2212 2781 1 0 1
-16.2939 125.258 0 -98.5451 -120.822 9998.78 0 2212 2782 1 0 1
155.268 32.4914 0 68.047 -45.2461 9999.67 0 2212 2783 1 0 1
-18.9032 113.336 0 -303.179 -457.496 9984.93 0 2212 2784 1 0 1
-1536.87 -429.559 0 15.6189 652.464 9978.68 0 2212 2785 1 0 1
-220.711 221.951 0 -45.3631 -214.225 9997.6 0 2212 2786 1 0 1
578.023 240.89 0 107.919 -205.342 9997.31 0 2212 2787 1 0 1
-125.786 -41.0641 0 -83.7691 572.101 9983.27 0 2212 2788 1 0 1
236.038 -479.244 0 -14.1476 -454.507 9989.66 0 2212 2789 1 0 1
650.688 -8.83564 0 186.707 -19.6779 9998.24 0 2212 2790 1 0 1
149.923 480.09 0 -55.0813 87.3783 9999.47 0 2212 2791 1 0 1
461.163 -539.484 0 55.5564 -546.449 9984.9 0 2212 2792 1 0 1
-133.078 -464.491 0 -300.16 -398.842 9987.53 0 2212 2793 1 0 1
645.193 284.651 0 40.8087 -780.289 9969.43 0 2212 2794 1 0 1
-227.658 -439.104 0 91.0845 639.403 9979.12 0 2212 2795 1 0 1
-1718.06 -72.1254 0 -3.23728 57.3027 9999.84 0 2212 2796 1 0 1
591.452 -254.147 0 93.3775 129.629 9998.72 0 2212 2797 1 0 1
-245.833 36.4071 0 -65.1909 -561.217 9984.03 0 2212 2798 1 0 1
-107.39 -165.633 0 52.7574 -135.461 9998.94 0 2212 2799 1 0 1
-469.975 95.2786 0 72.439 -416.563 9991.06 0 2212 2800 1 0 1
240.339 59.9983 0 336.818 -714.497 9968.75 0 2212 2801 1 0 1
-1053.33 142.494 0 36.5548 379.986 9992.71 0 2212 2802 1 0 1
-196.507 46.9355 0 -138.594 731.051 9972.28 0 2212 2803 1 0 1
-117.989 215.103 0 -9.82528 304.333 9995.36 0 2212 2804 1 0 1
-530.081 601.529 0 31.1806 584.128 9982.88 0 2212 2805 1 0 1
232.265 113.993 0 -112.925 530.335 9985.29 0 2212 2806 1 0 1
813.208 -128.415 0 -239.078 -87.1926 9996.76 0 2212 2807 1 0 1
-413.98 -21.4843 0 85.8147 -599.121 9981.67 0 2212 2808 1 0 1
-61.2922 43.3398 0 -9.98765 -2.9756 9999.99 0 2212 2809 1 0 1
349.453 -51.4666 0 -54.8635 -267 9996.28 0 2212 2810 1 0 1
1273.51 -347.134 0 166.082 -329.446 9993.19 0 2212 2811 1 0 1
-617.652 71.2549 0 257.411 629.84 9976.83 0 2212 2812 1 0 1
-763.26 -77.2649 0 88.5856 -80.6181 9999.28 0 2212 2813 1 0 1
481.499 -256.975 0 -100.796 172.505 9998 0 2212 2814 1 0 1
-1013.11 237.367 0 207.546 365.402 9991.17 0 2212 2815 1 0 1
-530.341 -80.2325 0 -283.498 -839.786 9960.64 0 2212 2816 1 0 1
1336.53 -477.784 0 129.233 616.329 9980.15 0 2212 2817 1 0 1
-582.634 280.816 0 120.485 -181.368 9997.63 0 2212 2818 1 0 1
-658.464 -92.5043 0 10.5728 -175.75 9998.45 0 2212 2819 1 0 1
242.903 -259.157 0 543.88 76.5735 9984.91 0 2212 2820 1 0 1
75.5029 242.845 0 -188.281 326.993 9992.88 0 2212 2821 1 0 1
-1305.94 -127.452 0 0.933135 -678.931 9976.93 0 2212 2822 1 0 1
1480.21 -13.904 0 33.6916 484.63 9988.19 0 2212 2823 1 0 1
-577.67 86.6125 0 168.358 -342.352 9992.72 0 2212 2824 1 0 1
161.054 -335.139 0 86.0558 865.598 9962.09 0 2212 2825 1 0 1
-368.764 367.061 0 -157.45 -76.4592 9998.47 0 2212 2826 1 0 1
-482.266 81.0711 0 41.0258 -519.968 9986.39 0 2212 2827 1 0 1
150.286 67.9026 0 142.642 394.292 9991.21 0 2212 2828 1 0 1
-111.13 -188.152 0 -299.311 496.955 9983.16 0 2212 2829 1 0 1
-943.868 -29.2162 0 -66.1532 629.586 9979.94 0 2212 2830 1 0 1
-25.5736 -300.524 0 219.113 413.545 9989.04 0 2212 2831 1 0 1
546.816 -287.026 0 86.5283 417.714 9990.9 0 2212 2832 1 0 1
54.847 -76.7914 0 124.435 66.9835 9999 0 2212 2833 1 0 1
237.28 263.175 0 -376.211 351.744 9986.73 0 2212 2834 1 0 1
-977.748 -165.206 0 31.2802 -198.775 9997.98 0 2212 2835 1 0 1
-42.4768 -311.657 0 -31.853 12.6368 9999.94 0 2212 2836 1 0 1
288.008 -218.974 0 46.3715 -414.275 9991.31 0 2212 2837 1 0 1
-876.528 -41.6344 0 -29.2174 941.731 9955.52 0 2212 2838 1 0 1
-1108.97 -249.412 0 -97.1126 -25.3 9999.5 0 2212 2839 1 0 1
234.408 -204.696 0 -100.83 -134.174 9998.59 0 2212 2840 1 0 1
363.667 209.054 0 93.3327 -987.735 9950.66 0 2212 2841 1 0 1
245.351 353.389 0 -43.4911 169.591 9998.47 0 2212 2842 1 0 1
-1061.82 -36.9855 0 -167.549 156.783 9997.37 0 2212 2843 1 0 1
55.4874 -27.864 0 73.6389 236.505 9996.93 0 2212 2844 1 0 1
389.538 374.737 0 -136.472 130.84 9998.21 0 2212 2845 1 0 1
-58.089 105.026 0 -52.3991 -19.1633 9999.84 0 2212 2846 1 0 1
21.4661 93.3486 0 -54.9185 -128.101 9999.03 0 2212 2847 1 0 1
-47.3896 249.211 0 -162.568 999.554 9948.59 0 2212 2848 1 0 1
225.633 -214.69 0 -125.29 -409.668 9990.82 0 2212 2849 1 0 1
730.175 44.1448 0 -179.349 -541.701 9983.71 0 2212 2850 1 0 1
-76.7039 -473.688 0 -203.041 2.17407 9997.94 0 2212 2851 1 0 1
-745.393 -145.042 0 57.9558 -278.831 9995.94 0 2212 2852 1 0 1
-483.195 240.612 0 -402.328 -143.665 9990.87 0 2212 2853 1 0 1
-597.111 -175.407 0 117.053 399.948 9991.31 0 2212 2854 1 0 1
201.901 -157.381 0 -24.8873 -60.7532 9999.78 0 2212 2855 1 0 1
750.703 30.3691 0 134.267 460.617 9988.48 0 2212 2856 1 0 1
-102.047 178.236 0 139.293 631.198 9979.09 0 2212 2857 1 0 1
-82.0966 53.3708 0 -252.686 -108.653 9996.22 0 2212 2858 1 0 1
-279.992 -385.218 0 -256.351 -459.469 9986.15 0 2212 2859 1 0 1
-222.948 84.7173 0 83.8083 -144.455 9998.61 0 2212 2860 1 0 1
207.883 -562.337 0 174.063 37.1947 9998.42 0 2212 2861 1 0 1
-511.46 643.191 0 127.476 229.382 9996.56 0 2212 2862 1 0 1
-36.1866 -137.339 0 55.8205 -303.466 9995.24 0 2212 2863 1 0 1
135.542 -223.602 0 -25.0232 483.387 9988.28 0 2212 2864 1 0 1
-648.288 84.8267 0 -152.187 -482.062 9987.21 0 2212 2865 1 0 1
535.019 -187.158 0 -113.895 -131.29 9998.49 0 2212 2866 1 0 1
-160.024 -146.986 0 -50.9541 -92.9919 9999.44 0 2212 2867 1 0 1
288.66 -38.9898 0 26.4781 -717.906 9974.16 0 2212 2868 1 0 1
-200.775 -278.754 0 74.2762 -309.253 9994.94 0 2212 2869 1 0 1
-794.175 250.219 0 -15.8853 642.728 9979.31 0 2212 2870 1 0 1
-732.408 243.316 0 58.495 -545.219 9984.95 0 2212 2871 1 0 1
277.069 52.9586 0 -117.646 71.0503 9999.06 0 2212 2872 1 0 1
-980.891 509.254 0 109.227 -298.712 9994.94 0 2212 2873 1 0 1
-268.285 -180.343 0 -283.045 -99.4947 9995.5 0 2212 2874 1 0 1
385.239 -372.756 0 -86.1858 666.193 9977.41 0 2212 2875 1 0 1
-13.3977 -30.9412 0 -9.97772 588.446 9982.67 0 2212 2876 1 0 1
-495.068 -77.2816 0 57.6264 -0.817581 9999.83 0 2212 2877 1 0 1
1032.19 -347.194 0 -184.97 -328.329 9992.9 0 2212 2878 1 0 1
516.425 42.6217 0 56.8855 651.767 9978.58 0 2212 2879 1 0 1
-853.573 -509.062 0 -86.943 -146.058 9998.56 0 2212 2880 1 0 1
-192.305 120.052 0 -125.698 -444.974 9989.3 0 2212 2881 1 0 1
391.382 151.21 0 143.426 109.51 9998.37 0 2212 2882 1 0 1
1059.26 -254.203 0 9.85094 382.973 9992.66 0 2212 2883 1 0 1
-548.294 74.0175 0 -31.1594 157.046 9998.72 0 2212 2884 1 0 1
149.136 44.1766 0 260.955 154.148 9995.41 0 2212 2885 1 0 1
-737.404 -131.33 0 -162.546 222.096 9996.21 0 2212 2886 1 0 1
926.363 -219.909 0 209.677 -48.3883 9997.68 0 2212 2887 1 0 1
-289.661 110.679 0 -153.829 -429.214 9989.6 0 2212 2888 1 0 1
-185.742 -30.5725 0 162.959 -321.97 9993.49 0 2212 2889 1 0 1
-271.331 -276.821 0 -7.86261 -432.071 9990.66 0 2212 2890 1 0 1
673.438 63.7839 0 -132.503 -263.833 9995.64 0 2212 2891 1 0 1
-1024.12 -203.022 0 83.5584 -557.341 9984.11 0 2212 2892 1 0 1
-256.501 450.044 0 165.326 -227.263 9996.05 0 2212 2893 1 0 1
-189.546 -200.298 0 217.244 112.649 9997.01 0 2212 2894 1 0 1
160.503 -239.743 0 -122.738 -10.6468 9999.24 0 2212 2895 1 0 1
284.555 467.572 0 -33.8901 94.1543 9999.5 0 2212 2896 1 0 1
1398.85 -182.032 0 264.696 609.193 9977.92 0 2212 2897 1 0 1
-370.889 162.496 0 -194.905 -267.569 9994.52 0 2212 2898 1 0 1
64.4647 78.2181 0 296.161 276.647 9991.78 0 2212 2899 1 0 1
1169.03 120.789 0 -208.291 -208.03 9995.67 0 2212 2900 1 0 1
55.7976 -63.6233 0 212.608 168.432 9996.32 0 2212 2901 1 0 1
-278.296 89.9659 0 134.47 -267.498 9995.52 0 2212 2902 1 0 1
-86.5832 -190.712 0 245.767 291.811 9992.72 0 2212 2903 1 0 1
184.342 280.859 0 -23.757 510.146 9986.95 0 2212 2904 1 0 1
223.372 -6.69275 0 51.2772 -333.436 9994.31 0 2212 2905 1 0 1
774.48 -107.765 0 95.5941 618.817 9980.38 0 2212 2906 1 0 1
-189.249 29.6128 0 76.6597 10.1338 9999.7 0 2212 2907 1 0 1
-1540.39 8.51053 0 151.305 -356.934 9992.48 0 2212 2908 1 0 1
-1036.08 363.241 0 -130.367 -408.085 9990.82 0 2212 2909 1 0 1
90.0791 -53.4812 0 76.7354 -598.106 9981.8 0 2212 2910 1 0 1
8.70669 -8.2956 0 -26.7933 475.981 9988.63 0 2212 2911 1 0 1
572.929 -457.47 0 131.487 654.797 9977.67 0 2212 2912 1 0 1
53.1158 318.658 0 -48.103 -29.3145 9999.84 0 2212 2913 1 0 1
917.172 85.0911 0 82.7276 -90.0968 9999.25 0 2212 2914 1 0 1
-66.7867 -358.673 0 -81.9763 -743.164 9972.01 0 2212 2915 1 0 1
555.741 276.071 0 12.1346 176.628 9998.43 0 2212 2916 1 0 1
131.683 294.387 0 150.629 -942.808 9954.32 0 2212 2917 1 0 1
406.894 -230.021 0 -546.98 787.282 9953.94 0 2212 2918 1 0 1
1144.5 -308.627 0 14.0973 -22.2219 9999.97 0 2212 2919 1 0 1
263.126 -119.377 0 -161.924 -82.3646 9998.35 0 2212 2920 1 0 1
-262.412 -111.41 0 -3.61534 298.675 9995.54 0 2212 2921 1 0 1
640.943 174.803 0 -141.029 374.203 9992 0 2212 2922 1 0 1
-239.428 160.994 0 214.519 145.143 9996.65 0 2212 2923 1 0 1
94.765 -59.6703 0 50.55 422.477 9990.94 0 2212 2924 1 0 1
794.219 240.3 0 347.904 -223.575 9991.45 0 2212 2925 1 0 1
-313.215 -184.056 0 -210.578 511.347 9984.7 0 2212 2926 1 0 1
639.723 182.061 0 -73.0187 62.9033 9999.54 0 2212 2927 1 0 1
-320.789 136.644 0 -1.99294 627.658 9980.28 0 2212 2928 1 0 1
589.709 -76.0257 0 95.2779 167.419 9998.14 0 2212 2929 1 0 1
155.265 9.6226 0 -95.8258 -586.374 9982.33 0 2212 2930 1 0 1
845.336 -291.249 0 60.7247 238.312 9996.98 0 2212 2931 1 0 1
-331.004 301.738 0 -0.0905779 221.558 9997.55 0 2212 2932 1 0 1
-980.518 -36.5768 0 189.054 5.21525 9998.21 0 2212 2933 1 0 1
-723.67 11.7652 0 290.227 290.358 9991.57 0 2212 2934 1 0 1
-117.126 260.301 0 -79.2297 254.234 9996.45 0 2212 2935 1 0 1
351.84 -453.749 0 -246.466 -35.3739 9996.9 0 2212 2936 1 0 1
-419.802 -193.859 0 243.882 -69.2408 9996.79 0 2212 2937 1 0 1
-1089.94 48.6966 0 78.4305 61.3864 9999.5 0 2212 2938 1 0 1
110.437 32.0398 0 22.4888 -238.472 9997.13 0 2212 2939 1 0 1
614.156 -6.43477 0 -110.075 383.489 9992.04 0 2212 2940 1 0 1
285.012 246.358 0 249.1 -553.582 9981.56 0 2212 2941 1 0 1
513.568 -147.16 0 -54.3024 333.404 9994.29 0 2212 2942 1 0 1
-1026.45 -209.568 0 -4.58377 -47.1018 9999.89 0 2212 2943 1 0 1
73.9891 -159.563 0 -211.871 27.152 9997.72 0 2212 2944 1 0 1
67.4393 -369.815 0 -74.299 189.877 9997.92 0 2212 2945 1 0 1
-417.502 205.413 0 76.6279 51.7018 9999.57 0 2212 2946 1 0 1
147.762 183.961 0 -10.7452 -57.9317 9999.83 0 2212 2947 1 0 1
-323.17 14.0146 0 -94.5749 215.819 9997.22 0 2212 2948 1 0 1
15.5078 -390.715 0 -87.2964 257.718 9996.3 0 2212 2949 1 0 1
9.78046 -132.291 0 -154.024 -504.908 9986.06 0 2212 2950 1 0 1
135.237 229.593 0 161.988 -781.628 9968.09 0 2212 2951 1 0 1
1090.7 90.6884 0 -115.383 259.066 9995.98 0 2212 2952 1 0 1
340.654 -138.636 0 -364.075 -94.7815 9992.92 0 2212 2953 1 0 1
551.84 184.001 0 -178.456 -314.862 9993.45 0 2212 2954 1 0 1
-316.19 -26.5148 0 -118.342 -327.601 9993.93 0 2212 2955 1 0 1
568.711 -56.9791 0 -104.121 326.752 9994.12 0 2212 2956 1 0 1
99.101 195.204 0 217.01 -74.5024 9997.37 0 2212 2957 1 0 1
472.743 -121.236 0 -74.8236 188.893 9997.94 0 2212 2958 1 0 1
110.589 -82.7358 0 206.398 249.233 9994.76 0 2212 2959 1 0 1
-522.88 168.109 0 149.385 -221.094 9996.44 0 2212 2960 1 0 1
-594.877 137.734 0 -227.756 -199.057 9995.42 0 2212 2961 1 0 1
285.725 127.013 0 92.5911 522.988 9985.89 0 2212 2962 1 0 1
224.384 -451.695 0 -134.356 148.552 9997.99 0 2212 2963 1 0 1
396.229 429.662 0 -43.2441 -605.095 9981.58 0 2212 2964 1 0 1
206.048 -2.89629 0 75.9573 101.424 9999.2 0 2212 2965 1 0 1
238.695 323.252 0 187.004 -38.9419 9998.18 0 2212 2966 1 0 1
-9.0353 49.6857 0 42.219 189.525 9998.11 0 2212 2967 1 0 1
-1408.45 -415.274 0 -115.711 -173.787 9997.82 0 2212 2968 1 0 1
156.469 146.136 0 50.4358 256.608 9996.58 0 2212 2969 1 0 1
19.1815 188.492 0 22.9877 -251.855 9996.8 0 2212 2970 1 0 1
231.91 -46.5727 0 493.336 -334.649 9982.22 0 2212 2971 1 0 1
526.506 167.144 0 72.0298 20.3952 9999.72 0 2212 2972 1 0 1
607.291 -0.570984 0 -35.4909 -939.798 9955.68 0 2212 2973 1 0 1
514.788 -342.412 0 -170.945 -49.9207 9998.41 0 2212 2974 1 0 1
-381.534 -30.864 0 -38.3155 -222.747 9997.45 0 2212 2975 1 0 1
-158.17 229.039 0 10.8841 -22.5916 9999.97 0 2212 2976 1 0 1
-541.354 106.35 0 -206.404 -250.29 9994.74 0 2212 2977 1 0 1
-895.134 -88.2195 0 -314.735 15.0312 9995.03 0 2212 2978 1 0 1
-538.085 225.506 0 373.247 -606.742 9974.6 0 2212 2979 1 0 1
721.62 -7.96998 0 -174.607 -139.451 9997.5 0 2212 2980 1 0 1
-640.368 352.961 0 -93.3196 204.828 9997.47 0 2212 2981 1 0 1
507.353 235.261 0 -69.5679 700.608 9975.18 0 2212 2982 1 0 1
664.121 -12.1063 0 -206.745 -169.172 9996.43 0 2212 2983 1 0 1
791.14 182.079 0 96.7106 -231.025 9996.86 0 2212 2984 1 0 1
-1280.86 335.429 0 -99.1141 -290.753 9995.28 0 2212 2985 1 0 1
296.043 -19.8461 0 82.3291 -94.0294 9999.22 0 2212 2986 1 0 1
-1253.34 -82.8512 0 68.1193 -19.4179 9999.75 0 2212 2987 1 0 1
480.899 -404.444 0 91.2864 121.689 9998.84 0 2212 2988 1 0 1
305.784 147.405 0 -100.819 -318.403 9994.42 0 2212 2989 1 0 1
365.52 -267.287 0 118.629 106.591 9998.73 0 2212 2990 1 0 1
-473.516 152.025 0 50.7468 346.428 9993.87 0 2212 2991 1 0 1
391.541 44.9356 0 260.507 -1.47544 9996.61 0 2212 2992 1 0 1
-488.51 -22.8498 0 -202.979 -211.463 9995.7 0 2212 2993 1 0 1
-13.5835 -11.8908 0 -29.0786 -473.477 9988.74 0 2212 2994 1 0 1
184.47 100.621 0 -24.2077 -50.0584 9999.85 0 2212 2995 1 0 1
178.554 -182.709 0 -356.667 101.538 9993.12 0 2212 2996 1 0 1
-144.03 278.882 0 172.462 177.561 9996.94 0 2212 2997 1 0 1
1070.08 -336.355 0 -68.9244 -385.409 9992.33 0 2212 2998 1 0 1
615.667 -313.327 0 67.1939 -574.139 9983.28 0 2212 2999 1 0 1
-556.702 -276.282 0 162.639 -40.9376 9998.59 0 2212 3000 1 0 1
91.1417 -171.057 0 -272.249 269.816 9992.65 0 2212 3001 1 0 1
-838.031 95.0161 0 -215.906 324.022 9992.42 0 2212 3002 1 0 1
690.9 153.521 0 69.5667 349.178 9993.66 0 2212 3003 1 0 1
-395.42 233.755 0 -398.053 -245.276 9989.06 0 2212 3004 1 0 1
-194.995 426.305 0 47.1833 -217.14 9997.53 0 2212 3005 1 0 1
427.756 121.147 0 -186.42 56.1294 9998.1 0 2212 3006 1 0 1
-502.479 -202.258 0 61.1807 423.579 9990.84 0 2212 3007 1 0 1
-180.928 -227.886 0 269.728 -106.526 9995.79 0 2212 3008 1 0 1
435.258 37.7892 0 -227.567 770.778 9967.65 0 2212 3009 1 0 1
-423.37 202.184 0 289.677 19.962 9995.78 0 2212 3010 1 0 1
326.464 -24.2532 0 94.2779 -420.046 9990.73 0 2212 3011 1 0 1
585.719 -548.559 0 -144.346 -125.379 9998.17 0 2212 3012 1 0 1
912.022 -7.6841 0 69.5198 952.745 9954.27 0 2212 3013 1 0 1
-192.289 108.734 0 -382.676 203.891 9990.59 0 2212 3014 1 0 1
197.615 -188.319 0 198.115 554.982 9982.62 0 2212 3015 1 0 1
96.314 97.7291 0 94.9686 586.628 9982.33 0 2212 3016 1 0 1
782.693 -239.367 0 -40.9432 781.493 9969.33 0 2212 3017 1 0 1
428.903 110.648 0 164.777 431.343 9989.33 0 2212 3018 1 0 1
272.487 -172.459 0 100.475 -491.378 9987.41 0 2212 3019 1 0 1
-325.737 155.256 0 -25.3465 62.2958 9999.77 0 2212 3020 1 0 1
589.924 469.506 0 100.522 -85.5951 9999.13 0 2212 3021 1 0 1
1196.02 456.91 0 45.8834 -138.445 9998.94 0 2212 3022 1 0 1
384.878 142.271 0 46.8563 301.686 9995.34 0 2212 3023 1 0 1
38.1846 -126.713 0 -72.8608 -366.682 9993.01 0 2212 3024 1 0 1
-307.796 67.963 0 -17.8617 403.756 9991.83 0 2212 3025 1 0 1
100.886 -27.8462 0 25.5321 -26.8298 9999.93 0 2212 3026 1 0 1
343.989 313.049 0 85.0053 298.824 9995.17 0 2212 3027 1 0 1
-74.8271 -3.0406 0 314.299 209.189 9992.87 0 2212 3028 1 0 1
-609.783 -99.4069 0 -117.159 -161.214 9998.01 0 2212 3029 1 0 1
-998.94 171.105 0 -196.91 -732.893 9971.16 0 2212 3030 1 0 1
-659.165 -147.539 0 23.7511 -31.2712 9999.92 0 2212 3031 1 0 1
-122.569 -152.082 0 6.70738 -110.033 9999.39 0 2212 3032 1 0 1
33.4619 -237.607 0 -258.908 638.233 9976.25 0 2212 3033 1 0 1
-510.339 383.22 0 -139.592 126.068 9998.23 0 2212 3034 1 0 1
-18.8638 252.438 0 -208.479 -101.426 9997.31 0 2212 3035 1 0 1
309.561 -6.42856 0 -38.4117 -247.507 9996.86 0 2212 3036 1 0 1
-30.2349 25.1072 0 -43.8638 -520.439 9986.35 0 2212 3037 1 0 1
-814.512 468.257 0 61.9524 -101.579 9999.29 0 2212 3038 1 0 1
-89.8442 -273.903 0 -30.372 6.66662 9999.95 0 2212 3039 1 0 1
-244.787 225.13 0 73.3222 175.894 9998.18 0 2212 3040 1 0 1
-139.373 -33.0912 0 -103.839 -19.243 9999.44 0 2212 3041 1 0 1
-467.851 351.818 0 -494.387 -371.787 9980.85 0 2212 3042 1 0 1
376.054 -54.0644 0 -266.361 -600.457 9978.4 0 2212 3043 1 0 1
136.746 401.696 0 314.428 -663.905 9972.98 0 2212 3044 1 0 1
-977.505 201.176 0 -252.307 -191.326 9994.99 0 2212 3045 1 0 1
-139.89 -77.0469 0 -213.885 -527.011 9983.81 0 2212 3046 1 0 1
86.9678 183.529 0 239.363 851.759 9960.78 0 2212 3047 1 0 1
874.102 -269.268 0 304.682 -607.642 9976.87 0 2212 3048 1 0 1
-21.0355 -230.414 0 105.302 -387.614 9991.93 0 2212 3049 1 0 1
-272.676 121.042 0 -15.4096 -3.23622 9999.99 0 2212 3050 1 0 1
-244.528 -48.4391 0 -196.692 94.3639 9997.62 0 2212 3051 1 0 1
608.713 -7.20809 0 -50.0254 346.56 9993.87 0 2212 3052 1 0 1
122.141 412.32 0 -21.1996 511.401 9986.89 0 2212 3053 1 0 1
-176.113 347.394 0 -43.1309 322.156 9994.72 0 2212 3054 1 0 1
-135.938 -97.8453 0 10.3679 378.144 9992.84 0 2212 3055 1 0 1
192.886 -57.2695 0 83.1241 35.3908 9999.59 0 2212 3056 1 0 1
-547.668 366.138 0 -22.5145 29.1061 9999.93 0 2212 3057 1 0 1
-228.672 291.321 0 190.088 567.313 9982.09 0 2212 3058 1 0 1
366.454 -236.353 0 196.452 -505.424 9985.29 0 2212 3059 1 0 1
264.856 215.557 0 87.8308 -282.157 9995.63 0 2212 3060 1 0 1
-75.963 105.066 0 121.263 59.5734 9999.09 0 2212 3061 1 0 1
-253.149 42.7486 0 -9.47295 381.141 9992.73 0 2212 3062 1 0 1
-879.264 -120.061 0 9.80423 651.651 9978.74 0 2212 3063 1 0 1
225.603 10.5142 0 89.8271 351.309 9993.42 0 2212 3064 1 0 1
-375.085 250.016 0 -171.678 -428.424 9989.34 0 2212 3065 1 0 1
654.797 -104.741 0 -29.6308 209.564 9997.76 0 2212 3066 1 0 1
-4.71413 117.527 0 90.8646 -809.843 9966.74 0 2212 3067 1 0 1
-263.406 -255.513 0 -77.1443 37.33 9999.63 0 2212 3068 1 0 1
-249.241 234.147 0 50.7824 -33.711 9999.81 0 2212 3069 1 0 1
-854.243 22.8857 0 188.684 289.34 9994.03 0 2212 3070 1 0 1
-33.1337 -248.481 0 -96.6803 291.596 9995.28 0 2212 3071 1 0 1
143.07 -46.9332 0 52.4607 -186.006 9998.13 0 2212 3072 1 0 1
-88.7628 -118.925 0 -78.8896 -222.126 9997.22 0 2212 3073 1 0 1
220.537 -299.971 0 241.298 -225.315 9994.55 0 2212 3074 1 0 1
-106.867 113.423 0 -329.768 -283.927 9990.53 0 2212 3075 1 0 1
-1153.36 -87.598 0 -195.559 185.011 9996.38 0 2212 3076 1 0 1
2.4169 104.407 0 52.9014 -351.783 9993.67 0 2212 3077 1 0 1
841.145 272.062 0 -136.245 -992.087 9949.73 0 2212 3078 1 0 1
-667.593 -23.5641 0 301.195 93.1898 9995.03 0 2212 3079 1 0 1
328.112 -6.75296 0 199.623 121.21 9997.27 0 2212 3080 1 0 1
40.4193 -10.9319 0 -122.539 227.021 9996.67 0 2212 3081 1 0 1
-567.747 72.0748 0 213.232 -405.975 9989.48 0 2212 3082 1 0 1
-83.3928 18.1374 0 214.9 -266.09 9994.15 0 2212 3083 1 0 1
1227.02 -210.407 0 -174.817 -326.624 9993.14 0 2212 3084 1 0 1
366.744 -112.874 0 308.272 -430.178 9985.99 0 2212 3085 1 0 1
-339.856 97.939 0 59.1609 491.678 9987.73 0 2212 3086 1 0 1
-874.523 505.067 0 135.542 102.668 9998.55 0 2212 3087 1 0 1
350.341 -86.2032 0 132.303 -598.984 9981.17 0 2212 3088 1 0 1
-840.591 36.1598 0 29.297 775.108 9969.87 0 2212 3089 1 0 1
-693.825 -295.306 0 18.1067 334.063 9994.4 0 2212 3090 1 0 1
667.656 -141.249 0 188.022 -150.114 9997.11 0 2212 3091 1 0 1
-12.995 -212.236 0 180.71 -419.991 9989.54 0 2212 3092 1 0 1
-282.579 -238.879 0 -116.501 -65.9408 9999.1 0 2212 3093 1 0 1
-21.331 383.898 0 -233.425 605.854 9978.9 0 2212 3094 1 0 1
216.469 278.632 0 -413.008 18.449 9991.45 0 2212 3095 1 0 1
644.093 -230.085 0 -176.335 -488.083 9986.52 0 2212 3096 1 0 1
-472.59 -185.747 0 50.8909 -543.815 9985.07 0 2212 3097 1 0 1
-270.686 2.57111 0 138.514 -451.701 9988.83 0 2212 3098 1 0 1
125.945 428.839 0 -42.7849 777.641 9969.63 0 2212 3099 1 0 1
-121.346 -140.22 0 106.975 231.132 9996.76 0 2212 3100 1 0 1
-701.293 -181.011 0 171.098 955.66 9952.76 0 2212 3101 1 0 1
-399.665 53.6452 0 229.581 361.412 9990.83 0 2212 3102 1 0 1
-921.737 202.257 0 -140.706 66.2682 9998.79 0 2212 3103 1 0 1
1434.03 -59.6551 0 -99.3086 -90.9371 9999.09 0 2212 3104 1 0 1
-258.858 303.839 0 -53.2711 -40.7971 9999.77 0 2212 3105 1 0 1
-142.275 -113.819 0 275.369 -426.375 9987.11 0 2212 3106 1 0 1
-102.028 -294.814 0 -28.0329 247.451 9996.9 0 2212 3107 1 0 1
69.9545 171.547 0 -254.085 356.855 9990.4 0 2212 3108 1 0 1
-8.65162 137.739 0 118.436 -229.759 9996.66 0 2212 3109 1 0 1
739.772 -190.483 0 184.806 227.747 9995.7 0 2212 3110 1 0 1
78.1425 78.8321 0 421.941 1251.01 9912.46 0 2212 3111 1 0 1
-367.942 -355.705 0 -31.0273 648.47 9978.9 0 2212 3112 1 0 1
-236.313 -383.833 0 267.172 -100.655 9995.92 0 2212 3113 1 0 1
211.797 -7.94693 0 266.005 169.161 9995.03 0 2212 3114 1 0 1
112.984 300.106 0 -222.425 139.331 9996.56 0 2212 3115 1 0 1
252.217 -79.6593 0 39.5601 415.975 9991.27 0 2212 3116 1 0 1
-346.058 -126.887 0 173.147 -573.089 9982.06 0 2212 3117 1 0 1
-807.307 -401.219 0 -50.453 -202.506 9997.82 0 2212 3118 1 0 1
529.931 55.143 0 29.2173 -530.579 9985.87 0 2212 3119 1 0 1
290.184 211.593 0 34.847 282.788 9995.94 0 2212 3120 1 0 1
-556.36 70.5254 0 246 282.98 9992.97 0 2212 3121 1 0 1
445.368 -108.461 0 -411.671 -222.021 9989.06 0 2212 3122 1 0 1
-187.243 -184.619 0 -79.744 -481.164 9988.1 0 2212 3123 1 0 1
469.131 -142.311 0 -188.835 -612.229 9979.45 0 2212 3124 1 0 1
62.5266 -89.7244 0 113.596 -487.211 9987.48 0 2212 3125 1 0 1
-18.6935 320.049 0 93.9053 88.7683 9999.17 0 2212 3126 1 0 1
267.666 -708.627 0 -160.993 78.44 9998.4 0 2212 3127 1 0 1
186.205 357.098 0 -96.1638 -420.357 9990.7 0 2212 3128 1 0 1
82.4781 -328.821 0 134.822 30.228 9999.05 0 2212 3129 1 0 1
639.848 32.8088 0 275.408 143.71 9995.17 0 2212 3130 1 0 1
-87.893 -113.449 0 182.233 552.277 9983.07 0 2212 3131 1 0 1
1190.62 -190.083 0 -227.337 34.4626 9997.36 0 2212 3132 1 0 1
233.729 46.6063 0 -15.0659 297.188 9995.57 0 2212 3133 1 0 1
222.479 59.549 0 -119.755 -867.555 9961.58 0 2212 3134 1 0 1
-543.819 401.277 0 3.62909 98.7864 9999.51 0 2212 3135 1 0 1
602.848 39.3428 0 -108.33 364.999 9992.75 0 2212 3136 1 0 1
-665.367 143.23 0 29.1671 -395.315 9992.14 0 2212 3137 1 0 1
493.655 -356.566 0 21.8591 141.363 9998.98 0 2212 3138 1 0 1
442.074 -439.952 0 183.919 105.854 9997.75 0 2212 3139 1 0 1
-577.13 -137.936 0 -393.354 209.977 9990.05 0 2212 3140 1 0 1
14.7887 -491.389 0 472.391 -164.347 9987.48 0 2212 3141 1 0 1
205.832 -235.271 0 47.2568 -600.904 9981.82 0 2212 3142 1 0 1
158.626 -201.576 0 125.686 84.824 9998.85 0 2212 3143 1 0 1
416.487 -128.33 0 127.782 -122.24 9998.44 0 2212 3144 1 0 1
-446.813 98.3979 0 -50.3943 842.54 9964.32 0 2212 3145 1 0 1
672.459 -380.353 0 -278.654 65.9207 9995.9 0 2212 3146 1 0 1
628.712 161.385 0 -4.03413 17.7549 9999.98 0 2212 3147 1 0 1
-473.831 -308.498 0 -8.69365 -437.426 9990.42 0 2212 3148 1 0 1
359.028 -129.61 0 -81.0249 -501.421 9987.09 0 2212 3149 1 0 1
-235.54 -253.893 0 -263.358 232.979 9993.82 0 2212 3150 1 0 1
-712.791 410.098 0 -3.38937 -935.537 9956.14 0 2212 3151 1 0 1
-18.0635 -502.258 0 -20.8853 939.8 9955.72 0 2212 3152 1 0 1
325.713 -542.303 0 -124.537 -254.027 9996 0 2212 3153 1 0 1
-930.063 117.294 0 4.42881 -15.2269 9999.99 0 2212 3154 1 0 1
-331.811 47.2015 0 267.754 230.036 9993.77 0 2212 3155 1 0 1
-105.862 258.149 0 -129.843 413.722 9990.59 0 2212 3156 1 0 1
395.548 -125.802 0 61.4733 -117.707 9999.12 0 2212 3157 1 0 1
-304.741 445.377 0 39.2757 209.986 9997.72 0 2212 3158 1 0 1
93.5699 -38.4054 0 196.709 -517.383 9984.67 0 2212 3159 1 0 1
-364.206 -32.0554 0 60.1276 -47.2655 9999.71 0 2212 3160 1 0 1
211.058 443.396 0 49.7951 -567.29 9983.77 0 2212 3161 1 0 1
-730.322 259.781 0 -399.789 -68.9401 9991.77 0 2212 3162 1 0 1
-222.677 261.174 0 66.5731 107.662 9999.2 0 2212 3163 1 0 1
-70.5364 383.014 0 -48.5253 -203.042 9997.82 0 2212 3164 1 0 1
96.2634 -166.351 0 -84.8424 -14.4559 9999.63 0 2212 3165 1 0 1
-178.255 123.768 0 58.7318 -167.522 9998.42 0 2212 3166 1 0 1
343.45 -31.7327 0 71.0122 359.267 9993.29 0 2212 3167 1 0 1
342.988 -48.6641 0 -89.3518 -215.244 9997.28 0 2212 3168 1 0 1
-611.038 -406.501 0 302.848 103.634 9994.88 0 2212 3169 1 0 1
349.481 55.25 0 62.1278 -264.386 9996.31 0 2212 3170 1 0 1
257.035 44.6963 0 66.2906 49.3951 9999.66 0 2212 3171 1 0 1
-107.222 64.033 0 -114.837 -508.433 9986.41 0 2212 3172 1 0 1
31.1118 -170.976 0 88.6739 -83.0166 9999.26 0 2212 3173 1 0 1
-570.381 -150.098 0 -17.1906 419.711 9991.17 0 2212 3174 1 0 1
-489.703 104.74 0 308.539 -428.189 9986.06 0 2212 3175 1 0 1
-195.386 -42.6082 0 -111.633 236.077 9996.59 0 2212 3176 1 0 1
-568.23 -127.556 0 -109.396 -327.085 9994.05 0 2212 3177 1 0 1
756.426 217.747 0 -32.0267 77.2605 9999.65 0 2212 3178 1 0 1
131.54 -223.639 0 100.668 898.416 9959.05 0 2212 3179 1 0 1
156.696 13.2008 0 -125.394 -220.816 9996.78 0 2212 3180 1 0 1
-282.843 -75.6994 0 171.771 125.791 9997.73 0 2212 3181 1 0 1
-356.372 -452.779 0 79.2127 330.973 9994.21 0 2212 3182 1 0 1
347.506 472.011 0 -140.947 -117.635 9998.31 0 2212 3183 1 0 1
-403.099 72.1046 0 59.5979 570.098 9983.56 0 2212 3184 1 0 1
-66.5971 518.339 0 -49.581 330.419 9994.42 0 2212 3185 1 0 1
596.894 140.013 0 -225.698 -123.606 9996.69 0 2212 3186 1 0 1
629.422 72.7759 0 -309.277 -223.594 9992.72 0 2212 3187 1 0 1
-426.466 277.996 0 -156.026 439.4 9989.12 0 2212 3188 1 0 1
-213.924 29.8991 0 -81.5327 388.213 9992.13 0 2212 3189 1 0 1
891.667 -29.6645 0 -299.558 164.411 9994.16 0 2212 3190 1 0 1
57.5763 478.319 0 33.2237 21.0258 9999.92 0 2212 3191 1 0 1
-585.842 128.807 0 390.635 -302.135 9987.8 0 2212 3192 1 0 1
-819.3 163.572 0 380.499 -476.995 9981.37 0 2212 3193 1 0 1
149.265 47.991 0 294.223 157.996 9994.42 0 2212 3194 1 0 1
-692.388 251.225 0 94.0303 101.027 9999.05 0 2212 3195 1 0 1
-0.248296 248.81 0 170.218 -334.117 9992.97 0 2212 3196 1 0 1
-466.93 -240.583 0 -147.301 -18.4118 9998.9 0 2212 3197 1 0 1
-801.014 162.18 0 -167.558 -31.5266 9998.55 0 2212 3198 1 0 1
347.211 375.383 0 -169.193 474.356 9987.31 0 2212 3199 1 0 1
-207.138 386.685 0 -58.9917 -133.701 9998.93 0 2212 3200 1 0 1
-1501.07 -227.563 0 260.257 -107.196 9996.04 0 2212 3201 1 0 1
-411.945 -130.407 0 163.941 -357.954 9992.25 0 2212 3202 1 0 1
-173.442 -400.48 0 -40.1771 854.88 9963.31 0 2212 3203 1 0 1
717.424 -298.909 0 -17.5537 -191.327 9998.15 0 2212 3204 1 0 1
-991.81 -163.796 0 464.388 -49.361 9989.09 0 2212 3205 1 0 1
299.409 -110.224 0 217.157 -151.359 9996.5 0 2212 3206 1 0 1
733.559 -82.5167 0 250.812 338.071 9991.14 0 2212 3207 1 0 1
163.787 -3.55024 0 117.786 -347.102 9993.28 0 2212 3208 1 0 1
28.0424 -135.671 0 -45.1561 185.249 9998.18 0 2212 3209 1 0 1
-750.04 -452.391 0 245.443 9.40161 9996.98 0 2212 3210 1 0 1
303.569 277.214 0 -150.133 397.991 9990.95 0 2212 3211 1 0 1
-180.815 0.665378 0 144.559 -557.758 9983.39 0 2212 3212 1 0 1
1203.9 -7.79266 0 -366.276 143.12 9992.26 0 2212 3213 1 0 1
38.6171 130.428 0 -0.246153 629.389 9980.17 0 2212 3214 1 0 1
-478.493 49.7055 0 30.5906 -1.27119 9999.95 0 2212 3215 1 0 1
325.143 145.014 0 -220.948 -424.5 9988.54 0 2212 3216 1 0 1
-607.294 -48.1061 0 78.7131 -41.9594 9999.6 0 2212 3217 1 0 1
299.024 470.784 0 18.6291 738.254 9972.69 0 2212 3218 1 0 1
401.454 45.2017 0 -126.985 -847.294 9963.23 0 2212 3219 1 0 1
-0.278873 -199.369 0 378.249 283.777 9988.81 0 2212 3220 1 0 1
424.171 -336.493 0 -21.6967 -206.733 9997.84 0 2212 3221 1 0 1
739.736 361.657 0 -71.7956 315.751 9994.76 0 2212 3222 1 0 1
-314.791 118.937 0 210.383 583.179 9980.76 0 2212 3223 1 0 1
1162.63 109.416 0 56.2031 -194.06 9997.96 0 2212 3224 1 0 1
669.947 -124.503 0 -93.2761 224.485 9997.04 0 2212 3225 1 0 1
273.271 90.7536 0 -89.9624 -294.202 9995.27 0 2212 3226 1 0 1
-229.953 325.518 0 35.3281 749.334 9971.82 0 2212 3227 1 0 1
485.838 433.771 0 -206.737 -335.506 9992.23 0 2212 3228 1 0 1
-174.461 -20.9137 0 -54.1576 -271.947 9996.15 0 2212 3229 1 0 1
12.2816 -38.3382 0 49.9334 -156.634 9998.65 0 2212 3230 1 0 1
-1439.64 -449.845 0 151.079 149.291 9997.74 0 2212 3231 1 0 1
219.046 -16.0491 0 364.12 1.30527 9993.37 0 2212 3232 1 0 1
288.055 327.273 0 129.039 -182.782 9997.5 0 2212 3233 1 0 1
-593.555 -391.288 0 192.364 -349.454 9992.04 0 2212 3234 1 0 1
-11.7098 25.2306 0 -58.6906 365.895 9993.13 0 2212 3235 1 0 1
599.767 -19.7495 0 105.903 85.2862 9999.08 0 2212 3236 1 0 1
180.752 -344.553 0 318.759 -449.147 9984.82 0 2212 3237 1 0 1
-1222.05 -117.846 0 95.2246 625.079 9979.99 0 2212 3238 1 0 1
-35.0729 -431.495 0 -236.067 -586.554 9979.99 0 2212 3239 1 0 1
1170.95 177.672 0 19.0254 606.635 9981.56 0 2212 3240 1 0 1
500.455 -295.097 0 -237.4 -312.1 9992.31 0 2212 3241 1 0 1
500.977 -185.205 0 -142.287 562.342 9983.16 0 2212 3242 1 0 1
-545.28 -143.937 0 205.149 -444.449 9988.01 0 2212 3243 1 0 1
-355.991 -538.397 0 -10.5718 134.816 9999.09 0 2212 3244 1 0 1
585 -105.039 0 111.763 123.882 9998.61 0 2212 3245 1 0 1
-381.839 359.697 0 61.5478 284.658 9995.76 0 2212 3246 1 0 1
477.166 206.168 0 -21.3571 -135.024 9999.07 0 2212 3247 1 0 1
1173.24 -268.426 0 37.9166 -12.5161 9999.92 0 2212 3248 1 0 1
430.7 446.959 0 -108.972 518.661 9985.95 0 2212 3249 1 0 1
669.092 -132.381 0 150.746 104.524 9998.32 0 2212 3250 1 0 1
455.007 -151.505 0 12.8656 -479.517 9988.49 0 2212 3251 1 0 1
739.38 106.834 0 63.8619 -58.7547 9999.62 0 2212 3252 1 0 1
-272.676 -461.769 0 129.045 255.333 9995.91 0 2212 3253 1 0 1
-1001.2 416.488 0 -165.014 380.88 9991.38 0 2212 3254 1 0 1
-31.6452 -228.607 0 163.637 327.405 9993.3 0 2212 3255 1 0 1
-479.634 445.447 0 27.4973 -313.975 9995.03 0 2212 3256 1 0 1
-536.491 -375.134 0 -123.995 -409.852 9990.83 0 2212 3257 1 0 1
346.189 -65.9718 0 -182.658 129.987 9997.49 0 2212 3258 1 0 1
1100.34 -15.1887 0 25.3112 -370.839 9993.09 0 2212 3259 1 0 1
38.2218 -575.917 0 -101.503 -444.027 9989.62 0 2212 3260 1 0 1
625.364 -62.7612 0 -45.6803 -484.335 9988.16 0 2212 3261 1 0 1
-58.9289 38.4474 0 -130.397 -486.566 9987.3 0 2212 3262 1 0 1
-92.5972 198.022 0 -214.982 -751.605 9969.4 0 2212 3263 1 0 1
680.838 386.114 0 158.478 385.823 9991.3 0 2212 3264 1 0 1
370.351 60.4703 0 237.754 -31.9551 9997.12 0 2212 3265 1 0 1
360.603 90.6773 0 50.667 116.672 9999.19 0 2212 3266 1 0 1
383.88 73.7382 0 14.4001 17.381 9999.97 0 2212 3267 1 0 1
219.554 -170.942 0 152.841 92.997 9998.4 0 2212 3268 1 0 1
292.372 -28.4414 0 53.8895 -434.777 9990.4 0 2212 3269 1 0 1
1090.32 238.782 0 -127.287 83.1063 9998.84 0 2212 3270 1 0 1
99.9188 -1.71587 0 90.7589 -950.848 9954.28 0 2212 3271 1 0 1
-212.163 -208.926 0 -32.9848 445.716 9990.01 0 2212 3272 1 0 1
508.108 -35.5296 0 -4.4322 -907.731 9958.72 0 2212 3273 1 0 1
-971.952 -182.863 0 45.9526 -840.032 9964.55 0 2212 3274 1 0 1
-410.914 130.1 0 205.064 766.708 9968.46 0 2212 3275 1 0 1
-1380.03 172.721 0 -22.118 353.907 9993.71 0 2212 3276 1 0 1
160.605 -155.744 0 -45.9304 164.513 9998.54 0 2212 3277 1 0 1
-402.763 -102.015 0 165.683 100.923 9998.12 0 2212 3278 1 0 1
-231.114 -159.174 0 112.561 130.374 9998.52 0 2212 3279 1 0 1
1075.52 -331.885 0 10.7232 89.0036 9999.6 0 2212 3280 1 0 1
-382.907 -246.069 0 0.165029 481.087 9988.42 0 2212 3281 1 0 1
-287.978 758.507 0 -68.7959 391.712 9992.09 0 2212 3282 1 0 1
-373.106 3.61096 0 -18.4341 -618.362 9980.85 0 2212 3283 1 0 1
-548.326 241.622 0 159.894 -239.474 9995.85 0 2212 3284 1 0 1
-897.597 10.7442 0 -206.811 457.516 9987.39 0 2212 3285 1 0 1
532.475 -179.164 0 117.972 -276.294 9995.49 0 2212 3286 1 0 1
711.775 110.169 0 69.1807 -50.3418 9999.63 0 2212 3287 1 0 1
-255.019 -312.093 0 -73.4982 157.492 9998.49 0 2212 3288 1 0 1
-117.779 300.583 0 -42.0514 53.1715 9999.77 0 2212 3289 1 0 1
1119.42 402.448 0 67.8666 -130.953 9998.91 0 2212 3290 1 0 1
-684.598 -54.1099 0 -143.337 973.766 9951.44 0 2212 3291 1 0 1
-7.71954 47.5182 0 -259.271 -403.5 9988.49 0 2212 3292 1 0 1
749.38 -32.0234 0 -50.8575 -596.054 9982.09 0 2212 3293 1 0 1
-506.15 48.4375 0 282.036 307.116 9991.3 0 2212 3294 1 0 1
16.6654 36.2027 0 121.867 -182.204 9997.6 0 2212 3295 1 0 1
388.899 338.617 0 -34.0241 323.302 9994.71 0 2212 3296 1 0 1
427.156 128.382 0 -66.3835 322.882 9994.57 0 2212 3297 1 0 1
-609.045 -372.09 0 55.0584 746.524 9971.94 0 2212 3298 1 0 1
-307.31 172.281 0 139.65 -576.026 9982.42 0 2212 3299 1 0 1
-311.136 22.894 0 -35.2568 -438.606 9990.31 0 2212 3300 1 0 1
657.167 258.109 0 348.584 251.422 9990.76 0 2212 3301 1 0 1
-81.9505 340.024 0 306.79 -165.955 9993.92 0 2212 3302 1 0 1
470.791 -85.912 0 -107.108 -105.148 9998.87 0 2212 3303 1 0 1
51.572 249.048 0 14.6215 -67.2512 9999.76 0 2212 3304 1 0 1
622.305 399.488 0 109.468 404.413 9991.22 0 2212 3305 1 0 1
804.115 -41.5181 0 -141.992 463.065 9988.26 0 2212 3306 1 0 1
-175.539 85.2227 0 -478.614 2.19038 9988.54 0 2212 3307 1 0 1
807.412 82.1117 0 -139.707 76.5964 9998.73 0 2212 3308 1 0 1
-84.0832 -285.386 0 -149.678 -9.35608 9998.88 0 2212 3309 1 0 1
-989.663 -351.547 0 203.451 402.377 9989.83 0 2212 3310 1 0 1
440.062 263.032 0 25.1859 328.663 9994.57 0 2212 3311 1 0 1
-41.6326 -144.56 0 -157.449 45.5315 9998.66 0 2212 3312 1 0 1
-315.194 85.6725 0 -108.014 108.499 9998.83 0 2212 3313 1 0 1
-335.069 81.8533 0 -43.1764 -692.348 9975.91 0 2212 3314 1 0 1
654.727 -291.06 0 -517.962 227.109 9983.99 0 2212 3315 1 0 1
204.403 -74.7856 0 99.6363 155.415 9998.3 0 2212 3316 1 0 1
-499.897 41.1031 0 116.508 -490.9 9987.26 0 2212 3317 1 0 1
-305.561 345.003 0 -164.098 96.3916 9998.19 0 2212 3318 1 0 1
210.016 160.621 0 379.42 275.895 9988.99 0 2212 3319 1 0 1
685.55 102.628 0 323.366 314.016 9989.84 0 2212 3320 1 0 1
-591.372 -98.9856 0 -29.4183 -86.0073 9999.59 0 2212 3321 1 0 1
-1213.36 -175.561 0 6.4201 24.1473 9999.97 0 2212 3322 1 0 1
594.98 274.437 0 354.127 517.756 9980.31 0 2212 3323 1 0 1
4.92599 -142.327 0 35.394 292.1 9995.67 0 2212 3324 1 0 1
-14.0676 -294.853 0 179.53 -223.845 9995.88 0 2212 3325 1 0 1
340.541 133.672 0 203.677 676.777 9974.99 0 2212 3326 1 0 1
817.494 -191.962 0 -29.5706 -508.298 9987.03 0 2212 3327 1 0 1
224.999 177.856 0 -55.2784 507.588 9986.96 0 2212 3328 1 0 1
391.065 146.975 0 209.464 -736.655 9970.63 0 2212 3329 1 0 1
-718.219 -117.806 0 91.5803 216.009 9997.25 0 2212 3330 1 0 1
551.104 6.59493 0 48.6316 127.32 9999.07 0 2212 3331 1 0 1
105.34 -287.622 0 -173.66 166.171 9997.11 0 2212 3332 1 0 1
115.957 -243.154 0 98.1276 215.062 9997.21 0 2212 3333 1 0 1
614.402 101.268 0 60.0114 -95.6948 9999.36 0 2212 3334 1 0 1
209.232 -182.837 0 -195.083 36.58 9998.03 0 2212 3335 1 0 1
1666.4 337.779 0 -295.924 70.0675 9995.37 0 2212 3336 1 0 1
-190.258 428.61 0 -126.588 272.187 9995.49 0 2212 3337 1 0 1
-118.027 -114.34 0 11.1444 88.1561 9999.61 0 2212 3338 1 0 1
309.301 -158.467 0 187.788 -514.265 9985 0 2212 3339 1 0 1
345.728 136.628 0 342.574 78.4032 9993.82 0 2212 3340 1 0 1
-723.151 -294.988 0 -429.465 -25.5276 9990.74 0 2212 3341 1 0 1
53.859 383.805 0 32.2882 -307.308 9995.22 0 2212 3342 1 0 1
-242.26 142.881 0 -252.403 561.952 9981.01 0 2212 3343 1 0 1
-1689.26 263.866 0 -73.3411 -462.263 9989.04 0 2212 3344 1 0 1
-257.145 628.726 0 -88.0555 387.358 9992.11 0 2212 3345 1 0 1
108.902 -246.526 0 69.4955 154.192 9998.57 0 2212 3346 1 0 1
17.4084 492.763 0 141.565 -421.755 9990.1 0 2212 3347 1 0 1
-283.898 173.716 0 -1.69358 -616.837 9980.96 0 2212 3348 1 0 1
1359.58 115.998 0 90.3382 -398.279 9991.66 0 2212 3349 1 0 1
858.513 -88.7205 0 167.007 266.872 9995.04 0 2212 3350 1 0 1
282.055 205.75 0 -119.562 -465.397 9988.45 0 2212 3351 1 0 1
204.799 25.6948 0 -28.5457 -358.168 9993.54 0 2212 3352 1 0 1
350.031 -108.115 0 -93.1313 905.507 9958.48 0 2212 3353 1 0 1
-108.094 324.009 0 -106.479 -319.409 9994.33 0 2212 3354 1 0 1
457.569 14.8196 0 -156.84 -59.9449 9998.59 0 2212 3355 1 0 1
-621.523 4.51828 0 -156.692 387.977 9991.24 0 2212 3356 1 0 1
-299.955 -394.08 0 -202.63 -161.292 9996.65 0 2212 3357 1 0 1
624.364 -163.994 0 259.235 16.0973 9996.63 0 2212 3358 1 0 1
650.64 -1.81361 0 -285.597 -41.6666 9995.83 0 2212 3359 1 0 1
-44.7932 -356.518 0 17.6664 -275.006 9996.2 0 2212 3360 1 0 1
-693.112 27.5358 0 116.206 -704.746 9974.46 0 2212 3361 1 0 1
-11.5597 -109.295 0 67.1376 32.607 9999.72 0 2212 3362 1 0 1
-57.9862 -278.518 0 64.0457 107.174 9999.22 0 2212 3363 1 0 1
-922.553 -143.16 0 36.3562 316.869 9994.91 0 2212 3364 1 0 1
267.614 275.302 0 84.8286 560.771 9983.9 0 2212 3365 1 0 1
-1288.82 -152.395 0 -49.8582 -264.815 9996.37 0 2212 3366 1 0 1
-203.653 -464.367 0 158.813 22.7883 9998.71 0 2212 3367 1 0 1
144.241 148.947 0 -325.868 -160.555 9993.4 0 2212 3368 1 0 1
204.24 -128.298 0 5.26196 -281.015 9996.05 0 2212 3369 1 0 1
30.2081 28.2022 0 -80.9266 -157.858 9998.43 0 2212 3370 1 0 1
468.5 16.8387 0 -175.784 200.206 9996.45 0 2212 3371 1 0 1
273.733 384.853 0 -276.074 -501.872 9983.58 0 2212 3372 1 0 1
-586.052 509.691 0 -336.405 406.291 9986.08 0 2212 3373 1 0 1
-953.701 -61.8971 0 90.6957 -254.529 9996.35 0 2212 3374 1 0 1
-105.109 149.987 0 -36.3363 -257.458 9996.62 0 2212 3375 1 0 1
90.7871 31.627 0 64.8455 479.293 9988.3 0 2212 3376 1 0 1
126.512 213.707 0 258.82 757.299 9967.92 0 2212 3377 1 0 1
156.257 170.146 0 134.999 -98.3539 9998.6 0 2212 3378 1 0 1
-259.342 240.319 0 140.805 -89.1625 9998.61 0 2212 3379 1 0 1
46.8783 -303.23 0 237.12 -558.531 9981.57 0 2212 3380 1 0 1
-727.413 204.945 0 -28.7784 537.277 9985.51 0 2212 3381 1 0 1
-479.697 -331.516 0 -69.893 -996.753 9949.95 0 2212 3382 1 0 1
646.512 -182.296 0 72.7895 392.662 9992.02 0 2212 3383 1 0 1
1342.71 441.315 0 -99.0071 -14.4307 9999.5 0 2212 3384 1 0 1
474.171 246.607 0 -199.086 41.1072 9997.93 0 2212 3385 1 0 1
-179.719 -371.045 0 -3.27416 262.464 9996.55 0 2212 3386 1 0 1
-380.507 122.425 0 182.272 298.675 9993.88 0 2212 3387 1 0 1
-868.343 -237.878 0 -184.451 -604.206 9980.03 0 2212 3388 1 0 1
139.236 -390.185 0 -169.928 367.139 9991.81 0 2212 3389 1 0 1
835.005 -82.1853 0 -350.313 356.364 9987.51 0 2212 3390 1 0 1
-391.391 -178.473 0 -238.647 14.2675 9997.14 0 2212 3391 1 0 1
143.983 242.586 0 27.2961 266.499 9996.41 0 2212 3392 1 0 1
494.442 21.7426 0 -96.0391 530.195 9985.47 0 2212 3393 1 0 1
-286.007 -100.349 0 251.957 -356.16 9990.48 0 2212 3394 1 0 1
-714.604 130.988 0 -162.71 -375.363 9991.63 0 2212 3395 1 0 1
-2.56225 -10.631 0 82.0384 154.05 9998.48 0 2212 3396 1 0 1
-415.836 -381.949 0 286.331 440.713 9986.18 0 2212 3397 1 0 1
-262.639 -159.784 0 9.25003 -681.569 9976.74 0 2212 3398 1 0 1
245.105 -237.755 0 289.001 293.756 9991.51 0 2212 3399 1 0 1
-938.662 22.1985 0 -13.6308 144.763 9998.94 0 2212 3400 1 0 1
-609.071 -210.575 0 102.003 22.4211 9999.45 0 2212 3401 1 0 1
991.728 -129.274 0 147.481 74.0384 9998.64 0 2212 3402 1 0 1
-123.844 201.655 0 10.9857 378.498 9992.83 0 2212 3403 1 0 1
493.302 -27.3141 0 -215.154 445.563 9987.75 0 2212 3404 1 0 1
6.51165 -284.35 0 135.919 -174.396 9997.56 0 2212 3405 1 0 1
7.10605 196.746 0 165.328 -127.534 9997.82 0 2212 3406 1 0 1
-487.212 -157.46 0 -363.909 -343.558 9987.47 0 2212 3407 1 0 1
236.181 -454.899 0 179.514 225.337 9995.85 0 2212 3408 1 0 1
505.868 94.0134 0 109.715 949.173 9954.25 0 2212 3409 1 0 1
844.646 201.061 0 -196.091 -261.122 9994.67 0 2212 3410 1 0 1
848.193 -34.9356 0 31.9689 -711.401 9974.61 0 2212 3411 1 0 1
175.125 -210.83 0 -1.46583 275.505 9996.2 0 2212 3412 1 0 1
-259.065 170 0 -72.3868 591.409 9982.23 0 2212 3413 1 0 1
-1472.25 235.488 0 8.01589 342.003 9994.15 0 2212 3414 1 0 1
134.154 -64.6311 0 81.9515 -60.3916 9999.48 0 2212 3415 1 0 1
-127.304 233.539 0 271.879 -200.284 9994.3 0 2212 3416 1 0 1
156.689 -514.497 0 25.6177 250.224 9996.84 0 2212 3417 1 0 1
-359.257 143.755 0 -139.638 -234.253 9996.28 0 2212 3418 1 0 1
315.288 -335.329 0 -96.5794 -148.772 9998.43 0 2212 3419 1 0 1
81.6761 35.95 0 29.426 107.696 9999.38 0 2212 3420 1 0 1
480.32 482.013 0 -178.759 -147.882 9997.31 0 2212 3421 1 0 1
-821.362 348.867 0 -213.665 -384.572 9990.32 0 2212 3422 1 0 1
591.688 37.5342 0 -6.63446 527.14 9986.09 0 2212 3423 1 0 1
323.738 398.652 0 -11.5843 -332.497 9994.46 0 2212 3424 1 0 1
-183.797 177.19 0 87.4884 -377.8 9992.48 0 2212 3425 1 0 1
759.56 356.298 0 139.686 -250.026 9995.9 0 2212 3426 1 0 1
-430.898 -98.9372 0 218.65 -733.522 9970.66 0 2212 3427 1 0 1
245.53 166.433 0 -72.2101 -434.288 9990.3 0 2212 3428 1 0 1
1085.69 -105.168 0 167.65 -144.275 9997.55 0 2212 3429 1 0 1
-567.596 135.121 0 -59.335 -226.193 9997.27 0 2212 3430 1 0 1
460.614 -110.604 0 61.2933 -439.622 9990.14 0 2212 3431 1 0 1
-1025.12 -29.5938 0 -8.70473 209.127 9997.81 0 2212 3432 1 0 1
-10.17 425.05 0 184.099 540.424 9983.69 0 2212 3433 1 0 1
-169.362 116.701 0 256.273 239.759 9993.84 0 2212 3434 1 0 1
72.1044 33.2902 0 -64.3632 -239.097 9996.93 0 2212 3435 1 0 1
-210.28 168.821 0 53.2536 284.736 9995.8 0 2212 3436 1 0 1
321.553 67.5332 0 29.7206 30.2916 9999.91 0 2212 3437 1 0 1
-590.275 291.128 0 -9.19574 331.039 9994.51 0 2212 3438 1 0 1
-34.7739 46.0268 0 -269.842 -322.662 9991.15 0 2212 3439 1 0 1
90.9725 113.205 0 -233.068 -99.7548 9996.79 0 2212 3440 1 0 1
-353.509 274.973 0 94.3096 -393.433 9991.81 0 2212 3441 1 0 1
-384.718 112.454 0 141.952 50.5295 9998.86 0 2212 3442 1 0 1
260.802 9.89309 0 25.627 -411.312 9991.5 0 2212 3443 1 0 1
-684.546 -49.9115 0 -114.986 -124.973 9998.56 0 2212 3444 1 0 1
-592.699 -105.864 0 166.406 -30.1047 9998.57 0 2212 3445 1 0 1
239.069 1.40074 0 -112.375 55.9926 9999.21 0 2212 3446 1 0 1
-468.733 -46.2928 0 -312.439 453.637 9984.82 0 2212 3447 1 0 1
-1104.76 312.865 0 99.589 41.111 9999.42 0 2212 3448 1 0 1
1288.15 239.409 0 119.039 414.656 9990.69 0 2212 3449 1 0 1
-223.415 45.5764 0 -18.5499 -735.055 9972.93 0 2212 3450 1 0 1
627.636 -15.9482 0 245.775 348.05 9990.92 0 2212 3451 1 0 1
-219.05 -161.781 0 308.818 -1067.23 9938.09 0 2212 3452 1 0 1
-133.009 282.236 0 354.861 -132.478 9992.82 0 2212 3453 1 0 1
-271.73 -52.3849 0 -30.2357 1047.99 9944.89 0 2212 3454 1 0 1
234.848 161.633 0 217.926 53.4893 9997.48 0 2212 3455 1 0 1
-330.951 261.94 0 213.309 -216.501 9995.38 0 2212 3456 1 0 1
-83.7888 170.113 0 292.863 -109.871 9995.11 0 2212 3457 1 0 1
740.464 108.375 0 58.4797 732.199 9972.99 0 2212 3458 1 0 1
-1064.65 383.841 0 -36.9652 -272.45 9996.22 0 2212 3459 1 0 1
-1365.21 606.202 0 251.631 -480.872 9985.26 0 2212 3460 1 0 1
-378.295 -254.855 0 68.7302 -67.7968 9999.53 0 2212 3461 1 0 1
183.059 148.337 0 97.59 84.8782 9999.16 0 2212 3462 1 0 1
113.695 -67.6722 0 -57.1114 -304.01 9995.21 0 2212 3463 1 0 1
202.946 45.7199 0 -144.536 -263.877 9995.47 0 2212 3464 1 0 1
108.801 49.203 0 -216.239 -39.2223 9997.58 0 2212 3465 1 0 1
-472.46 433.113 0 -219.544 140.61 9996.6 0 2212 3466 1 0 1
89.4929 237.067 0 175.461 -525.082 9984.66 0 2212 3467 1 0 1
-130.667 22.4887 0 -112.447 -118.217 9998.67 0 2212 3468 1 0 1
664.713 -174.648 0 -297.229 709.288 9970.38 0 2212 3469 1 0 1
-182.505 389.555 0 92.9721 397.204 9991.68 0 2212 3470 1 0 1
846.721 135.652 0 36.9624 426.095 9990.85 0 2212 3471 1 0 1
113.282 -241.036 0 -129.688 152.511 9998 0 2212 3472 1 0 1
274.892 70.3027 0 -19.3002 663.978 9977.91 0 2212 3473 1 0 1
-66.2763 -195.062 0 -160.724 92.9922 9998.28 0 2212 3474 1 0 1
-106.494 306.092 0 35.8797 -207.7 9997.78 0 2212 3475 1 0 1
-721.819 112.377 0 41.6641 348.931 9993.82 0 2212 3476 1 0 1
-803.153 312.8 0 107.896 -546.862 9984.45 0 2212 3477 1 0 1
361.966 -87.6283 0 236.5 -159.978 9995.92 0 2212 3478 1 0 1
-929.868 -193.671 0 -94.5407 -286.511 9995.45 0 2212 3479 1 0 1
-451.366 -313.405 0 -6.3671 1571.71 9875.71 0 2212 3480 1 0 1
-119.674 60.4623 0 -109.521 140.664 9998.41 0 2212 3481 1 0 1
890.781 -133.598 0 -211.663 342.999 9991.87 0 2212 3482 1 0 1
348.268 277.819 0 -75.2282 399.383 9991.74 0 2212 3483 1 0 1
287.636 60.2213 0 -66.08 404.499 9991.6 0 2212 3484 1 0 1
755.578 144.553 0 -524.467 -170.541 9984.78 0 2212 3485 1 0 1
692.465 43.7084 0 -55.3695 -214.514 9997.55 0 2212 3486 1 0 1
916.85 162.122 0 264.168 -153.48 9995.33 0 2212 3487 1 0 1
766.043 32.9099 0 -233.652 -728.08 9970.72 0 2212 3488 1 0 1
395.688 -154.434 0 154.142 108.147 9998.23 0 2212 3489 1 0 1
296.18 -221.291 0 -55.2579 223.724 9997.34 0 2212 3490 1 0 1
-374.489 66.1682 0 106.317 322.452 9994.23 0 2212 3491 1 0 1
-257.812 187.67 0 -419.147 234.62 9988.46 0 2212 3492 1 0 1
-691.677 -271.003 0 286.174 -91.1815 9995.49 0 2212 3493 1 0 1
320.676 -310.313 0 -209.248 -240.024 9994.93 0 2212 3494 1 0 1
393.931 204.768 0 -289.934 -104.672 9995.25 0 2212 3495 1 0 1
-322.47 278.293 0 -15.3326 -441.415 9990.24 0 2212 3496 1 0 1
109.281 -222.03 0 50.5499 -14.0214 9999.86 0 2212 3497 1 0 1
298.917 -38.7741 0 -258.029 -238.685 9993.82 0 2212 3498 1 0 1
-332.13 375.742 0 -87.5861 98.0973 9999.14 0 2212 3499 1 0 1
-387.55 -425.868 0 -90.6782 290.186 9995.38 0 2212 3500 1 0 1
113.36 -143.408 0 24.1292 -23.2663 9999.94 0 2212 3501 1 0 1
-373.803 263.616 0 -244.944 145.526 9995.94 0 2212 3502 1 0 1
-1033.48 171.403 0 -112.75 -261.758 9995.94 0 2212 3503 1 0 1
862.762 129.613 0 -166.615 241.532 9995.69 0 2212 3504 1 0 1
697.014 -24.3131 0 202.022 171.296 9996.49 0 2212 3505 1 0 1
1157.01 355.633 0 139.685 -59.1028 9998.85 0 2212 3506 1 0 1
-158.323 -206.961 0 66.3614 -354.141 9993.51 0 2212 3507 1 0 1
160.083 -89.5625 0 -65.6315 464.776 9988.98 0 2212 3508 1 0 1
540.506 -118.316 0 -122.659 -33.9179 9999.19 0 2212 3509 1 0 1
640.973 -274.97 0 156.96 232.084 9996.07 0 2212 3510 1 0 1
443.502 -354.951 0 31.3773 411.666 9991.47 0 2212 3511 1 0 1
-25.1747 122.534 0 235.215 43.7792 9997.14 0 2212 3512 1 0 1
-293.699 97.8378 0 -39.3495 -703.373 9975.16 0 2212 3513 1 0 1
649.161 -377.836 0 194.798 -278.998 9994.21 0 2212 3514 1 0 1
214.093 211.187 0 55.7615 326.624 9994.51 0 2212 3515 1 0 1
956.384 -41.9542 0 97.844 153.109 9998.35 0 2212 3516 1 0 1
-987.993 61.8061 0 128.188 428.338 9990 0 2212 3517 1 0 1
625.62 48.4253 0 120.146 -162.101 9997.96 0 2212 3518 1 0 1
393.446 163.129 0 232.29 -593.376 9979.68 0 2212 3519 1 0 1
-103.314 8.10903 0 -62.993 296.328 9995.41 0 2212 3520 1 0 1
628.972 145.058 0 -82.8775 184.382 9997.96 0 2212 3521 1 0 1
-148.255 -262.334 0 -149.4 59.4073 9998.71 0 2212 3522 1 0 1
1076.28 429.017 0 -193.354 -847.135 9962.18 0 2212 3523 1 0 1
-480.677 -37.5884 0 -102.412 -634.237 9979.34 0 2212 3524 1 0 1
-79.7794 -341.022 0 216.195 503.588 9984.97 0 2212 3525 1 0 1
224.487 331.968 0 36.3287 674.248 9977.18 0 2212 3526 1 0 1
383.509 480.862 0 -397.355 105.456 9991.55 0 2212 3527 1 0 1
-1035.88 252.644 0 -13.0869 -436.229 9990.47 0 2212 3528 1 0 1
-697.235 114.296 0 -61.7103 -303.783 9995.19 0 2212 3529 1 0 1
-390.873 -79.1463 0 -4.45856 384.339 9992.61 0 2212 3530 1 0 1
957.375 -162.023 0 -180.036 315.924 9993.39 0 2212 3531 1 0 1
-753.939 -434.254 0 278.139 75.9857 9995.84 0 2212 3532 1 0 1
10.5238 67.8524 0 -61.5148 569.252 9983.59 0 2212 3533 1 0 1
-567.742 79.5945 0 -289.266 -214.616 9993.51 0 2212 3534 1 0 1
-71.4014 -44.7978 0 167.589 52.1574 9998.46 0 2212 3535 1 0 1
87.9729 -105.909 0 -189.482 -199.619 9996.21 0 2212 3536 1 0 1
-652.138 -18.4069 0 -89.6647 115.362 9998.93 0 2212 3537 1 0 1
-961.816 -152.093 0 96.6132 -28.8262 9999.49 0 2212 3538 1 0 1
78.2517 -363.705 0 -128.993 404.066 9991 0 2212 3539 1 0 1
7.88282 -656.788 0 20.8339 -228.288 9997.37 0 2212 3540 1 0 1
-1188.35 754.423 0 -357.717 -154.171 9992.41 0 2212 3541 1 0 1
-330.131 35.4543 0 -191.019 233.1 9995.46 0 2212 3542 1 0 1
907.82 307.24 0 -221.173 -174.674 9996.03 0 2212 3543 1 0 1
45.6754 -142.607 0 110.552 -622.069 9980.02 0 2212 3544 1 0 1
363.631 -75.6827 0 116.925 -272.109 9995.61 0 2212 3545 1 0 1
7.15015 342.442 0 50.6409 -536.323 9985.48 0 2212 3546 1 0 1
677.113 5.62553 0 -106.112 -63.9443 9999.23 0 2212 3547 1 0 1
-528.705 422.827 0 109.364 -119.617 9998.69 0 2212 3548 1 0 1
-422.577 -392.181 0 56.8427 407.557 9991.53 0 2212 3549 1 0 1
-110.372 251.167 0 -89.258 -508.282 9986.68 0 2212 3550 1 0 1
-697.274 -314.369 0 -87.6767 -399.609 9991.63 0 2212 3551 1 0 1
-243.397 410.317 0 -103.458 82.3274 9999.13 0 2212 3552 1 0 1
-476.164 -262.46 0 44.048 476.205 9988.56 0 2212 3553 1 0 1
-103.797 177.178 0 108.007 -715.203 9973.81 0 2212 3554 1 0 1
157.837 -153.952 0 -283.609 255.467 9992.71 0 2212 3555 1 0 1
701.727 235.895 0 -42.6477 816.548 9966.52 0 2212 3556 1 0 1
175.434 -167.148 0 83.4794 -527.947 9985.7 0 2212 3557 1 0 1
-944.424 0.525587 0 -96.8159 466.895 9988.63 0 2212 3558 1 0 1
-875.379 -248.611 0 -48.7209 -513.052 9986.71 0 2212 3559 1 0 1
-483.397 -234.963 0 -142.717 -531.277 9984.86 0 2212 3560 1 0 1
-331.63 336.544 0 131.824 -369.592 9992.3 0 2212 3561 1 0 1
-327.336 -201.568 0 -96.3966 111.041 9998.92 0 2212 3562 1 0 1
-743.016 -188.265 0 -270.378 -40.3569 9996.26 0 2212 3563 1 0 1
-198.853 -150.306 0 -268.174 -643.08 9975.7 0 2212 3564 1 0 1
-402.234 -227.896 0 -325.802 313.377 9989.78 0 2212 3565 1 0 1
1057.1 72.9623 0 26.624 679.048 9976.88 0 2212 3566 1 0 1
491.364 -297.4 0 154.378 -381.761 9991.52 0 2212 3567 1 0 1
767.354 -65.7262 0 39.7706 554.565 9984.53 0 2212 3568 1 0 1
189.476 -118.56 0 176.611 441.058 9988.71 0 2212 3569 1 0 1
-763.039 29.1855 0 10.9098 -528.297 9986.03 0 2212 3570 1 0 1
326.673 -106.459 0 100.92 -383.567 9992.13 0 2212 3571 1 0 1
-365.453 -347.309 0 -35.3822 -429.375 9990.71 0 2212 3572 1 0 1
312.834 85.0026 0 -271.108 -476.772 9984.95 0 2212 3573 1 0 1
67.1825 80.7667 0 -285.811 89.4592 9995.51 0 2212 3574 1 0 1
75.731 125.284 0 -106.095 755.848 9970.83 0 2212 3575 1 0 1
-724.853 70.5376 0 -120.677 147.7 9998.18 0 2212 3576 1 0 1
-77.5284 170.467 0 -146.035 -152.553 9997.77 0 2212 3577 1 0 1
345.709 -238.596 0 58.5179 -37.8794 9999.76 0 2212 3578 1 0 1
74.9445 -99.6866 0 -63.372 -729.168 9973.18 0 2212 3579 1 0 1
791.701 -69.0172 0 1.47918 -269.86 9996.36 0 2212 3580 1 0 1
377.15 140.433 0 -164.212 -262.334 9995.21 0 2212 3581 1 0 1
-103.986 5.41837 0 150.02 -109.421 9998.28 0 2212 3582 1 0 1
-505.604 401.004 0 -199.399 -96.4283 9997.55 0 2212 3583 1 0 1
582.714 -607.743 0 -145.593 -140.497 9997.95 0 2212 3584 1 0 1
-114.729 133.131 0 -210.66 -70.4985 9997.53 0 2212 3585 1 0 1
-181.09 -38.3347 0 -51.1252 46.2026 9999.76 0 2212 3586 1 0 1
-256.533 147.771 0 -11.1354 165.27 9998.63 0 2212 3587 1 0 1
252.732 -369.375 0 77.3737 74.8028 9999.42 0 2212 3588 1 0 1
-149.123 -326.24 0 -53.6548 851.128 9963.57 0 2212 3589 1 0 1
94.8797 171.283 0 390.802 268.962 9988.74 0 2212 3590 1 0 1
-395.669 -283.731 0 140.725 -425.433 9989.96 0 2212 3591 1 0 1
187.253 250.583 0 -76.9661 -178.656 9998.11 0 2212 3592 1 0 1
702.136 312.454 0 42.4319 329.042 9994.5 0 2212 3593 1 0 1
553.886 413.31 0 49.688 -419.281 9991.08 0 2212 3594 1 0 1
-389.698 -299.417 0 298.245 -131.437 9994.69 0 2212 3595 1 0 1
826 525.817 0 17.1651 330.196 9994.53 0 2212 3596 1 0 1
704.309 205.505 0 83.9594 302.605 9995.07 0 2212 3597 1 0 1
-1054.36 -101.86 0 62.0725 -474.504 9988.54 0 2212 3598 1 0 1
-185.717 284.319 0 375.641 19.1314 9992.92 0 2212 3599 1 0 1
504.386 105.63 0 -210.008 -338.432 9992.06 0 2212 3600 1 0 1
239.513 176.502 0 207.441 -292.854 9993.56 0 2212 3601 1 0 1
-211.083 118.027 0 128.58 69.9586 9998.93 0 2212 3602 1 0 1
591.781 -212.073 0 73.9854 267.2 9996.16 0 2212 3603 1 0 1
193.003 187.362 0 326.662 -420.515 9985.81 0 2212 3604 1 0 1
-368.539 -387.059 0 23.9095 -314.349 9995.03 0 2212 3605 1 0 1
-194.02 46.8894 0 50.0038 709.661 9974.66 0 2212 3606 1 0 1
575.183 15.6282 0 -7.63352 -19.7377 9999.98 0 2212 3607 1 0 1
674.563 -269.672 0 281.025 -472.015 9984.9 0 2212 3608 1 0 1
-634.173 -115.923 0 73.9466 -127.138 9998.92 0 2212 3609 1 0 1
51.2257 -92.9348 0 -23.5806 -278.432 9996.1 0 2212 3610 1 0 1
-81.521 -247.718 0 -43.3791 -233.456 9997.18 0 2212 3611 1 0 1
197.307 -205.152 0 65.2157 162.782 9998.46 0 2212 3612 1 0 1
-610.258 -84.1575 0 83.3494 -265.109 9996.14 0 2212 3613 1 0 1
-470.896 98.8444 0 -447.233 352.904 9983.76 0 2212 3614 1 0 1
-11.5396 -264.719 0 -27.9467 108.637 9999.37 0 2212 3615 1 0 1
78.4275 312.055 0 -266.478 246.537 9993.41 0 2212 3616 1 0 1
144.215 -15.9932 0 -214.368 590.815 9980.23 0 2212 3617 1 0 1
649.172 -254.223 0 98.2155 -444.318 9989.64 0 2212 3618 1 0 1
-440.884 382.677 0 74.3808 351.928 9993.53 0 2212 3619 1 0 1
7.65709 -198.008 0 301.241 99.3364 9994.97 0 2212 3620 1 0 1
375.817 -99.5397 0 -68.3731 281.368 9995.81 0 2212 3621 1 0 1
-313.823 -121.935 0 -66.6136 -411.487 9991.31 0 2212 3622 1 0 1
-346.23 272.14 0 159.148 -528.175 9984.77 0 2212 3623 1 0 1
91.9024 -75.9395 0 -8.27799 449.326 9989.9 0 2212 3624 1 0 1
-429.963 798.705 0 38.1217 460.805 9989.3 0 2212 3625 1 0 1
-169.669 -244.796 0 74.1532 -174.931 9998.19 0 2212 3626 1 0 1
-678.679 -155.726 0 82.78 783.709 9968.9 0 2212 3627 1 0 1
-60.4855 -129.039 0 -210.933 -507.626 9984.88 0 2212 3628 1 0 1
-17.6337 -104.067 0 -100.704 -194.422 9997.6 0 2212 3629 1 0 1
787.02 160.897 0 133.219 -321.93 9993.93 0 2212 3630 1 0 1
125.41 -218.373 0 -156.607 -204.326 9996.69 0 2212 3631 1 0 1
305.575 -104.21 0 70.8974 -136.509 9998.82 0 2212 3632 1 0 1
-818.721 53.6491 0 -254.872 -25.4406 9996.72 0 2212 3633 1 0 1
-766.928 -485.089 0 26.1101 -182.946 9998.29 0 2212 3634 1 0 1
249.608 69.9305 0 144.199 125.057 9998.18 0 2212 3635 1 0 1
439.688 -249.748 0 -36.6529 471.927 9988.79 0 2212 3636 1 0 1
211.92 122.427 0 -112.487 218.645 9996.98 0 2212 3637 1 0 1
1500.13 -209.345 0 -241.76 10.6748 9997.07 0 2212 3638 1 0 1
-361.726 -278.803 0 41.2782 -430.236 9990.66 0 2212 3639 1 0 1
503.341 -110.854 0 204.823 627.473 9978.19 0 2212 3640 1 0 1
-461.34 249.865 0 189.238 770.791 9968.45 0 2212 3641 1 0 1
-575.871 -201.55 0 76.424 -108.122 9999.12 0 2212 3642 1 0 1
-20.8042 525.384 0 -191.716 144.674 9997.12 0 2212 3643 1 0 1
144.544 346.641 0 83.6565 185.425 9997.93 0 2212 3644 1 0 1
300.494 -16.9446 0 123.96 -134.483 9998.33 0 2212 3645 1 0 1
438.78 -154.136 0 20.1091 -42.4797 9999.89 0 2212 3646 1 0 1
1166.25 -115.174 0 -199.294 -417.111 9989.31 0 2212 3647 1 0 1
-359.675 99.4129 0 36.0577 -1247.63 9921.8 0 2212 3648 1 0 1
206.823 -285.953 0 167.007 176.554 9997.05 0 2212 3649 1 0 1
-427.247 -285.066 0 -154.203 635.205 9978.61 0 2212 3650 1 0 1
-60.0935 -174.378 0 13.3212 -253.807 9996.77 0 2212 3651 1 0 1
-203.907 -113.525 0 -64.8222 56.16 9999.63 0 2212 3652 1 0 1
-205.215 47.8891 0 -205.991 -145.899 9996.81 0 2212 3653 1 0 1
-1147.57 246.734 0 140.165 154.414 9997.83 0 2212 3654 1 0 1
-463.66 -325.855 0 205.965 -328.298 9992.49 0 2212 3655 1 0 1
1272.21 125.677 0 8.03759 -151.064 9998.86 0 2212 3656 1 0 1
-119.613 -275.623 0 -70.9294 -426.774 9990.64 0 2212 3657 1 0 1
-558.489 -37.5864 0 35.2777 865.708 9962.39 0 2212 3658 1 0 1
-139.443 317.266 0 -83.8081 24.4921 9999.62 0 2212 3659 1 0 1
-962.618 348.414 0 -13.317 -286.206 9995.89 0 2212 3660 1 0 1
-85.5632 1.82707 0 -88.067 404.656 9991.42 0 2212 3661 1 0 1
154.921 4.99555 0 152.818 -19.46 9998.81 0 2212 3662 1 0 1
-678.323 -170.215 0 -85.8505 -282.852 9995.63 0 2212 3663 1 0 1
677.9 -76.5799 0 -45.6998 -39.4421 9999.82 0 2212 3664 1 0 1
316.613 -333.295 0 -319.371 281.828 9990.92 0 2212 3665 1 0 1
379.708 196.165 0 -305.888 216.148 9992.98 0 2212 3666 1 0 1
51.5851 -63.4899 0 31.357 632.969 9979.9 0 2212 3667 1 0 1
676.283 22.5023 0 -65.2136 354.521 9993.5 0 2212 3668 1 0 1
460.995 186.044 0 -17.3561 425.245 9990.94 0 2212 3669 1 0 1
276.632 -63.5396 0 -136.019 337.67 9993.37 0 2212 3670 1 0 1
376.62 108.463 0 -2.32398 300.067 9995.5 0 2212 3671 1 0 1
232.308 -80.1989 0 41.5244 -8.65594 9999.91 0 2212 3672 1 0 1
-1011.83 -75.5216 0 -197.086 -310.612 9993.23 0 2212 3673 1 0 1
710.516 217.643 0 170.098 55.1588 9998.4 0 2212 3674 1 0 1
-654.656 63.9265 0 61.1861 -223.266 9997.32 0 2212 3675 1 0 1
1149.86 -97.6311 0 -169.219 -300.161 9994.06 0 2212 3676 1 0 1
-131.475 -282.38 0 -457.626 801.795 9957.29 0 2212 3677 1 0 1
-465.262 -216.821 0 -19.1595 -180.433 9998.35 0 2212 3678 1 0 1
241.791 159.33 0 -209.028 682.994 9974.46 0 2212 3679 1 0 1
247.852 -182.48 0 254.848 -255.268 9993.49 0 2212 3680 1 0 1
311.691 -141.802 0 -84.0475 264.445 9996.15 0 2212 3681 1 0 1
528.865 -238.215 0 -171.242 -338.379 9992.81 0 2212 3682 1 0 1
575.944 93.5908 0 227.741 -131.197 9996.55 0 2212 3683 1 0 1
32.4622 7.48195 0 170.697 31.7119 9998.49 0 2212 3684 1 0 1
-318.907 139.165 0 -93.0887 -217.063 9997.21 0 2212 3685 1 0 1
-1105.67 -11.9485 0 446.039 -158.954 9988.78 0 2212 3686 1 0 1
96.8827 110.716 0 128.433 -723.227 9972.99 0 2212 3687 1 0 1
-402.658 99.6218 0 25.3927 -651.716 9978.71 0 2212 3688 1 0 1
639.213 465.282 0 -437.222 -309.077 9985.66 0 2212 3689 1 0 1
-97.7903 76.7666 0 80.4489 -247.881 9996.6 0 2212 3690 1 0 1
-421.517 81.0797 0 -161.668 -412.877 9990.16 0 2212 3691 1 0 1
-255.323 119.835 0 -320.287 262.379 9991.42 0 2212 3692 1 0 1
722.569 -433.565 0 29.3054 -75.5494 9999.67 0 2212 3693 1 0 1
47.1297 223.449 0 20.1196 -29.8563 9999.94 0 2212 3694 1 0 1
-385.032 379.338 0 39.0715 -149.643 9998.8 0 2212 3695 1 0 1
-311.392 -122.495 0 91.6388 1363.56 9906.18 0 2212 3696 1 0 1
570.246 7.80985 0 -33.527 380.714 9992.69 0 2212 3697 1 0 1
270.701 57.5996 0 105.254 393.091 9991.72 0 2212 3698 1 0 1
310.47 -58.1015 0 28.3129 -313.48 9995.05 0 2212 3699 1 0 1
-939.42 -58.2364 0 -193.118 -59.0956 9997.96 0 2212 3700 1 0 1
521.667 -252.14 0 96.3011 -1064.72 9942.69 0 2212 3701 1 0 1
714.136 -53.7687 0 94.5784 -646.63 9978.62 0 2212 3702 1 0 1
289.396 -36.8537 0 -7.42538 167.159 9998.6 0 2212 3703 1 0 1
-967.176 30.4437 0 75.5411 221.425 9997.26 0 2212 3704 1 0 1
-259.724 -182.967 0 24.0302 674.031 9977.23 0 2212 3705 1 0 1
-185.811 -459.118 0 295.392 -146.817 9994.56 0 2212 3706 1 0 1
1071.39 -219.976 0 -161.682 325.24 9993.4 0 2212 3707 1 0 1
53.524 -76.3177 0 -5.06874 549.434 9984.89 0 2212 3708 1 0 1
605.33 151.179 0 -53.5369 -606.868 9981.43 0 2212 3709 1 0 1
-187.384 183.27 0 -86.934 494.822 9987.37 0 2212 3710 1 0 1
353.526 83.5225 0 -132.272 279.586 9995.22 0 2212 3711 1 0 1
479.433 -280.19 0 221.707 -68.3344 9997.31 0 2212 3712 1 0 1
829.78 -339.186 0 -78.6765 168.207 9998.28 0 2212 3713 1 0 1
-1240.28 -241.31 0 -24.1122 -424.74 9990.95 0 2212 3714 1 0 1
583.738 207.522 0 52.4838 87.9375 9999.48 0 2212 3715 1 0 1
-673.37 -176.245 0 59.3367 -588.586 9982.49 0 2212 3716 1 0 1
-204.411 -4.52621 0 -224.737 352.602 9991.25 0 2212 3717 1 0 1
-392.885 39.2831 0 -154.937 35.0779 9998.74 0 2212 3718 1 0 1
308.553 -330.447 0 -138.611 -422.138 9990.12 0 2212 3719 1 0 1
-178.07 169.893 0 -156.582 -200.374 9996.77 0 2212 3720 1 0 1
-100.879 -28.9711 0 139.291 -110.496 9998.42 0 2212 3721 1 0 1
-268.995 5.71818 0 465.714 -213.236 9986.87 0 2212 3722 1 0 1
-1423.45 211.694 0 -80.0958 394.694 9991.89 0 2212 3723 1 0 1
-284.292 -325.533 0 -154.341 -421.985 9989.9 0 2212 3724 1 0 1
-277.68 266.059 0 258.073 68.1354 9996.44 0 2212 3725 1 0 1
-478.82 167.646 0 -235.653 -329.646 9991.79 0 2212 3726 1 0 1
111.612 -149.178 0 109.882 -256.801 9996.1 0 2212 3727 1 0 1
-199.696 54.6629 0 174.797 -253.278 9995.26 0 2212 3728 1 0 1
242.471 -178.511 0 128.857 212.923 9996.9 0 2212 3729 1 0 1
-695.594 -134.213 0 -76.1665 -428.923 9990.51 0 2212 3730 1 0 1
-669.394 -209.405 0 -131.301 -431.473 9989.82 0 2212 3731 1 0 1
-20.55 391.495 0 -305.177 890.013 9955.64 0 2212 3732 1 0 1
-243.555 -306.114 0 163.413 90.5035 9998.26 0 2212 3733 1 0 1
-581.935 207.947 0 -12.9678 -135.44 9999.07 0 2212 3734 1 0 1
101.928 616.389 0 -288.961 359.926 9989.34 0 2212 3735 1 0 1
199.866 -142.177 0 57.6652 1063.77 9943.09 0 2212 3736 1 0 1
643.429 -357.675 0 10.1503 -501.527 9987.41 0 2212 3737 1 0 1
351.511 64.2282 0 161.553 121.897 9997.95 0 2212 3738 1 0 1
-903.395 -8.56504 0 -183.171 -226.108 9995.77 0 2212 3739 1 0 1
-40.1044 -26.3094 0 -141.08 -60.1362 9998.82 0 2212 3740 1 0 1
-1033.1 -274.086 0 -412.428 -265.327 9987.97 0 2212 3741 1 0 1
-766.009 -267.031 0 -201.776 -119.534 9997.25 0 2212 3742 1 0 1
-222.797 -49.7619 0 -154.209 -419.762 9990 0 2212 3743 1 0 1
-523.814 136.044 0 -71.211 -912.653 9958.01 0 2212 3744 1 0 1
163.396 86.4928 0 177.507 124.016 9997.66 0 2212 3745 1 0 1
256.348 -224.399 0 251.324 -570.313 9980.56 0 2212 3746 1 0 1
156.789 -57.8301 0 -22.861 182.388 9998.31 0 2212 3747 1 0 1
-482.976 367.589 0 -19.7836 -483.496 9988.29 0 2212 3748 1 0 1
-664.112 -349.132 0 78.2657 161.546 9998.39 0 2212 3749 1 0 1
-472.017 -61.4315 0 223.998 739.96 9970.07 0 2212 3750 1 0 1
815.107 -57.2612 0 -21.0261 -266.059 9996.44 0 2212 3751 1 0 1
-95.9171 -400.891 0 -140.483 267.854 9995.42 0 2212 3752 1 0 1
804.585 316.613 0 -337.306 476.46 9982.95 0 2212 3753 1 0 1
-654.71 -537.372 0 -154.645 525.923 9984.96 0 2212 3754 1 0 1
954.224 330.228 0 -73.0667 -278.161 9995.86 0 2212 3755 1 0 1
-181.545 78.4282 0 116.705 -115.723 9998.65 0 2212 3756 1 0 1
-893.531 -41.0956 0 120.943 -59.2611 9999.09 0 2212 3757 1 0 1
-855.273 77.4746 0 -45.4262 268.978 9996.28 0 2212 3758 1 0 1
-346.245 175.778 0 -6.65615 462.935 9989.28 0 2212 3759 1 0 1
-688.907 139.533 0 158.198 -310.896 9993.91 0 2212 3760 1 0 1
799.455 353.078 0 -27.9675 -768.229 9970.41 0 2212 3761 1 0 1
-145.015 646.921 0 79.5533 6.24562 9999.68 0 2212 3762 1 0 1
-521.335 -57.9468 0 -90.9504 27.6977 9999.55 0 2212 3763 1 0 1
-109.868 -76.1209 0 -52.4245 -9.89076 9999.86 0 2212 3764 1 0 1
908.304 -141.818 0 23.4073 140.648 9998.98 0 2212 3765 1 0 1
428.1 168.556 0 74.8689 564.779 9983.76 0 2212 3766 1 0 1
-792.86 571.716 0 -357.451 -373.382 9986.63 0 2212 3767 1 0 1
396.05 179.901 0 296.474 162.247 9994.29 0 2212 3768 1 0 1
422.163 144.907 0 -98.7773 -235.952 9996.73 0 2212 3769 1 0 1
-131.094 -287.527 0 172.033 27.5864 9998.48 0 2212 3770 1 0 1
-550.022 195.742 0 -82.5949 75.633 9999.37 0 2212 3771 1 0 1
77.5229 -4.96173 0 -65.0571 -563.242 9983.91 0 2212 3772 1 0 1
-475.901 -228.6 0 291.939 -504.334 9983.01 0 2212 3773 1 0 1
-417.821 61.264 0 -189.039 -588.202 9980.9 0 2212 3774 1 0 1
545.663 -56.3929 0 -194.722 -173.174 9996.6 0 2212 3775 1 0 1
119.334 164.612 0 255.366 55.1484 9996.59 0 2212 3776 1 0 1
20.9893 44.6515 0 84.8669 -378.657 9992.47 0 2212 3777 1 0 1
-62.5766 90.8795 0 116.588 -390.232 9991.7 0 2212 3778 1 0 1
96.1165 93.823 0 44.38 -310.188 9995.09 0 2212 3779 1 0 1
-911.694 -194.583 0 -44.7921 470.105 9988.84 0 2212 3780 1 0 1
111.934 -17.8375 0 129.506 308.381 9994.4 0 2212 3781 1 0 1
-328.707 97.9178 0 -254.589 -194.326 9994.87 0 2212 3782 1 0 1
-697.285 460.327 0 128.414 55.1257 9999.02 0 2212 3783 1 0 1
438.775 -10.7686 0 124.66 154.916 9998.02 0 2212 3784 1 0 1
480.937 390.916 0 -64.2342 -742.477 9972.19 0 2212 3785 1 0 1
440.952 -175.042 0 2.69854 -867.945 9962.26 0 2212 3786 1 0 1
-470.011 211.168 0 -349.833 -252.683 9990.68 0 2212 3787 1 0 1
617.092 -302.927 0 47.1261 346.661 9993.88 0 2212 3788 1 0 1
69.4168 -121.348 0 224.576 -205.554 9995.36 0 2212 3789 1 0 1
1370.3 366.395 0 -81.1301 359.144 9993.22 0 2212 3790 1 0 1
969.586 191.052 0 -8.37324 -454.082 9989.68 0 2212 3791 1 0 1
628.896 -171.165 0 43.0498 -355.167 9993.6 0 2212 3792 1 0 1
382.93 -117.968 0 83.5591 265.648 9996.12 0 2212 3793 1 0 1
-131.605 503.259 0 2.90992 -797.813 9968.12 0 2212 3794 1 0 1
503.251 674.563 0 124.335 219.394 9996.82 0 2212 3795 1 0 1
-208.789 30.1158 0 67.2383 237.816 9996.95 0 2212 3796 1 0 1
1501.78 -284.421 0 -3.77591 641.557 9979.4 0 2212 3797 1 0 1
-185.487 114.394 0 -92.7694 59.1545 9999.39 0 2212 3798 1 0 1
1280.91 -319.557 0 -135.755 461.65 9988.42 0 2212 3799 1 0 1
-501.981 -67.543 0 29.9214 279.556 9996.05 0 2212 3800 1 0 1
344.19 -245.413 0 312.787 169.653 9993.67 0 2212 3801 1 0 1
480.994 254.176 0 155.623 -15.9679 9998.78 0 2212 3802 1 0 1
-706.986 -214.363 0 71.1211 -18.5451 9999.73 0 2212 3803 1 0 1
-167.065 57.2575 0 -144.593 -39.6344 9998.88 0 2212 3804 1 0 1
275.286 -185.62 0 -91.2794 46.1335 9999.48 0 2212 3805 1 0 1
458.964 296.625 0 54.1406 16.7057 9999.84 0 2212 3806 1 0 1
270.249 -245.874 0 -12.2695 -144.715 9998.95 0 2212 3807 1 0 1
448.945 279.782 0 89.2076 -220.897 9997.16 0 2212 3808 1 0 1
89.1281 282.375 0 305.229 -241.074 9992.43 0 2212 3809 1 0 1
984.608 389.139 0 -53.3664 -627.338 9980.16 0 2212 3810 1 0 1
102.224 -347.532 0 -99.5003 338.002 9993.79 0 2212 3811 1 0 1
-514.557 -106.283 0 280.086 -46.6459 9995.97 0 2212 3812 1 0 1
377.394 -154.415 0 -100.218 129.976 9998.65 0 2212 3813 1 0 1
498.323 379.566 0 -191.15 21.5024 9998.15 0 2212 3814 1 0 1
370.887 91.51 0 179.116 20.8124 9998.37 0 2212 3815 1 0 1
91.1594 -399.776 0 8.974 -244.301 9997.01 0 2212 3816 1 0 1
-197.518 20.1819 0 -114.239 -294.323 9995.01 0 2212 3817 1 0 1
50.8319 68.0321 0 -198.773 -705.457 9973.1 0 2212 3818 1 0 1
59.6407 -5.72191 0 38.6378 67.3545 9999.7 0 2212 3819 1 0 1
-238.055 315.717 0 166.774 -173.95 9997.1 0 2212 3820 1 0 1
501.106 -219.904 0 -58.2689 -173.794 9998.32 0 2212 3821 1 0 1
-52.0908 -287.312 0 -88.3856 -99.3534 9999.12 0 2212 3822 1 0 1
-447.714 118.259 0 -86.1345 427.258 9990.5 0 2212 3823 1 0 1
1185.68 169.523 0 161.548 449.724 9988.58 0 2212 3824 1 0 1
797.72 -175.682 0 -351.83 -361.012 9987.29 0 2212 3825 1 0 1
38.8848 170.785 0 190.212 -293.657 9993.88 0 2212 3826 1 0 1
-763.788 -48.094 0 64.0748 403.176 9991.66 0 2212 3827 1 0 1
-213.928 145.715 0 270.674 -493.402 9984.15 0 2212 3828 1 0 1
418.336 291.435 0 469.194 58.5347 9988.82 0 2212 3829 1 0 1
-314.674 351.84 0 198.72 -814.698 9964.78 0 2212 3830 1 0 1
237.76 -338.548 0 198.899 231.346 9995.34 0 2212 3831 1 0 1
-740.571 376.57 0 -37.5728 -228.875 9997.31 0 2212 3832 1 0 1
-1208.98 -262.931 0 12.6357 -388.375 9992.45 0 2212 3833 1 0 1
-276.43 -211.111 0 -51.0901 -712.591 9974.45 0 2212 3834 1 0 1
655.085 -249.748 0 -251.988 -273.856 9993.07 0 2212 3835 1 0 1
-65.0463 390.639 0 -301.325 -68.9768 9995.22 0 2212 3836 1 0 1
-754.415 55.6684 0 277.243 -794.68 9964.52 0 2212 3837 1 0 1
1301.23 -300.016 0 34.572 19.584 9999.92 0 2212 3838 1 0 1
603.176 -149.684 0 -181.563 116.162 9997.68 0 2212 3839 1 0 1
-120.417 -29.9336 0 257.764 -5.92001 9996.68 0 2212 3840 1 0 1
-22.4312 275.118 0 -37.3777 -96.1699 9999.47 0 2212 3841 1 0 1
195.739 393.438 0 -388.525 111.708 9991.83 0 2212 3842 1 0 1
160.508 -142.666 0 66.4099 -194.298 9997.89 0 2212 3843 1 0 1
501.417 -72.3728 0 -153.727 -261.56 9995.4 0 2212 3844 1 0 1
-178.274 -349.056 0 -370.966 497.067 9980.75 0 2212 3845 1 0 1
339.663 -26.5623 0 51.5756 -207.461 9997.71 0 2212 3846 1 0 1
-7.71263 485.107 0 203.258 472.631 9986.76 0 2212 3847 1 0 1
160.127 306.102 0 -5.36106 -295.723 9995.62 0 2212 3848 1 0 1
-508.55 -363.425 0 113.554 239.135 9996.5 0 2212 3849 1 0 1
501.124 -358.365 0 22.4286 66.136 9999.76 0 2212 3850 1 0 1
-831.604 -72.4278 0 -28.8186 -325.5 9994.66 0 2212 3851 1 0 1
599.331 397.365 0 118.001 192.683 9997.45 0 2212 3852 1 0 1
-76.7628 213.482 0 -176.031 919.556 9956.07 0 2212 3853 1 0 1
-419.976 48.7813 0 -174.732 94.7632 9998.02 0 2212 3854 1 0 1
588.457 -118.325 0 6.72742 -795.152 9968.33 0 2212 3855 1 0 1
-492.67 54.949 0 -370.615 1.15742 9993.13 0 2212 3856 1 0 1
-243.904 177.46 0 132.861 -867.86 9961.38 0 2212 3857 1 0 1
-251.249 -2.94218 0 9.16108 500.843 9987.45 0 2212 3858 1 0 1
292.614 30.0708 0 57.2559 188.944 9998.05 0 2212 3859 1 0 1
-546.843 -276.257 0 45.7965 413.952 9991.32 0 2212 3860 1 0 1
-676.911 -103.601 0 -387.122 -535.937 9978.12 0 2212 3861 1 0 1
890.586 -392.873 0 -42.899 514.765 9986.65 0 2212 3862 1 0 1
-527.58 179.545 0 -156.705 142.629 9997.75 0 2212 3863 1 0 1
-645.462 -626.124 0 -1.95057 -452.998 9989.73 0 2212 3864 1 0 1
-352.555 -192.413 0 -45.9375 -520.562 9986.34 0 2212 3865 1 0 1
-13.5133 -158.4 0 -253.396 -36.8158 9996.72 0 2212 3866 1 0 1
-518.205 67.8013 0 -196.105 -42.8296 9997.99 0 2212 3867 1 0 1
-24.8136 -81.3992 0 -77.2535 246.43 9996.66 0 2212 3868 1 0 1
98.5138 93.7467 0 -408.431 499.476 9979.16 0 2212 3869 1 0 1
-74.8402 67.362 0 -1.35541 -670.641 9977.49 0 2212 3870 1 0 1
607.662 118.517 0 -53.5937 -238.115 9997.02 0 2212 3871 1 0 1
285.018 251.643 0 -155.923 48.7822 9998.67 0 2212 3872 1 0 1
155.936 -548.056 0 30.8428 699.389 9975.47 0 2212 3873 1 0 1
-456.148 -400.639 0 79.9083 169.95 9998.24 0 2212 3874 1 0 1
600.931 195.956 0 -170.211 216.396 9996.21 0 2212 3875 1 0 1
-303.676 46.5563 0 316.564 -193.158 9993.12 0 2212 3876 1 0 1
-827.89 462.251 0 -53.2368 115.499 9999.19 0 2212 3877 1 0 1
446.432 -257.054 0 -79.6096 715.579 9974.05 0 2212 3878 1 0 1
-84.4703 -73.3832 0 -227.326 60.2244 9997.23 0 2212 3879 1 0 1
-984.914 60.0714 0 -127.598 429.564 9989.95 0 2212 3880 1 0 1
-242.335 -159.279 0 195.109 105.585 9997.54 0 2212 3881 1 0 1
348.749 309.207 0 252.635 -38.3486 9996.73 0 2212 3882 1 0 1
597.674 143.842 0 -188.674 49.7189 9998.1 0 2212 3883 1 0 1
-497.13 36.9467 0 84.9077 59.3598 9999.46 0 2212 3884 1 0 1
-911.729 319.639 0 -140.255 -22.3674 9998.99 0 2212 3885 1 0 1
67.8367 372.075 0 8.7219 -406.968 9991.71 0 2212 3886 1 0 1
277.132 76.1344 0 -63.7723 562.687 9983.95 0 2212 3887 1 0 1
-784.716 162.797 0 233.893 -76.3744 9996.97 0 2212 3888 1 0 1
348.293 -269.012 0 111.372 448.419 9989.32 0 2212 3889 1 0 1
990.975 -181.543 0 167.049 -115.926 9997.93 0 2212 3890 1 0 1
-1613.17 -74.9832 0 142.739 239.736 9996.11 0 2212 3891 1 0 1
-523.808 -33.8081 0 229.802 -294.66 9993.02 0 2212 3892 1 0 1
-322.905 255.97 0 -94.9882 87.2245 9999.17 0 2212 3893 1 0 1
-433.419 -438.763 0 -197.028 416.911 9989.36 0 2212 3894 1 0 1
690.693 -249.08 0 126.435 652.907 9977.86 0 2212 3895 1 0 1
-489.08 -514.068 0 -144.083 18.3436 9998.95 0 2212 3896 1 0 1
-119.534 242.628 0 22.5753 -71.5975 9999.72 0 2212 3897 1 0 1
1179.39 70.7939 0 76.534 585.342 9982.56 0 2212 3898 1 0 1
1149.32 -381.954 0 83.5011 -166.953 9998.26 0 2212 3899 1 0 1
12.0567 79.12 0 -203.892 -55.8337 9997.77 0 2212 3900 1 0 1
245.317 -136.413 0 220.509 -448.622 9987.5 0 2212 3901 1 0 1
91.3282 51.1527 0 -93.1668 1335.31 9910.01 0 2212 3902 1 0 1
345.561 24.3644 0 358.43 109.196 9992.98 0 2212 3903 1 0 1
705.288 -268.971 0 35.0417 361.142 9993.42 0 2212 3904 1 0 1
66.3886 475.128 0 -257.962 -221.616 9994.22 0 2212 3905 1 0 1
-278.592 -342.982 0 213.438 575.775 9981.13 0 2212 3906 1 0 1
-78.8909 42.0183 0 -266.868 481.323 9984.84 0 2212 3907 1 0 1
340.732 -115.85 0 -33.2897 -216.846 9997.59 0 2212 3908 1 0 1
1018.23 -109.165 0 -217.394 -982.72 9949.22 0 2212 3909 1 0 1
178.652 -16.9232 0 -87.387 0.445833 9999.62 0 2212 3910 1 0 1
-817.491 -122.659 0 -163.711 617.967 9979.54 0 2212 3911 1 0 1
-28.203 350.207 0 -137.26 319.514 9993.95 0 2212 3912 1 0 1
978.762 150.133 0 -89.0126 296.563 9995.21 0 2212 3913 1 0 1
-217.68 -263.256 0 -235.99 71.8915 9996.96 0 2212 3914 1 0 1
439.717 -271.908 0 32.4547 122.125 9999.2 0 2212 3915 1 0 1
-171.883 274.565 0 252.358 351.72 9990.63 0 2212 3916 1 0 1
-210.355 -59.7653 0 162.711 284.919 9994.62 0 2212 3917 1 0 1
-153.631 -322.509 0 -98.2063 397.58 9991.61 0 2212 3918 1 0 1
508.604 -239.308 0 -33.2222 -67.3477 9999.72 0 2212 3919 1 0 1
-67.2189 202.58 0 -108.996 -537.468 9984.95 0 2212 3920 1 0 1
-266.153 -317.044 0 27.9472 172.375 9998.48 0 2212 3921 1 0 1
-423.947 -23.5244 0 49.5178 310.499 9995.06 0 2212 3922 1 0 1
220.748 152.474 0 171.257 -313.736 9993.61 0 2212 3923 1 0 1
836.398 -184.529 0 12.4699 773.449 9970.04 0 2212 3924 1 0 1
442.89 244.427 0 112.315 31.5788 9999.32 0 2212 3925 1 0 1
-103.271 373.924 0 35.3424 -129.576 9999.1 0 2212 3926 1 0 1
228.305 -357.772 0 -93.1285 -844.047 9963.88 0 2212 3927 1 0 1
-448.707 -180.022 0 -243.27 -670.595 9974.52 0 2212 3928 1 0 1
286.811 -450.652 0 -104.843 -83.9926 9999.1 0 2212 3929 1 0 1
-440.614 107.733 0 517.263 340.28 9980.81 0 2212 3930 1 0 1
-413.52 61.1183 0 207.73 254.714 9994.6 0 2212 3931 1 0 1
306.173 -17.3853 0 40.9122 334.123 9994.33 0 2212 3932 1 0 1
-1436.84 294.608 0 89.6506 -78.9004 9999.29 0 2212 3933 1 0 1
-529.23 -44.0448 0 -174.015 157.682 9997.24 0 2212 3934 1 0 1
36.9166 34.0379 0 59.9106 -858.502 9962.9 0 2212 3935 1 0 1
860.184 64.3155 0 -98.7333 -137.431 9998.57 0 2212 3936 1 0 1
158.707 -97.5111 0 -142.453 368.918 9992.18 0 2212 3937 1 0 1
9.20024 -250.104 0 176.259 -563.676 9982.54 0 2212 3938 1 0 1
-414.722 69.742 0 113.252 -58.1486 9999.19 0 2212 3939 1 0 1
-308.683 590.939 0 -50.2464 2.61695 9999.87 0 2212 3940 1 0 1
-89.4056 -44.0247 0 54.8555 -491.416 9987.77 0 2212 3941 1 0 1
-77.9315 243.352 0 101.214 401.672 9991.42 0 2212 3942 1 0 1
-271.449 100.001 0 -319.55 -93.603 9994.45 0 2212 3943 1 0 1
699.558 111.593 0 120.295 428.718 9990.08 0 2212 3944 1 0 1
659.724 -72.5885 0 -107.172 -118.487 9998.72 0 2212 3945 1 0 1
-544.415 351.87 0 -72.1624 -388.973 9992.17 0 2212 3946 1 0 1
-406.919 -51.6861 0 -126.029 -209.726 9997.01 0 2212 3947 1 0 1
318.661 -136.47 0 -200.396 -749.488 9969.86 0 2212 3948 1 0 1
-752.014 -232.697 0 -258.344 -540.045 9982.06 0 2212 3949 1 0 1
486.762 140.429 0 -323.628 -646.847 9973.81 0 2212 3950 1 0 1
-522.786 -299.835 0 -260.143 -215.088 9994.3 0 2212 3951 1 0 1
9.18064 73.3195 0 31.5351 -312.972 9995.05 0 2212 3952 1 0 1
-1209.9 326.658 0 -255.861 -294.135 9992.4 0 2212 3953 1 0 1
320.158 69.302 0 -127.364 -213.288 9996.91 0 2212 3954 1 0 1
-401.969 -17.3117 0 28.2724 391.278 9992.3 0 2212 3955 1 0 1
235.178 -78.892 0 -22.3529 666.131 9977.76 0 2212 3956 1 0 1
-195.908 165.475 0 -118.248 629.071 9979.49 0 2212 3957 1 0 1
488.543 -87.1308 0 -54.1202 -336.587 9994.19 0 2212 3958 1 0 1
884.581 345.639 0 -36.2565 245.85 9996.91 0 2212 3959 1 0 1
-943.188 43.724 0 -19.3474 575.035 9983.43 0 2212 3960 1 0 1
402.86 171.841 0 121.425 546.188 9984.33 0 2212 3961 1 0 1
-336.152 -399.713 0 6.8784 289.482 9995.81 0 2212 3962 1 0 1
761.408 -84.5952 0 -80.8694 708.67 9974.53 0 2212 3963 1 0 1
114.419 -23.061 0 103.84 439.591 9989.79 0 2212 3964 1 0 1
-398.691 280.588 0 -41.9948 139.494 9998.94 0 2212 3965 1 0 1
-1208.49 73.7941 0 -164.656 64.3105 9998.44 0 2212 3966 1 0 1
-244.344 118.047 0 -97.576 -274.811 9995.75 0 2212 3967 1 0 1
362.798 233.845 0 132.179 186.089 9997.39 0 2212 3968 1 0 1
-716.919 -51.7024 0 123.818 -124.466 9998.46 0 2212 3969 1 0 1
479.574 -250.614 0 -131.262 -171.307 9997.67 0 2212 3970 1 0 1
-601.633 -179.691 0 -180.972 -721.761 9972.28 0 2212 3971 1 0 1
-400.396 -117.951 0 20.4988 -125.129 9999.2 0 2212 3972 1 0 1
248.922 170.316 0 18.5103 -446.236 9990.02 0 2212 3973 1 0 1
-171.99 -67.0923 0 302.604 -370.657 9988.55 0 2212 3974 1 0 1
169.49 -359.58 0 0.929798 731.015 9973.25 0 2212 3975 1 0 1
-161.298 -391.324 0 333.812 -208.106 9992.26 0 2212 3976 1 0 1
-202.904 86.2328 0 -47.9524 -258.129 9996.55 0 2212 3977 1 0 1
56.2646 287.656 0 -138.957 478.301 9987.59 0 2212 3978 1 0 1
482.247 19.6011 0 230.814 -568.988 9981.13 0 2212 3979 1 0 1
-179.799 44.8802 0 179.447 727.829 9971.86 0 2212 3980 1 0 1
758.852 -29.1324 0 -117.492 999.01 9949.28 0 2212 3981 1 0 1
442.956 8.61245 0 -31.5874 -334.234 9994.36 0 2212 3982 1 0 1
-139.452 253.074 0 113.229 -377.035 9992.25 0 2212 3983 1 0 1
564.286 394.772 0 385.791 -435.284 9983.07 0 2212 3984 1 0 1
-580.878 202.624 0 -17.1662 -594.236 9982.31 0 2212 3985 1 0 1
-197.719 -170.674 0 131.727 437.998 9989.53 0 2212 3986 1 0 1
-126.526 206.424 0 126.955 -307.226 9994.47 0 2212 3987 1 0 1
316.425 -259.09 0 39.6188 -431.984 9990.59 0 2212 3988 1 0 1
-9.18728 -23.1406 0 218.482 370.81 9990.73 0 2212 3989 1 0 1
360.232 98.1101 0 -130.435 554.154 9983.78 0 2212 3990 1 0 1
595.885 -157.961 0 75.8311 -174.175 9998.2 0 2212 3991 1 0 1
780.731 44.8904 0 86.1871 -337.82 9993.92 0 2212 3992 1 0 1
1149.25 142.877 0 -9.62871 -119.291 9999.28 0 2212 3993 1 0 1
-299.151 -181.948 0 -123.729 -73.0504 9998.97 0 2212 3994 1 0 1
-584.936 28.4314 0 138.637 121.234 9998.3 0 2212 3995 1 0 1
400.624 334.258 0 -22.918 142.383 9998.96 0 2212 3996 1 0 1
339.676 30.5305 0 211.85 -65.8344 9997.54 0 2212 3997 1 0 1
2.86595 107.788 0 -21.4875 478.789 9988.51 0 2212 3998 1 0 1
-673.852 78.3741 0 -0.733023 -639.945 9979.5 0 2212 3999 1 0 1
-191.754 573.065 0 111.088 -6.85724 9999.38 0 2212 4000 1 0 1
291.145 -67.5535 0 106.21 438.602 9989.81 0 2212 4001 1 0 1
312.242 158.188 0 -160.788 -140.25 9997.72 0 2212 4002 1 0 1
-269.065 203.907 0 -35.47 299.031 9995.47 0 2212 4003 1 0 1
318.319 109.009 0 63.6462 -395.007 9991.99 0 2212 4004 1 0 1
-497.853 -50.9319 0 -13.1624 72.8271 9999.73 0 2212 4005 1 0 1
-934.167 -59.7262 0 9.3111 648.664 9978.94 0 2212 4006 1 0 1
-157.083 -291.159 0 -260.139 205.134 9994.51 0 2212 4007 1 0 1
-182.392 194.302 0 253.483 228.019 9994.19 0 2212 4008 1 0 1
311.77 -245.756 0 222.307 421.727 9988.63 0 2212 4009 1 0 1
1014.6 -161.221 0 -182.694 -36.7244 9998.26 0 2212 4010 1 0 1
169.31 -73.5475 0 502.74 110.812 9986.74 0 2212 4011 1 0 1
-470.077 -367.272 0 218.822 16.4205 9997.59 0 2212 4012 1 0 1
-461.83 167.575 0 110.052 545.907 9984.48 0 2212 4013 1 0 1
219.992 -394.923 0 -399.349 -260.773 9988.62 0 2212 4014 1 0 1
105.156 -323.806 0 -24.9575 -635.713 9979.74 0 2212 4015 1 0 1
-852.674 257.71 0 -150.816 -85.0671 9998.5 0 2212 4016 1 0 1
-92.1987 -270.757 0 101.2 -474.824 9988.21 0 2212 4017 1 0 1
-1.12521 -92.9425 0 234.924 434.186 9987.81 0 2212 4018 1 0 1
336.921 -363.305 0 25.1122 -511.118 9986.9 0 2212 4019 1 0 1
347.264 19.4695 0 -122.796 -612.5 9980.47 0 2212 4020 1 0 1
-228.943 -484.254 0 -187.927 -672.558 9975.59 0 2212 4021 1 0 1
-110.45 -446.061 0 25.8767 -563.218 9984.09 0 2212 4022 1 0 1
968.124 -98.3686 0 280.972 263.783 9992.57 0 2212 4023 1 0 1
-106.23 259.993 0 55.8285 -159.377 9998.57 0 2212 4024 1 0 1
368.365 -10.4959 0 -117.526 -414.215 9990.73 0 2212 4025 1 0 1
338.251 -338.513 0 -56.7411 125.257 9999.05 0 2212 4026 1 0 1
-57.5122 135.575 0 -279.247 -787.951 9965 0 2212 4027 1 0 1
679.132 -252.938 0 165.83 163.317 9997.29 0 2212 4028 1 0 1
529.172 50.6005 0 -165.378 104.273 9998.09 0 2212 4029 1 0 1
48.6157 69.3964 0 -29.5406 217.234 9997.6 0 2212 4030 1 0 1
-152.662 -206.98 0 -290.033 -58.2877 9995.62 0 2212 4031 1 0 1
-1529.8 -281.402 0 147.175 336.715 9993.25 0 2212 4032 1 0 1
418.584 146.891 0 -28.8635 -691.801 9976 0 2212 4033 1 0 1
972.639 -175.738 0 177.451 220.984 9995.98 0 2212 4034 1 0 1
-378.557 -116.835 0 406.775 -699.572 9967.2 0 2212 4035 1 0 1
-589.314 -183.695 0 112.199 422.948 9990.42 0 2212 4036 1 0 1
-131.48 -70.9836 0 -43.7211 130.957 9999.05 0 2212 4037 1 0 1
1211.14 -34.7587 0 358.309 -179.064 9991.97 0 2212 4038 1 0 1
188.733 218.778 0 150.097 715.706 9973.23 0 2212 4039 1 0 1
-339.843 -134.021 0 312.311 -910.976 9953.52 0 2212 4040 1 0 1
-426.642 -335.048 0 14.945 258.185 9996.66 0 2212 4041 1 0 1
22.7 -688.32 0 51.3659 -512.699 9986.72 0 2212 4042 1 0 1
-352.04 -56.2586 0 -50.8785 -61.3234 9999.68 0 2212 4043 1 0 1
1201.81 186.987 0 272.691 70.2087 9996.03 0 2212 4044 1 0 1
154.833 197.321 0 -315.476 228.908 9992.4 0 2212 4045 1 0 1
287.06 258.165 0 153.781 -1302.44 9913.63 0 2212 4046 1 0 1
339.025 233.169 0 -127.791 462.345 9988.49 0 2212 4047 1 0 1
376.933 -285.537 0 -184.996 19.9162 9998.27 0 2212 4048 1 0 1
-979.842 18.4945 0 -172.918 217.175 9996.15 0 2212 4049 1 0 1
521.029 264.138 0 -126.052 -305.622 9994.53 0 2212 4050 1 0 1
-444.31 -117.745 0 59.3676 1051.82 9944.35 0 2212 4051 1 0 1
-545.952 -54.7238 0 -229.297 167.787 9995.96 0 2212 4052 1 0 1
-1454.98 57.1268 0 152.389 -45.2303 9998.74 0 2212 4053 1 0 1
-858.763 12.9753 0 -108.083 361.429 9992.88 0 2212 4054 1 0 1
1383.19 179.526 0 -18.8848 -249.131 9996.88 0 2212 4055 1 0 1
189.664 381.079 0 -31.9189 437.298 9990.38 0 2212 4056 1 0 1
-228.783 283.786 0 -76.5583 -28.6749 9999.67 0 2212 4057 1 0 1
120.9 -90.9042 0 84.2198 -171.469 9998.18 0 2212 4058 1 0 1
21.4306 -219.909 0 400.178 649.339 9970.87 0 2212 4059 1 0 1
-349.468 116.376 0 -178.218 256.629 9995.12 0 2212 4060 1 0 1
1158.2 315.987 0 57.39 -675.553 9976.99 0 2212 4061 1 0 1
580.949 495.949 0 29.7733 -235.925 9997.17 0 2212 4062 1 0 1
582.207 247.288 0 -129.006 -403.042 9991.04 0 2212 4063 1 0 1
-458.012 -15.7807 0 -55.3225 -62.0545 9999.65 0 2212 4064 1 0 1
-372.84 -389.63 0 -89.0871 658.509 9977.9 0 2212 4065 1 0 1
42.6476 -176.376 0 183.676 69.7611 9998.07 0 2212 4066 1 0 1
-383.328 -232.987 0 134.468 175.814 9997.55 0 2212 4067 1 0 1
666.444 -506.839 0 -258.493 168.729 9995.23 0 2212 4068 1 0 1
-222.421 -194.574 0 9.35079 120.726 9999.27 0 2212 4069 1 0 1
-291.427 113.354 0 -151.151 199.193 9996.87 0 2212 4070 1 0 1
-462.454 -544.843 0 24.0629 600.467 9981.93 0 2212 4071 1 0 1
408.745 -8.16655 0 -255.408 150.609 9995.6 0 2212 4072 1 0 1
-28.2886 -353.543 0 -267.783 -61.6479 9996.22 0 2212 4073 1 0 1
-285.419 98.4151 0 -233.178 -500.593 9984.74 0 2212 4074 1 0 1
5.50783 -204.97 0 81.7143 204.722 9997.57 0 2212 4075 1 0 1
121.564 291.751 0 90.8756 -308.345 9994.83 0 2212 4076 1 0 1
-344.541 -92.4493 0 227.42 149.526 9996.3 0 2212 4077 1 0 1
-847.948 -74.9039 0 -217.994 470.48 9986.55 0 2212 4078 1 0 1
683.413 497.099 0 17.8196 242.575 9997.04 0 2212 4079 1 0 1
-485.909 183.31 0 -267.67 257.88 9993.09 0 2212 4080 1 0 1
475.355 -218.502 0 -80.3042 699.999 9975.15 0 2212 4081 1 0 1
-316.127 7.23597 0 -72.7317 -666.766 9977.48 0 2212 4082 1 0 1
1182.68 67.3749 0 -98.4689 460.727 9988.9 0 2212 4083 1 0 1
-174.085 399.044 0 109.262 -278.149 9995.53 0 2212 4084 1 0 1
-468.728 147.362 0 -70.2561 70.2978 9999.51 0 2212 4085 1 0 1
9.09234 167.058 0 -309.24 245.118 9992.21 0 2212 4086 1 0 1
-100.771 -32.177 0 -222.069 -406.553 9989.26 0 2212 4087 1 0 1
-589.03 -317.875 0 77.7542 219.413 9997.29 0 2212 4088 1 0 1
-517.038 -311.836 0 -128.61 30.6705 9999.13 0 2212 4089 1 0 1
872.995 -292.074 0 131.555 -14.082 9999.12 0 2212 4090 1 0 1
268.773 455.359 0 -63.9912 116.371 9999.12 0 2212 4091 1 0 1
-550.187 -39.9182 0 -24.2163 -786.599 9968.99 0 2212 4092 1 0 1
1207.25 -74.9087 0 -317.317 204.604 9992.87 0 2212 4093 1 0 1
-200.852 179.936 0 -237.681 -490.464 9985.14 0 2212 4094 1 0 1
-414.862 165.799 0 240.51 -450.874 9986.93 0 2212 4095 1 0 1
-335.448 396.573 0 -78.4224 -427.914 9990.53 0 2212 4096 1 0 1
-294.237 -118.358 0 -138.701 -145.64 9997.98 0 2212 4097 1 0 1
-548.42 30.4462 0 239.724 -209.913 9994.92 0 2212 4098 1 0 1
712.537 220.797 0 -20.7891 353.97 9993.71 0 2212 4099 1 0 1
1238.97 340.434 0 -178.396 826.604 9964.18 0 2212 4100 1 0 1
-1128.25 181.927 0 277.687 404.739 9987.95 0 2212 4101 1 0 1
-392.285 -442.557 0 46.2007 42.9498 9999.8 0 2212 4102 1 0 1
2.15396 34.7718 0 145.834 -1042.74 9944.42 0 2212 4103 1 0 1
-41.1967 73.9288 0 -193.49 -383.519 9990.77 0 2212 4104 1 0 1
-518.309 108.002 0 -23.2243 252.942 9996.77 0 2212 4105 1 0 1
-1008.24 -368.38 0 -438.799 -250.813 9987.22 0 2212 4106 1 0 1
687.137 86.4117 0 -107.789 67.8574 9999.19 0 2212 4107 1 0 1
162.302 -107.395 0 -17.9621 -129.126 9999.15 0 2212 4108 1 0 1
53.0196 24.1293 0 127.076 154.094 9998.01 0 2212 4109 1 0 1
18.3078 175.167 0 -145.686 -135.535 9998.02 0 2212 4110 1 0 1
21.5581 69.525 0 211.413 -306.263 9993.07 0 2212 4111 1 0 1
121.277 -170.332 0 149.059 58.6136 9998.72 0 2212 4112 1 0 1
-387.877 70.3515 0 -258.82 101.553 9996.13 0 2212 4113 1 0 1
-441.388 176.27 0 181.418 -211.5 9996.12 0 2212 4114 1 0 1
-403.32 343.71 0 -23.5684 -299.367 9995.49 0 2212 4115 1 0 1
-521.598 -238.443 0 149.104 873.282 9960.68 0 2212 4116 1 0 1
202.173 -93.8458 0 176.818 -240.508 9995.54 0 2212 4117 1 0 1
-605.173 5.653 0 -179.307 149.655 9997.27 0 2212 4118 1 0 1
234.884 -192.543 0 125.405 -233.149 9996.5 0 2212 4119 1 0 1
521.148 296.909 0 -0.112237 372.553 9993.06 0 2212 4120 1 0 1
897.306 258.53 0 103.921 -140.292 9998.48 0 2212 4121 1 0 1
-656.38 -521.005 0 -51.5501 -148.253 9998.77 0 2212 4122 1 0 1
-31.126 275.466 0 -33.6569 -13.1788 9999.93 0 2212 4123 1 0 1
-29.8627 -99.2281 0 325.139 311.46 9989.86 0 2212 4124 1 0 1
-484.657 364.9 0 94.7936 -122.994 9998.79 0 2212 4125 1 0 1
-566.598 -267.409 0 66.6373 -116.164 9999.1 0 2212 4126 1 0 1
844.303 -458.714 0 -97.7953 -320.599 9994.38 0 2212 4127 1 0 1
738.048 -334.999 0 231.59 -362.053 9990.76 0 2212 4128 1 0 1
-180.865 -452.923 0 -82.0371 103.596 9999.13 0 2212 4129 1 0 1
-232.782 -105.279 0 48.0787 -128.533 9999.06 0 2212 4130 1 0 1
-44.1319 -28.4578 0 -48.5229 193.458 9998.01 0 2212 4131 1 0 1
498.791 -326.775 0 -35.86 -517.27 9986.55 0 2212 4132 1 0 1
-263.914 158.955 0 199.79 -760.327 9969.05 0 2212 4133 1 0 1
407.147 297.097 0 -262.982 792.524 9965.08 0 2212 4134 1 0 1
416.037 -147.186 0 -114.085 -296.07 9994.97 0 2212 4135 1 0 1
-70.6906 198.096 0 -29.8738 386.182 9992.5 0 2212 4136 1 0 1
178.732 -194.705 0 109.37 -183.088 9997.73 0 2212 4137 1 0 1
-941.932 57.6256 0 18.4135 -283.521 9995.96 0 2212 4138 1 0 1
-630.202 112.84 0 -36.2433 444.423 9990.05 0 2212 4139 1 0 1
-8.10856 -553.024 0 156.182 371.754 9991.87 0 2212 4140 1 0 1
1432.92 -5.1545 0 124.836 300.288 9994.71 0 2212 4141 1 0 1
-33.5699 -9.75301 0 243.349 -239.25 9994.18 0 2212 4142 1 0 1
945.611 7.05486 0 95.6063 777.634 9969.26 0 2212 4143 1 0 1
857.295 -45.9761 0 28.0575 135.243 9999.05 0 2212 4144 1 0 1
504.659 448.855 0 241.336 -230.524 9994.43 0 2212 4145 1 0 1
-674.185 9.30509 0 177.264 -7.08272 9998.43 0 2212 4146 1 0 1
371.311 75.4755 0 117.408 -611.78 9980.58 0 2212 4147 1 0 1
23.4361 -287.907 0 -240.752 48.4532 9996.98 0 2212 4148 1 0 1
-267.647 16.7708 0 -316.094 401.376 9986.94 0 2212 4149 1 0 1
424.452 -313.106 0 -201.276 200.34 9995.97 0 2212 4150 1 0 1
1085.38 106.278 0 -267.46 408.63 9988.07 0 2212 4151 1 0 1
-87.0742 262.697 0 -288.508 186.086 9994.11 0 2212 4152 1 0 1
165.363 45.776 0 -26.8261 -399.706 9991.97 0 2212 4153 1 0 1
-262.83 134.916 0 -236.546 192.31 9995.35 0 2212 4154 1 0 1
-808.566 91.7583 0 5.16945 -521.506 9986.39 0 2212 4155 1 0 1
-1154.82 -0.87452 0 132.052 -418.425 9990.37 0 2212 4156 1 0 1
434.446 25.3225 0 396.949 -259.838 9988.74 0 2212 4157 1 0 1
416.284 210.303 0 303.412 491.897 9983.28 0 2212 4158 1 0 1
203.207 385.12 0 82.1702 601.956 9981.53 0 2212 4159 1 0 1
933.411 -100.188 0 -46.0072 -55.1307 9999.74 0 2212 4160 1 0 1
-777.173 -314.488 0 -96.223 -50.327 9999.41 0 2212 4161 1 0 1
436.546 -406.112 0 131.917 -202.839 9997.07 0 2212 4162 1 0 1
435.684 19.1187 0 456.633 517.395 9976.16 0 2212 4163 1 0 1
-166.431 -77.9769 0 64.8062 426.59 9990.69 0 2212 4164 1 0 1
92.3833 86.5323 0 -112.213 -225.413 9996.83 0 2212 4165 1 0 1
479.138 -24.7151 0 -160.985 -181.62 9997.05 0 2212 4166 1 0 1
1175.24 252.619 0 226.901 -239.919 9994.55 0 2212 4167 1 0 1
770.385 -227.133 0 347.434 -78.3524 9993.66 0 2212 4168 1 0 1
9.18076 -217.127 0 210.744 -240.21 9994.89 0 2212 4169 1 0 1
-489.696 43.6721 0 111.486 107.963 9998.8 0 2212 4170 1 0 1
-638.089 -107.154 0 -54.9972 682.233 9976.55 0 2212 4171 1 0 1
863.561 -60.7409 0 -59.3899 -166.929 9998.43 0 2212 4172 1 0 1
-714.209 -352.433 0 18.3598 340.63 9994.18 0 2212 4173 1 0 1
78.0872 -192.003 0 -492.024 -148.605 9986.78 0 2212 4174 1 0 1
-1032.83 -405.569 0 142.221 -108.506 9998.4 0 2212 4175 1 0 1
113.828 543.135 0 29.1035 -431.973 9990.62 0 2212 4176 1 0 1
-349.122 321.407 0 -173.578 -113.088 9997.85 0 2212 4177 1 0 1
-175.705 115.47 0 226.291 514.76 9984.18 0 2212 4178 1 0 1
123.375 -333.991 0 -67.2784 -356.393 9993.42 0 2212 4179 1 0 1
-727.626 330.165 0 -96.0391 622.655 9980.13 0 2212 4180 1 0 1
128.592 -277.847 0 95.56 416.272 9990.88 0 2212 4181 1 0 1
-295.351 -131.275 0 -37.8107 796.886 9968.13 0 2212 4182 1 0 1
580.326 -164.109 0 -53.2574 -653.08 9978.51 0 2212 4183 1 0 1
1221.54 -65.0824 0 -267.627 431.292 9987.11 0 2212 4184 1 0 1
599.748 -386.378 0 99.6024 -188.18 9997.73 0 2212 4185 1 0 1
-322.754 -31.9875 0 -132.043 -63.4319 9998.93 0 2212 4186 1 0 1
289.997 -657.965 0 169.799 233.818 9995.82 0 2212 4187 1 0 1
172.477 -382.15 0 182.215 -820.925 9964.58 0 2212 4188 1 0 1
218.52 -52.3904 0 430.585 43.3725 9990.63 0 2212 4189 1 0 1
-437.865 280.858 0 82.2565 -82.2966 9999.32 0 2212 4190 1 0 1
400.975 76.7198 0 -14.8187 -138.341 9999.03 0 2212 4191 1 0 1
-500.228 -326.737 0 -151.263 -127.612 9998.04 0 2212 4192 1 0 1
15.0217 -269.301 0 87.0813 -427.038 9990.5 0 2212 4193 1 0 1
-186.294 -233.571 0 17.2327 -595.441 9982.24 0 2212 4194 1 0 1
-201.63 160.815 0 4.60684 -751.8 9971.7 0 2212 4195 1 0 1
-466.117 -28.46 0 75.0472 -542.984 9984.97 0 2212 4196 1 0 1
569.548 -663.616 0 -303.466 -118.677 9994.69 0 2212 4197 1 0 1
-40.385 148.765 0 -30.2837 -314.21 9995.02 0 2212 4198 1 0 1
1391.21 -229.673 0 -288.083 579.574 9979.03 0 2212 4199 1 0 1
-187.15 362.557 0 -149.06 29.0419 9998.85 0 2212 4200 1 0 1
614.798 -243.574 0 -132.958 225.986 9996.56 0 2212 4201 1 0 1
-163.084 -68.3552 0 -66.3668 300.485 9995.26 0 2212 4202 1 0 1
-3.66668 234.288 0 -149.674 -144.471 9997.84 0 2212 4203 1 0 1
-133.352 -146.17 0 77.6378 -168.186 9998.28 0 2212 4204 1 0 1
-645.163 -175.335 0 -160.085 -648.859 9977.64 0 2212 4205 1 0 1
680.886 425.567 0 266.798 -307.942 9991.7 0 2212 4206 1 0 1
1300.7 -291.807 0 186.752 434.257 9988.82 0 2212 4207 1 0 1
-674.233 93.305 0 165.017 -280.488 9994.7 0 2212 4208 1 0 1
-92.7099 102.368 0 69.5143 205.231 9997.65 0 2212 4209 1 0 1
-633.824 -145.577 0 81.5615 -71.309 9999.41 0 2212 4210 1 0 1
-554.429 76.9682 0 364.723 262.37 9989.9 0 2212 4211 1 0 1
893.154 -604.011 0 137.787 -234.388 9996.3 0 2212 4212 1 0 1
-369.501 -163.034 0 40.5167 86.2835 9999.55 0 2212 4213 1 0 1
355.922 -289.498 0 41.462 134.801 9999.01 0 2212 4214 1 0 1
-1125.46 236.375 0 180.52 85.7031 9998 0 2212 4215 1 0 1
212.872 -183.327 0 -64.9714 196.18 9997.86 0 2212 4216 1 0 1
-157.569 150.127 0 21.0221 -206.224 9997.85 0 2212 4217 1 0 1
161.996 -478.398 0 69.2339 32.7066 9999.71 0 2212 4218 1 0 1
-313.063 334.62 0 -223.998 167.975 9996.08 0 2212 4219 1 0 1
-586.645 189.648 0 -126.207 117.421 9998.51 0 2212 4220 1 0 1
207.216 442.019 0 -207.681 -20.7336 9997.82 0 2212 4221 1 0 1
738.623 -483.128 0 -151.09 156.265 9997.64 0 2212 4222 1 0 1
1391.03 -177.507 0 -235.919 -391.59 9989.54 0 2212 4223 1 0 1
-697.972 117.36 0 83.3536 -612.967 9980.85 0 2212 4224 1 0 1
976.959 314.335 0 168.494 140.86 9997.59 0 2212 4225 1 0 1
-394.919 104.838 0 16.0595 -161.028 9998.69 0 2212 4226 1 0 1
-26.2869 358.111 0 -15.9484 144.612 9998.94 0 2212 4227 1 0 1
-175.333 12.3611 0 103.862 139.762 9998.48 0 2212 4228 1 0 1
430.054 156.535 0 -80.9435 320.988 9994.52 0 2212 4229 1 0 1
245.498 67.28 0 -43.0583 340.263 9994.12 0 2212 4230 1 0 1
329.167 4.30102 0 -269.757 103.571 9995.82 0 2212 4231 1 0 1
-348.975 -173.087 0 -169.945 -37.5471 9998.49 0 2212 4232 1 0 1
-66.5535 373.169 0 226.553 621.627 9978.09 0 2212 4233 1 0 1
731.775 158.839 0 -103.756 -201.635 9997.43 0 2212 4234 1 0 1
-358.611 33.627 0 302.516 -289.137 9991.24 0 2212 4235 1 0 1
711.511 -116.818 0 -97.5041 -259.913 9996.15 0 2212 4236 1 0 1
628.192 -313.535 0 -171.673 -0.15812 9998.53 0 2212 4237 1 0 1
-840.877 -238.946 0 -11.003 388.852 9992.43 0 2212 4238 1 0 1
305.81 -88.9047 0 163.106 -168.491 9997.25 0 2212 4239 1 0 1
539.603 -103.353 0 -225.806 -200.148 9995.45 0 2212 4240 1 0 1
-272.526 -120.943 0 -20.1947 -287.933 9995.83 0 2212 4241 1 0 1
202.972 -44.7839 0 58.4393 -155.645 9998.62 0 2212 4242 1 0 1
-92.4968 -9.20174 0 41.9942 468.793 9988.92 0 2212 4243 1 0 1
398.987 112.504 0 -82.9467 -260.669 9996.26 0 2212 4244 1 0 1
793.512 -246.097 0 -131.13 -9.20383 9999.14 0 2212 4245 1 0 1
692.022 -232.632 0 -124.394 767.06 9969.76 0 2212 4246 1 0 1
-332.255 -126.346 0 259.843 -31.1546 9996.57 0 2212 4247 1 0 1
1062.96 -360.722 0 -198.476 -901.566 9957.3 0 2212 4248 1 0 1
565.124 -289.432 0 -1.38413 -60.6193 9999.82 0 2212 4249 1 0 1
478.933 158.173 0 -397.259 154.626 9990.91 0 2212 4250 1 0 1
141.52 166.124 0 63.641 91.6217 9999.38 0 2212 4251 1 0 1
-497.935 65.3842 0 -47.6566 298.283 9995.44 0 2212 4252 1 0 1
-421.002 -39.6616 0 70.4788 -103.886 9999.21 0 2212 4253 1 0 1
-298.231 348.528 0 181.45 -350.627 9992.2 0 2212 4254 1 0 1
557.642 -79.0124 0 165.396 -221.976 9996.17 0 2212 4255 1 0 1
661.861 -14.9821 0 130.97 -66.8044 9998.92 0 2212 4256 1 0 1
369.596 -280.939 0 -39.3382 -911.453 9958.3 0 2212 4257 1 0 1
-400.292 274.272 0 70.446 286.372 9995.65 0 2212 4258 1 0 1
-573.455 96.4022 0 -30.2825 362.642 9993.38 0 2212 4259 1 0 1
-587.436 32.1275 0 -178.966 -93.9844 9997.96 0 2212 4260 1 0 1
460.231 398.789 0 -30.9808 -582.409 9982.98 0 2212 4261 1 0 1
516.907 -228.091 0 157.595 183.317 9997.08 0 2212 4262 1 0 1
-1627.1 -22.8651 0 104.504 -211.497 9997.22 0 2212 4263 1 0 1
298.472 -203.469 0 -42.8956 -730.191 9973.21 0 2212 4264 1 0 1
-555.874 -105.732 0 26.5052 263.859 9996.48 0 2212 4265 1 0 1
-283.294 675.253 0 265.561 -135.217 9995.56 0 2212 4266 1 0 1
-637.566 249.685 0 186.034 -63.4903 9998.07 0 2212 4267 1 0 1
238.923 279.91 0 -366.019 -52.947 9993.16 0 2212 4268 1 0 1
-164.176 -23.2118 0 371.793 -420.317 9984.24 0 2212 4269 1 0 1
-429.118 241.558 0 31.8606 168.692 9998.53 0 2212 4270 1 0 1
-61.7708 -271.568 0 20.7069 186.208 9998.24 0 2212 4271 1 0 1
442.253 97.5946 0 20.7392 -232.324 9997.28 0 2212 4272 1 0 1
700.645 -23.0549 0 -41.8181 257.612 9996.59 0 2212 4273 1 0 1
1067.48 89.7952 0 -62.0095 -820.628 9966.08 0 2212 4274 1 0 1
-11.2469 -62.9861 0 111.914 -334.426 9993.78 0 2212 4275 1 0 1
797.444 -202.892 0 -325.33 331.84 9989.2 0 2212 4276 1 0 1
-314.916 -112.445 0 196.331 -276.695 9994.24 0 2212 4277 1 0 1
-140.819 435.749 0 111.936 -52.8511 9999.23 0 2212 4278 1 0 1
-138.692 68.6746 0 -21.8674 18.174 9999.96 0 2212 4279 1 0 1
422.179 93.214 0 61.6231 -170.541 9998.36 0 2212 4280 1 0 1
-518.952 -69.1152 0 22.7423 -57.2893 9999.81 0 2212 4281 1 0 1
195.123 -76.3117 0 -174.244 -6.70734 9998.48 0 2212 4282 1 0 1
149.466 -94.6987 0 63.7816 755.975 9971.18 0 2212 4283 1 0 1
-825.471 -268.507 0 -139.851 83.2022 9998.68 0 2212 4284 1 0 1
371.381 -200.202 0 -28.0381 14.8891 9999.95 0 2212 4285 1 0 1
-82.0344 -108.382 0 115.598 260.391 9995.94 0 2212 4286 1 0 1
-259.446 -61.2165 0 16.3652 -1242.35 9922.51 0 2212 4287 1 0 1
-330.061 -37.042 0 35.4465 -109.563 9999.34 0 2212 4288 1 0 1
-256.405 -100.36 0 266.359 -109.582 9995.85 0 2212 4289 1 0 1
479.256 422.18 0 30.5251 478.144 9988.52 0 2212 4290 1 0 1
45.9541 -254.54 0 -243.99 -37.3018 9996.95 0 2212 4291 1 0 1
-8.02537 35.904 0 -120.694 -139.336 9998.3 0 2212 4292 1 0 1
-279.344 40.5083 0 3.83271 -387.538 9992.49 0 2212 4293 1 0 1
182.276 -244.807 0 -129.574 277.98 9995.3 0 2212 4294 1 0 1
104.031 -366.026 0 -14.011 -203.568 9997.92 0 2212 4295 1 0 1
-927.946 -176.007 0 153.028 521.689 9985.21 0 2212 4296 1 0 1
356.031 -63.8009 0 -304.256 196.472 9993.44 0 2212 4297 1 0 1
173.821 -454.516 0 -0.327777 -560.461 9984.28 0 2212 4298 1 0 1
-260.932 57.8479 0 -117.945 -285.481 9995.23 0 2212 4299 1 0 1
-287.845 42.152 0 37.6225 486.523 9988.09 0 2212 4300 1 0 1
-391.706 265.634 0 -227.202 289.745 9993.22 0 2212 4301 1 0 1
259.943 4.95676 0 -198.528 36.5426 9997.96 0 2212 4302 1 0 1
-284.306 -265.833 0 -184.613 48.2384 9998.18 0 2212 4303 1 0 1
103.778 -14.8265 0 145.039 -817.638 9965.46 0 2212 4304 1 0 1
-401.281 35.7992 0 87.3435 896.766 9959.33 0 2212 4305 1 0 1
-246.121 29.7746 0 132.578 695.522 9974.9 0 2212 4306 1 0 1
213.98 285.562 0 150.527 -525.337 9985.06 0 2212 4307 1 0 1
-132.118 149.364 0 295.379 198.905 9993.66 0 2212 4308 1 0 1
705.192 -311.854 0 -29.5301 329.97 9994.51 0 2212 4309 1 0 1
22.8454 -214.139 0 272.927 379.059 9989.09 0 2212 4310 1 0 1
231.323 -228.194 0 16.9485 574.658 9983.46 0 2212 4311 1 0 1
-69.7399 -501.247 0 98.492 242.888 9996.56 0 2212 4312 1 0 1
442.557 39.3238 0 -78.6581 232.72 9996.98 0 2212 4313 1 0 1
-865.211 22.7169 0 -1.03222 53.5318 9999.86 0 2212 4314 1 0 1
-217.117 174.152 0 -165.846 -18.1407 9998.61 0 2212 4315 1 0 1
59.901 -294.941 0 -31.398 -10.7989 9999.94 0 2212 4316 1 0 1
-422.713 684.765 0 -50.8059 -237.458 9997.05 0 2212 4317 1 0 1
100.977 328.021 0 -9.99942 507.908 9987.09 0 2212 4318 1 0 1
616.553 -271.792 0 53.6625 -333.286 9994.3 0 2212 4319 1 0 1
-182.021 -517.668 0 3.47557 -359.081 9993.55 0 2212 4320 1 0 1
1042.22 -296.252 0 17.5515 -827.659 9965.67 0 2212 4321 1 0 1
728.766 -269.402 0 213.234 -451.976 9987.5 0 2212 4322 1 0 1
-280.299 -156.937 0 84.0692 -640.494 9979.11 0 2212 4323 1 0 1
348.196 -480.308 0 64.3566 -106.781 9999.22 0 2212 4324 1 0 1
249.373 -151.118 0 -231.493 -467.301 9986.39 0 2212 4325 1 0 1
134.54 66.9259 0 211.875 -281.274 9993.8 0 2212 4326 1 0 1
419.312 283.15 0 -97.0221 64.6271 9999.32 0 2212 4327 1 0 1
269.131 -22.2848 0 59.0164 -718.853 9973.95 0 2212 4328 1 0 1
297.205 315.928 0 -222.728 -421.868 9988.61 0 2212 4329 1 0 1
-513.788 -51.3119 0 -87.2777 -822.873 9965.7 0 2212 4330 1 0 1
-74.6725 -286.791 0 132.487 215.81 9996.79 0 2212 4331 1 0 1
715.63 166.396 0 -344.319 -508.978 9981.1 0 2212 4332 1 0 1
246.894 -14.6785 0 -147.486 -13.4539 9998.9 0 2212 4333 1 0 1
-418.517 -93.6445 0 -236.51 504.159 9984.48 0 2212 4334 1 0 1
480.195 -322.838 0 101.856 -607.886 9980.99 0 2212 4335 1 0 1
591.434 12.8815 0 151.562 -178.175 9997.26 0 2212 4336 1 0 1
179.316 281.903 0 74.5656 -399.493 9991.74 0 2212 4337 1 0 1
-530.804 -62.5896 0 -31.675 -463.101 9989.22 0 2212 4338 1 0 1
-644.624 303.486 0 -75.5292 382.446 9992.4 0 2212 4339 1 0 1
-93.1252 -153.373 0 -193.943 394.073 9990.35 0 2212 4340 1 0 1
-167.048 -181.22 0 289.999 -119.624 9995.08 0 2212 4341 1 0 1
762.563 118.029 0 -66.6885 260.761 9996.38 0 2212 4342 1 0 1
862.622 25.7323 0 21.4091 355.87 9993.64 0 2212 4343 1 0 1
173.759 -187.688 0 97.0046 175.429 9997.99 0 2212 4344 1 0 1
353.979 -284.163 0 43.613 295.006 9995.55 0 2212 4345 1 0 1
-1170.66 -186.086 0 180.62 -88.3267 9997.98 0 2212 4346 1 0 1
651.879 44.3297 0 -58.9291 23.4237 9999.8 0 2212 4347 1 0 1
-1033.99 72.3235 0 148.19 -109.767 9998.3 0 2212 4348 1 0 1
731.94 -502.291 0 -83.8255 204.638 9997.55 0 2212 4349 1 0 1
-649.097 -128.691 0 118.928 387.954 9991.76 0 2212 4350 1 0 1
-306.07 -206.046 0 -74.8818 243.023 9996.77 0 2212 4351 1 0 1
-569.078 -380.782 0 -306.487 -66.6548 9995.08 0 2212 4352 1 0 1
-1052.88 -264.91 0 182.692 595.173 9980.6 0 2212 4353 1 0 1
372.616 140.711 0 -179.822 127.059 9997.58 0 2212 4354 1 0 1
-1117.45 -202.976 0 -156.85 -820.248 9965.07 0 2212 4355 1 0 1
-199.276 58.3433 0 197.275 -306.124 9993.37 0 2212 4356 1 0 1
87.1542 67.6934 0 165.377 220.88 9996.19 0 2212 4357 1 0 1
-173.148 325.251 0 359.806 -573.043 9977.08 0 2212 4358 1 0 1
-975.03 -173.032 0 95.1706 376.479 9992.46 0 2212 4359 1 0 1
190.162 -430.579 0 443.139 292.606 9985.89 0 2212 4360 1 0 1
12.0985 -41.7017 0 -88.6797 59.893 9999.43 0 2212 4361 1 0 1
-585.108 128.465 0 250.971 -6.3954 9996.85 0 2212 4362 1 0 1
816.09 -240.32 0 144.015 -178.786 9997.36 0 2212 4363 1 0 1
1061.38 158.631 0 -194.602 438.86 9988.47 0 2212 4364 1 0 1
319.518 46.0642 0 40.9897 -207.43 9997.76 0 2212 4365 1 0 1
428.042 245.966 0 -169.919 -243.691 9995.59 0 2212 4366 1 0 1
290.918 -88.2431 0 36.8756 -25.2963 9999.9 0 2212 4367 1 0 1
729.838 299.211 0 -61.8824 497.424 9987.43 0 2212 4368 1 0 1
-119.982 -277.153 0 429.889 -112.118 9990.13 0 2212 4369 1 0 1
-287.92 55.0464 0 -16.118 -171.507 9998.52 0 2212 4370 1 0 1
-1529.07 222.901 0 -135.518 -1120.6 9936.09 0 2212 4371 1 0 1
-488.26 -95.8955 0 249.715 506.592 9984.04 0 2212 4372 1 0 1
-328.804 -88.5756 0 -268.832 -240.22 9993.5 0 2212 4373 1 0 1
523.678 -62.3413 0 -145.089 230.802 9996.28 0 2212 4374 1 0 1
746.684 -72.4741 0 78.3735 -7.6428 9999.69 0 2212 4375 1 0 1
1348.38 454.412 0 219.793 -248.369 9994.5 0 2212 4376 1 0 1
-352.711 320.283 0 180.871 287.603 9994.23 0 2212 4377 1 0 1
-451.937 88.6016 0 185.809 173.451 9996.77 0 2212 4378 1 0 1
65.0218 190.902 0 143.075 233.81 9996.24 0 2212 4379 1 0 1
845.55 -407.496 0 122.079 164.44 9997.9 0 2212 4380 1 0 1
-243.29 -405.481 0 -73.2329 266.718 9996.17 0 2212 4381 1 0 1
738.613 609.753 0 165.047 17.7904 9998.62 0 2212 4382 1 0 1
196.852 164.116 0 -55.5994 -97.7506 9999.37 0 2212 4383 1 0 1
-442.586 -47.7673 0 -107.667 70.9388 9999.17 0 2212 4384 1 0 1
84.5414 365.772 0 -49.5763 707.479 9974.82 0 2212 4385 1 0 1
524.681 -322.093 0 40.293 72.3129 9999.66 0 2212 4386 1 0 1
211.744 -146.506 0 -158.131 96.5386 9998.28 0 2212 4387 1 0 1
-71.0306 206.278 0 208.73 -217.224 9995.46 0 2212 4388 1 0 1
-486.679 -252.055 0 -188.448 547.044 9983.25 0 2212 4389 1 0 1
119.671 181.685 0 -125.498 214.999 9996.9 0 2212 4390 1 0 1
599.982 -300.866 0 -230.441 -612.55 9978.56 0 2212 4391 1 0 1
645.738 93.1937 0 -43.4834 456.592 9989.48 0 2212 4392 1 0 1
22.4087 185.885 0 -58.1828 -20.8243 9999.81 0 2212 4393 1 0 1
482.414 41.0264 0 -75.7653 -351.334 9993.54 0 2212 4394 1 0 1
-317.061 447.675 0 73.9232 -187.38 9997.97 0 2212 4395 1 0 1
651.079 -16.1626 0 -57.514 160.233 9998.55 0 2212 4396 1 0 1
-834.035 99.2406 0 -150.393 -273.781 9995.12 0 2212 4397 1 0 1
-276.727 -329.489 0 127.95 282.488 9995.19 0 2212 4398 1 0 1
-622.956 -135.906 0 -76.7257 -89.1376 9999.31 0 2212 4399 1 0 1
-198.143 -123.456 0 346.877 -58.0979 9993.81 0 2212 4400 1 0 1
537.833 -150.549 0 -72.4952 -73.6064 9999.47 0 2212 4401 1 0 1
-210.289 -35.8697 0 -152.125 -180.727 9997.21 0 2212 4402 1 0 1
944.333 2.31897 0 -140.655 -528.022 9985.06 0 2212 4403 1 0 1
-186.223 38.1883 0 -117.215 -51.2144 9999.18 0 2212 4404 1 0 1
602.961 -56.0394 0 18.2993 -355.722 9993.65 0 2212 4405 1 0 1
-202.434 -285.219 0 29.8932 906.704 9958.76 0 2212 4406 1 0 1
308.644 110.681 0 275.278 51.6817 9996.08 0 2212 4407 1 0 1
-655.661 -37.7752 0 -230.214 -378.809 9990.17 0 2212 4408 1 0 1
-192.863 315.866 0 201.194 -70.6132 9997.73 0 2212 4409 1 0 1
1388.92 -323.581 0 173.442 145.24 9997.44 0 2212 4410 1 0 1
213.309 339.387 0 136.817 -428.914 9989.86 0 2212 4411 1 0 1
266.673 52.6539 0 -167.366 -425.3 9989.55 0 2212 4412 1 0 1
-138.649 139.458 0 31.5103 -990.926 9950.73 0 2212 4413 1 0 1
486.011 377.388 0 -19.3441 -347.692 9993.93 0 2212 4414 1 0 1
2.8557 -124.463 0 179.862 -1021.5 9946.06 0 2212 4415 1 0 1
-233.87 -83.9869 0 54.0458 -36.9615 9999.79 0 2212 4416 1 0 1
-158.14 95.6498 0 -145.801 78.4142 9998.63 0 2212 4417 1 0 1
-437.876 96.9145 0 79.2057 -1023.15 9947.2 0 2212 4418 1 0 1
850.589 86.7968 0 -204.753 -497.829 9985.5 0 2212 4419 1 0 1
-458.585 741.088 0 44.0662 391.486 9992.24 0 2212 4420 1 0 1
66.7867 -107.23 0 49.4098 114.222 9999.23 0 2212 4421 1 0 1
-118.431 -404.422 0 302.16 -58.688 9995.26 0 2212 4422 1 0 1
-604.539 212.287 0 -81.0319 -98.6489 9999.19 0 2212 4423 1 0 1
868.623 -402.234 0 -126.905 -344.741 9993.25 0 2212 4424 1 0 1
-367.969 668.516 0 288.646 34.6308 9995.77 0 2212 4425 1 0 1
42.0556 42.2173 0 -20.2028 49.3581 9999.86 0 2212 4426 1 0 1
-60.8538 94.1834 0 317.577 -241.223 9992.04 0 2212 4427 1 0 1
-130.964 -143.805 0 -104.823 46.8099 9999.34 0 2212 4428 1 0 1
-20.2573 -166.167 0 96.0143 -788.699 9968.39 0 2212 4429 1 0 1
185.279 417.394 0 -270.974 -458.745 9985.8 0 2212 4430 1 0 1
844.38 -115.608 0 67.5884 157.251 9998.54 0 2212 4431 1 0 1
-777.059 141.323 0 -42.2381 254.428 9996.67 0 2212 4432 1 0 1
-1213.95 96.9248 0 -136.441 -162.035 9997.76 0 2212 4433 1 0 1
-1141.15 -357.097 0 107.501 -561.931 9983.62 0 2212 4434 1 0 1
-385.968 314.578 0 -93.7471 -317.463 9994.52 0 2212 4435 1 0 1
1020.58 -145.103 0 -167.122 -75.552 9998.32 0 2212 4436 1 0 1
-189.819 -56.5404 0 86.0044 -330.705 9994.16 0 2212 4437 1 0 1
14.3605 -211.181 0 -147.977 -191.36 9997.07 0 2212 4438 1 0 1
-917.077 144.474 0 51.4078 -130.446 9999.02 0 2212 4439 1 0 1
80.0699 -156.007 0 -68.4952 -645.469 9978.91 0 2212 4440 1 0 1
-837.568 -74.7037 0 -43.7084 884.307 9960.73 0 2212 4441 1 0 1
183.836 -297.385 0 -80.0707 -77.5056 9999.38 0 2212 4442 1 0 1
-410.341 -211.221 0 225.451 574.986 9980.91 0 2212 4443 1 0 1
733.824 -334.186 0 46.8858 -162.11 9998.58 0 2212 4444 1 0 1
-156.33 61.5138 0 109.45 466.864 9988.5 0 2212 4445 1 0 1
516.67 546.894 0 112.539 767.905 9969.84 0 2212 4446 1 0 1
201.252 -160.852 0 116.17 -103.992 9998.78 0 2212 4447 1 0 1
-823.482 -39.5129 0 9.66491 -622.765 9980.58 0 2212 4448 1 0 1
-608.297 -82.714 0 -173.783 -569.837 9982.24 0 2212 4449 1 0 1
-702.743 489.374 0 67.3315 308.362 9995.02 0 2212 4450 1 0 1
147.382 211.887 0 -354.118 -980.92 9945.47 0 2212 4451 1 0 1
-425.469 -67.7054 0 -94.5324 212.237 9997.3 0 2212 4452 1 0 1
-199.994 -294.38 0 -243.557 203.344 9994.97 0 2212 4453 1 0 1
-403.516 -52.5739 0 49.9522 758.581 9971.06 0 2212 4454 1 0 1
193.165 93.5674 0 33.9742 704.183 9975.12 0 2212 4455 1 0 1
71.3807 26.414 0 -114.656 -53.9569 9999.2 0 2212 4456 1 0 1
-55.0735 -223.593 0 130.775 -328.557 9993.75 0 2212 4457 1 0 1
-597.158 126.045 0 112.711 47.8802 9999.25 0 2212 4458 1 0 1
-80.2608 17.5082 0 -21.2972 -282.34 9995.99 0 2212 4459 1 0 1
-1095.55 -167.136 0 -11.5488 505.456 9987.21 0 2212 4460 1 0 1
475.337 107.035 0 131.165 -175.734 9997.6 0 2212 4461 1 0 1
-479.159 -595.139 0 32.1431 -41.8047 9999.86 0 2212 4462 1 0 1
842.733 -111.549 0 -96.9782 -156.265 9998.31 0 2212 4463 1 0 1
690.139 -131.388 0 112.174 266.336 9995.82 0 2212 4464 1 0 1
-1042.67 136.882 0 -72.6495 258.812 9996.39 0 2212 4465 1 0 1
38.3313 -157.072 0 -5.21544 220.433 9997.57 0 2212 4466 1 0 1
-826.224 108.549 0 -11.0226 34.8669 9999.93 0 2212 4467 1 0 1
-280.954 -228.306 0 116.353 165.543 9997.95 0 2212 4468 1 0 1
154.568 173.142 0 60.2014 108.145 9999.23 0 2212 4469 1 0 1
230.915 186.18 0 -44.0611 -149.085 9998.79 0 2212 4470 1 0 1
-66.4914 -171.016 0 45.564 -268.709 9996.29 0 2212 4471 1 0 1
11.1186 116.25 0 -30.6429 -236.037 9997.17 0 2212 4472 1 0 1
330.608 -86.8022 0 -162.877 223.054 9996.19 0 2212 4473 1 0 1
957.921 -291.251 0 266.279 -661.011 9974.58 0 2212 4474 1 0 1
529.353 208.547 0 -140.623 -215.067 9996.7 0 2212 4475 1 0 1
431.341 -133.622 0 119.811 -660.659 9977.43 0 2212 4476 1 0 1
-199.419 -241.091 0 -467.758 564.061 9973.12 0 2212 4477 1 0 1
156.796 -66.9326 0 -1.55055 34.8478 9999.94 0 2212 4478 1 0 1
-22.6034 244.956 0 -122.652 445.347 9989.33 0 2212 4479 1 0 1
-980.56 57.6419 0 67.6853 137.016 9998.83 0 2212 4480 1 0 1
471.137 72.1438 0 -241.22 54.827 9996.94 0 2212 4481 1 0 1
161.107 -65.8945 0 -286.28 277.127 9992.06 0 2212 4482 1 0 1
93.7308 210.501 0 -137.502 -549.413 9983.95 0 2212 4483 1 0 1
-897.046 -304.439 0 13.7977 -333.848 9994.42 0 2212 4484 1 0 1
708.745 257.927 0 83.9178 540.801 9985.01 0 2212 4485 1 0 1
-617.833 20.1995 0 -367.579 290.678 9989.01 0 2212 4486 1 0 1
-376.232 -200.791 0 83.0541 -62.9305 9999.46 0 2212 4487 1 0 1
-870.725 -134.369 0 300.191 237.554 9992.67 0 2212 4488 1 0 1
1220.68 -339.871 0 -111.741 780.015 9968.91 0 2212 4489 1 0 1
-338.726 429.907 0 110.353 -260.758 9995.99 0 2212 4490 1 0 1
178.84 -447.808 0 -79.8006 138.777 9998.72 0 2212 4491 1 0 1
280.742 149.852 0 322.667 535.673 9980.43 0 2212 4492 1 0 1
-191.128 361.429 0 242.211 -269.493 9993.43 0 2212 4493 1 0 1
284.516 -82.1714 0 70.6752 -301.216 9995.21 0 2212 4494 1 0 1
1134.96 169.319 0 340.255 500.99 9981.64 0 2212 4495 1 0 1
-742.695 10.292 0 -256.36 189.979 9994.91 0 2212 4496 1 0 1
724.787 -103.085 0 -218.588 5.98074 9997.61 0 2212 4497 1 0 1
24.5289 66.3872 0 134.482 649.216 9978 0 2212 4498 1 0 1
-97.55 -25.5224 0 234.408 67.3415 9997.03 0 2212 4499 1 0 1
249.118 219.926 0 91.735 -136.183 9998.65 0 2212 4500 1 0 1
44.0117 -167.855 0 55.8862 -202.524 9997.79 0 2212 4501 1 0 1
-77.9642 -162.285 0 -237.839 84.3499 9996.82 0 2212 4502 1 0 1
157.062 -126.203 0 63.5934 45.0741 9999.7 0 2212 4503 1 0 1
-67.7861 461.048 0 -100.678 -17.1309 9999.48 0 2212 4504 1 0 1
240.275 -68.1091 0 -36.3803 161.931 9998.62 0 2212 4505 1 0 1
139.324 444.164 0 -2.09066 383.204 9992.65 0 2212 4506 1 0 1
576.252 213.962 0 -89.4864 154.353 9998.41 0 2212 4507 1 0 1
222.657 -61.8229 0 55.2425 360.696 9993.34 0 2212 4508 1 0 1
-204.963 -57.3775 0 49.4394 -446.953 9989.88 0 2212 4509 1 0 1
681.133 -133.68 0 -256.136 -541.729 9982.03 0 2212 4510 1 0 1
336.311 -230.227 0 11.9376 379.188 9992.8 0 2212 4511 1 0 1
-212.217 111.709 0 -349.991 168.531 9992.45 0 2212 4512 1 0 1
-152.815 18.1508 0 -136.518 -525.639 9985.24 0 2212 4513 1 0 1
-272.329 164.075 0 -127.288 -1262.76 9919.13 0 2212 4514 1 0 1
66.2864 -209.859 0 219.791 445.897 9987.64 0 2212 4515 1 0 1
412.084 548.058 0 302.094 112.866 9994.8 0 2212 4516 1 0 1
297.365 132.62 0 -439.256 360.243 9983.85 0 2212 4517 1 0 1
-172.81 38.9597 0 7.4017 -94.9553 9999.55 0 2212 4518 1 0 1
-690.906 -344.755 0 72.7703 628.554 9979.96 0 2212 4519 1 0 1
241.675 238.842 0 -252.72 -526.9 9982.91 0 2212 4520 1 0 1
251.532 -567.073 0 -271.076 -544.052 9981.51 0 2212 4521 1 0 1
212.772 136.097 0 98.9876 76.5635 9999.22 0 2212 4522 1 0 1
-153.253 -678.118 0 -69.4654 1090.47 9940.12 0 2212 4523 1 0 1
-97.1592 -57.4601 0 -173.972 -384.596 9991.09 0 2212 4524 1 0 1
152.302 -321.696 0 174.124 -452.434 9988.24 0 2212 4525 1 0 1
475.398 563.788 0 -41.1576 437.161 9990.36 0 2212 4526 1 0 1
458.79 -211.628 0 -21.8063 -142.942 9998.95 0 2212 4527 1 0 1
-710.124 -69.7757 0 -268.48 -718.64 9970.53 0 2212 4528 1 0 1
-514.584 -12.7177 0 242.519 -71.9956 9996.8 0 2212 4529 1 0 1
-1195.74 258.003 0 383.879 116.824 9991.95 0 2212 4530 1 0 1
-604.335 -276.033 0 -217.356 -390.985 9989.99 0 2212 4531 1 0 1
378.633 372.716 0 55.7843 557.018 9984.32 0 2212 4532 1 0 1
-467.255 331.667 0 369.411 59.358 9993 0 2212 4533 1 0 1
-344.84 191.307 0 -37.211 -622.795 9980.52 0 2212 4534 1 0 1
-576.017 -95.7253 0 358.904 238.218 9990.72 0 2212 4535 1 0 1
-407.57 -72.0838 0 -353.786 670.137 9971.25 0 2212 4536 1 0 1
-528.775 -99.7689 0 130.976 263.024 9995.68 0 2212 4537 1 0 1
704.005 -192.538 0 -195.471 -337.992 9992.37 0 2212 4538 1 0 1
197.937 323.492 0 -177.715 -71.8452 9998.16 0 2212 4539 1 0 1
293.02 -583.255 0 -3.51156 -70.2333 9999.75 0 2212 4540 1 0 1
781.192 195.026 0 0.575252 -264.653 9996.5 0 2212 4541 1 0 1
407.185 -74.5187 0 -257.028 -577.594 9980 0 2212 4542 1 0 1
517.545 56.9299 0 108.501 509.966 9986.4 0 2212 4543 1 0 1
-833.907 -208.039 0 -142.177 175.996 9997.44 0 2212 4544 1 0 1
451.344 161.515 0 186.757 206.715 9996.12 0 2212 4545 1 0 1
973.218 199.093 0 6.88443 -1.79219 10000 0 2212 4546 1 0 1
89.1463 90.2443 0 131.406 379.943 9991.92 0 2212 4547 1 0 1
642.305 -203.473 0 -210.068 -752.38 9969.44 0 2212 4548 1 0 1
-1.21609 234.975 0 -47.589 6.82478 9999.88 0 2212 4549 1 0 1
92.4891 -268.985 0 96.8302 232.734 9996.82 0 2212 4550 1 0 1
-326.457 222.808 0 -142.342 285.535 9994.91 0 2212 4551 1 0 1
-490.526 136.442 0 -111.835 -199.931 9997.38 0 2212 4552 1 0 1
-479.378 -386.064 0 43.1872 345.761 9993.93 0 2212 4553 1 0 1
-926.026 37.9037 0 -189.566 935.348 9954.36 0 2212 4554 1 0 1
522.884 -97.2794 0 175.341 167.748 9997.06 0 2212 4555 1 0 1
1014.9 59.709 0 303.279 119.253 9994.69 0 2212 4556 1 0 1
-525.723 159.928 0 -42.5931 -162.718 9998.59 0 2212 4557 1 0 1
162.525 63.0708 0 60.2215 747.626 9971.83 0 2212 4558 1 0 1
-223.282 -118.097 0 -92.2733 -588.013 9982.27 0 2212 4559 1 0 1
46.8792 44.5105 0 26.5949 508.893 9987.01 0 2212 4560 1 0 1
-81.1654 -72.7896 0 -212.937 626.894 9978.06 0 2212 4561 1 0 1
-434.468 -326.267 0 -480.473 -463.82 9977.68 0 2212 4562 1 0 1
126.033 -446.933 0 123.585 -111.834 9998.61 0 2212 4563 1 0 1
-166.175 171.524 0 -59.0762 -908.042 9958.51 0 2212 4564 1 0 1
-140.091 -12.6977 0 -12.4992 413.578 9991.44 0 2212 4565 1 0 1
-189.293 -145.598 0 356.06 -715.424 9968.02 0 2212 4566 1 0 1
386.256 -206.623 0 -28.8477 260.837 9996.56 0 2212 4567 1 0 1
-665.876 293.154 0 97.5764 257.312 9996.21 0 2212 4568 1 0 1
77.6007 148.765 0 -0.399753 670.327 9977.51 0 2212 4569 1 0 1
760.222 153.154 0 109.89 -593.314 9981.78 0 2212 4570 1 0 1
272.195 -516.035 0 12.8159 -1012.82 9948.57 0 2212 4571 1 0 1
-362.141 -36.3625 0 202.833 -22.8874 9997.92 0 2212 4572 1 0 1
848.912 301.642 0 13.7159 -296.514 9995.59 0 2212 4573 1 0 1
-166.761 -20.2241 0 39.7356 -540.798 9985.29 0 2212 4574 1 0 1
723.48 480.78 0 -251.705 83.1739 9996.49 0 2212 4575 1 0 1
-1066.24 340.203 0 97.3661 -892.57 9959.61 0 2212 4576 1 0 1
711.548 337.216 0 -80.4916 236.054 9996.89 0 2212 4577 1 0 1
-1259.75 -75.7065 0 71.7703 -468.642 9988.75 0 2212 4578 1 0 1
172.135 -31.0625 0 -482.025 299.1 9983.9 0 2212 4579 1 0 1
924.584 16.2594 0 125.573 -419.736 9990.4 0 2212 4580 1 0 1
-915.153 97.0583 0 53.196 -244.632 9996.87 0 2212 4581 1 0 1
-202.803 -181.315 0 -13.6179 61.5394 9999.8 0 2212 4582 1 0 1
-1385.64 61.3103 0 -72.2182 553.884 9984.39 0 2212 4583 1 0 1
-1.03604 71.578 0 -178.855 132.96 9997.52 0 2212 4584 1 0 1
72.1001 -451.05 0 -40.5095 -310.308 9995.1 0 2212 4585 1 0 1
325.653 -492.758 0 37.2706 476.219 9988.58 0 2212 4586 1 0 1
1122.97 4.1011 0 119.902 129.484 9998.44 0 2212 4587 1 0 1
-128.261 -114.874 0 -63.7025 -174.211 9998.28 0 2212 4588 1 0 1
141.439 303.039 0 16.4025 -571.581 9983.64 0 2212 4589 1 0 1
-1123.34 60.7912 0 37.8886 340.619 9994.13 0 2212 4590 1 0 1
-80.2332 -566.457 0 71.4126 -460.989 9989.11 0 2212 4591 1 0 1
357.571 104.508 0 53.7042 -617.919 9980.75 0 2212 4592 1 0 1
-354.482 -182.546 0 143.703 273.938 9995.21 0 2212 4593 1 0 1
146.237 -181.312 0 -70.8356 502.831 9987.1 0 2212 4594 1 0 1
-460.703 -135.833 0 111.415 -71.0403 9999.13 0 2212 4595 1 0 1
-1092.04 -178.067 0 -29.6559 -504.249 9987.23 0 2212 4596 1 0 1
634.261 -333.437 0 93.7707 336.868 9993.88 0 2212 4597 1 0 1
858.872 -301.455 0 -276.736 503.616 9983.48 0 2212 4598 1 0 1
-618.068 164.041 0 -21.1465 -384.521 9992.58 0 2212 4599 1 0 1
-793.092 -135.579 0 130.005 354.931 9992.85 0 2212 4600 1 0 1
-101.434 -405.207 0 341.342 -276.433 9990.35 0 2212 4601 1 0 1
-1048.67 465.57 0 -97.4305 -184.327 9997.83 0 2212 4602 1 0 1
178.36 198.856 0 80.854 -733.348 9972.75 0 2212 4603 1 0 1
-143.009 144.513 0 79.2961 -229.653 9997.05 0 2212 4604 1 0 1
-181.355 165.601 0 -175.988 104.398 9997.91 0 2212 4605 1 0 1
-380.415 94.5477 0 98.3411 -646.45 9978.6 0 2212 4606 1 0 1
632.153 207.227 0 249.465 341.599 9991.05 0 2212 4607 1 0 1
-280.935 -2.78978 0 95.5771 273.609 9995.8 0 2212 4608 1 0 1
89.8883 2.54996 0 172.576 -280.555 9994.57 0 2212 4609 1 0 1
754.077 -335.663 0 16.9374 113.999 9999.34 0 2212 4610 1 0 1
-112.086 -187.372 0 191.381 652.453 9976.86 0 2212 4611 1 0 1
970.604 -126.127 0 93.5132 953.038 9954.04 0 2212 4612 1 0 1
-0.640971 113.184 0 12.4281 361.255 9993.46 0 2212 4613 1 0 1
-629.127 283.264 0 -271.263 -173.01 9994.82 0 2212 4614 1 0 1
208.854 -63.5604 0 -76.5597 447.546 9989.69 0 2212 4615 1 0 1
-566.439 -45.8946 0 37.768 -327.029 9994.58 0 2212 4616 1 0 1
-467.188 -18.6534 0 204.453 414.989 9989.29 0 2212 4617 1 0 1
592.466 -289.275 0 131.358 -512.059 9986.02 0 2212 4618 1 0 1
-438.446 -30.6782 0 -376.422 790.739 9961.58 0 2212 4619 1 0 1
155.273 246.095 0 -329.703 56.6785 9994.4 0 2212 4620 1 0 1
906.082 -346.827 0 -30.3419 -636.108 9979.7 0 2212 4621 1 0 1
223.341 17.6393 0 -37.8621 94.7598 9999.48 0 2212 4622 1 0 1
-313.593 205.388 0 -55.9725 -163.709 9998.5 0 2212 4623 1 0 1
-909.422 -384.01 0 89.1243 -395.424 9991.78 0 2212 4624 1 0 1
116.343 88.0728 0 153.26 -257.478 9995.51 0 2212 4625 1 0 1
-777.338 155.5 0 -255.929 -928.235 9953.54 0 2212 4626 1 0 1
722.559 -22.372 0 -0.496056 -320.169 9994.87 0 2212 4627 1 0 1
-392.225 383.358 0 28.5758 912.679 9958.22 0 2212 4628 1 0 1
-1.0836 -215.241 0 -41.5947 -121.713 9999.17 0 2212 4629 1 0 1
59.537 116 0 -60.1246 -115.74 9999.15 0 2212 4630 1 0 1
-95.0814 251.498 0 -165.363 -543.051 9983.87 0 2212 4631 1 0 1
-71.362 -58.3076 0 -126.267 -967.519 9952.28 0 2212 4632 1 0 1
-1027.59 96.9047 0 125.573 242.795 9996.26 0 2212 4633 1 0 1
1125.38 25.2688 0 264.385 190.138 9994.7 0 2212 4634 1 0 1
601.378 370.321 0 -5.80426 755.689 9971.4 0 2212 4635 1 0 1
-209.18 334.9 0 -146.379 370.868 9992.05 0 2212 4636 1 0 1
-368.331 9.84712 0 30.8032 -28.8832 9999.91 0 2212 4637 1 0 1
339.3 18.9233 0 -14.0862 -935.437 9956.14 0 2212 4638 1 0 1
254.048 -22.3398 0 -193.067 200.728 9996.12 0 2212 4639 1 0 1
654.977 -28.7839 0 -86.2252 1057.72 9943.53 0 2212 4640 1 0 1
391.009 327.815 0 269.17 -174.172 9994.86 0 2212 4641 1 0 1
-93.2977 200.787 0 -119.102 -100.706 9998.78 0 2212 4642 1 0 1
-81.6152 217.458 0 21.0184 929.832 9956.65 0 2212 4643 1 0 1
-348.78 50.4254 0 172.682 320.943 9993.36 0 2212 4644 1 0 1
-201.021 -149.616 0 -198.419 34.2114 9997.97 0 2212 4645 1 0 1
1420.57 42.0428 0 5.95477 -80.6538 9999.67 0 2212 4646 1 0 1
317.799 48.8962 0 -6.65305 312.667 9995.11 0 2212 4647 1 0 1
-407.638 334.527 0 -201.328 -475.15 9986.68 0 2212 4648 1 0 1
-523.871 -29.5639 0 -184.399 -142.726 9997.28 0 2212 4649 1 0 1
-283.946 -225.161 0 252.638 422.143 9987.89 0 2212 4650 1 0 1
-96.9795 -99.5043 0 -17.4824 -123.477 9999.22 0 2212 4651 1 0 1
881.32 141.445 0 -140.471 296.181 9994.63 0 2212 4652 1 0 1
-1463.59 242.476 0 -411.356 -107.169 9990.96 0 2212 4653 1 0 1
-147.149 -20.2399 0 102.351 130.69 9998.62 0 2212 4654 1 0 1
825.427 124.563 0 104.85 467.365 9988.52 0 2212 4655 1 0 1
-57.5791 71.1767 0 137.057 207.414 9996.91 0 2212 4656 1 0 1
660.146 -256.583 0 -307.564 46.5389 9995.16 0 2212 4657 1 0 1
-139.152 -373.155 0 -233.128 804.44 9964.86 0 2212 4658 1 0 1
106.61 401.205 0 -1.41624 -31.1697 9999.95 0 2212 4659 1 0 1
-912.7 -41.9116 0 -149.231 904.348 9957.91 0 2212 4660 1 0 1
703.307 -120.859 0 130.1 139.551 9998.18 0 2212 4661 1 0 1
1044.03 -177.959 0 -9.70343 -327.176 9994.64 0 2212 4662 1 0 1
792.298 -61.5286 0 520.92 -354.888 9980.12 0 2212 4663 1 0 1
312.91 578.587 0 -162.809 -555.474 9983.23 0 2212 4664 1 0 1
-1738.85 -70.3919 0 -15.5751 302.339 9995.42 0 2212 4665 1 0 1
248.723 -166.077 0 -131.385 -593.162 9981.53 0 2212 4666 1 0 1
461.807 34.0103 0 -28.6806 -405.82 9991.72 0 2212 4667 1 0 1
6.32338 -338.262 0 -199.472 -181.042 9996.37 0 2212 4668 1 0 1
-329.414 18.6207 0 -188.983 198.652 9996.24 0 2212 4669 1 0 1
677.736 -127.01 0 -168.641 54.222 9998.43 0 2212 4670 1 0 1
-260.999 -263.588 0 118.805 522.464 9985.64 0 2212 4671 1 0 1
-138.379 -32.8961 0 212.682 -144.284 9996.7 0 2212 4672 1 0 1
-33.1128 -21.3035 0 -1.5695 138.298 9999.04 0 2212 4673 1 0 1
172.874 178.027 0 77.5957 282.085 9995.72 0 2212 4674 1 0 1
-308.933 -242.379 0 78.292 286.627 9995.58 0 2212 4675 1 0 1
-428.061 11.4164 0 -8.93599 -116.375 9999.32 0 2212 4676 1 0 1
-81.4137 -338.204 0 -31.728 -396.567 9992.08 0 2212 4677 1 0 1
-33.9415 -394.879 0 8.41094 -186.464 9998.26 0 2212 4678 1 0 1
-601.156 -291.728 0 165.263 -648.914 9977.55 0 2212 4679 1 0 1
821.751 59.8039 0 114.294 324.323 9994.09 0 2212 4680 1 0 1
-279.958 77.5849 0 -56.9843 -72.3016 9999.58 0 2212 4681 1 0 1
373.663 -107.291 0 -311.134 -391.043 9987.51 0 2212 4682 1 0 1
-463.13 -46.32 0 -17.7898 277.117 9996.14 0 2212 4683 1 0 1
-118.54 16.5397 0 -64.9811 -629.4 9979.96 0 2212 4684 1 0 1
-454.473 -81.2376 0 50.9859 -551.975 9984.62 0 2212 4685 1 0 1
408.663 -383.723 0 -64.5318 -677.805 9976.79 0 2212 4686 1 0 1
932.742 185.112 0 34.5414 118.847 9999.23 0 2212 4687 1 0 1
-489.846 -14.6725 0 -188.609 -815.936 9964.87 0 2212 4688 1 0 1
-368.619 151.113 0 109.062 773.381 9969.45 0 2212 4689 1 0 1
-29.7054 127.04 0 37.0102 -338.933 9994.19 0 2212 4690 1 0 1
1559.52 -41.7973 0 -185.528 -99.7711 9997.78 0 2212 4691 1 0 1
707.41 -157.211 0 7.58076 558.617 9984.38 0 2212 4692 1 0 1
-59.7599 -263.404 0 -157.306 -391.958 9991.08 0 2212 4693 1 0 1
428.792 75.7662 0 17.0543 204.517 9997.89 0 2212 4694 1 0 1
365.558 142.056 0 10.5645 -68.5603 9999.76 0 2212 4695 1 0 1
-325.842 -142.188 0 137.441 -462.948 9988.33 0 2212 4696 1 0 1
894.277 53.6183 0 116.843 -135.287 9998.4 0 2212 4697 1 0 1
253.703 -176.898 0 56.4936 -668.064 9977.5 0 2212 4698 1 0 1
337.214 102.091 0 223.686 76.6941 9997.2 0 2212 4699 1 0 1
44.1532 68.2158 0 -103.199 -385.297 9992.04 0 2212 4700 1 0 1
997.212 -66.7017 0 222.356 323.313 9992.3 0 2212 4701 1 0 1
854.509 -12.6095 0 -85.5164 -280.428 9995.7 0 2212 4702 1 0 1
57.4633 188.977 0 182.031 -620.273 9979.08 0 2212 4703 1 0 1
152.577 44.3011 0 12.5661 249.714 9996.87 0 2212 4704 1 0 1
546.078 -18.5387 0 34.3766 -201.32 9997.91 0 2212 4705 1 0 1
783.32 -148.403 0 -71.7935 105.737 9999.18 0 2212 4706 1 0 1
475.096 -3.71602 0 -181.887 -301.378 9993.8 0 2212 4707 1 0 1
-342.152 417.863 0 254.729 -5.7784 9996.75 0 2212 4708 1 0 1
-312.057 492.096 0 35.9561 323.707 9994.69 0 2212 4709 1 0 1
-668.923 209.553 0 -134.654 186.195 9997.36 0 2212 4710 1 0 1
-308.173 326.93 0 -200.725 741.961 9970.42 0 2212 4711 1 0 1
-835.621 285.82 0 -134.27 253.897 9995.87 0 2212 4712 1 0 1
-509.005 120.763 0 -5.53011 -183.586 9998.31 0 2212 4713 1 0 1
-385.834 73.2848 0 -137.427 -298.949 9994.59 0 2212 4714 1 0 1
-316.315 -212.779 0 -35.7755 -429.75 9990.7 0 2212 4715 1 0 1
-39.4198 -57.5513 0 -3.21556 253.978 9996.77 0 2212 4716 1 0 1
-507.182 166.385 0 -437.794 -566.762 9974.32 0 2212 4717 1 0 1
315.915 25.3706 0 353.955 400.443 9985.71 0 2212 4718 1 0 1
-466.309 -93.6161 0 8.49485 27.4342 9999.96 0 2212 4719 1 0 1
-608.161 -180.698 0 39.5199 -73.4921 9999.65 0 2212 4720 1 0 1
-312.63 289.374 0 68.051 -691.868 9975.81 0 2212 4721 1 0 1
-764.608 80.8252 0 68.2973 390.418 9992.14 0 2212 4722 1 0 1
-456.6 47.2708 0 11.6481 398.476 9992.05 0 2212 4723 1 0 1
-147.828 -465.471 0 -247.756 -558.712 9981.31 0 2212 4724 1 0 1
-115.232 186.971 0 -89.9539 143.699 9998.56 0 2212 4725 1 0 1
-508.738 -466.57 0 228.38 374.052 9990.39 0 2212 4726 1 0 1
8.31143 32.6032 0 210.272 -60.4717 9997.61 0 2212 4727 1 0 1
-290.262 -123.788 0 209.039 190.204 9996.01 0 2212 4728 1 0 1
-157.237 -118.733 0 31.2066 -8.62958 9999.95 0 2212 4729 1 0 1
442.418 65.7499 0 62.4515 701.376 9975.18 0 2212 4730 1 0 1
-663.555 -53.7068 0 -9.54496 552.233 9984.74 0 2212 4731 1 0 1
-186.48 582.958 0 -6.07138 -513.33 9986.81 0 2212 4732 1 0 1
691.419 119.901 0 -181.898 -763.065 9969.18 0 2212 4733 1 0 1
595.468 -336.386 0 -300.069 -368.815 9988.69 0 2212 4734 1 0 1
126.487 -43.3972 0 -239.287 -35.9037 9997.07 0 2212 4735 1 0 1
276.515 381.953 0 142.011 44.0377 9998.89 0 2212 4736 1 0 1
-1227.16 -275.796 0 117.925 419.143 9990.52 0 2212 4737 1 0 1
-442.18 -90.2154 0 -214.162 31.4077 9997.66 0 2212 4738 1 0 1
192.512 53.4341 0 -320.011 163.168 9993.55 0 2212 4739 1 0 1
1192.29 -152.102 0 339.931 -651.273 9972.98 0 2212 4740 1 0 1
-111.61 -80.6457 0 10.1196 -43.5803 9999.9 0 2212 4741 1 0 1
32.3936 99.4119 0 85.198 -889.111 9960.03 0 2212 4742 1 0 1
1120.59 76.679 0 -389.42 -796.09 9960.65 0 2212 4743 1 0 1
-394.158 268.413 0 15.0331 -102.97 9999.46 0 2212 4744 1 0 1
-115.003 -138.256 0 5.58035 103.8 9999.46 0 2212 4745 1 0 1
71.2323 -405.449 0 -153.578 -216.964 9996.47 0 2212 4746 1 0 1
419.888 -232.173 0 128.296 540.229 9984.57 0 2212 4747 1 0 1
457.945 16.5913 0 -20.5431 37.3707 9999.91 0 2212 4748 1 0 1
213.958 446.568 0 2.09093 45.9427 9999.89 0 2212 4749 1 0 1
-668.241 -163.565 0 -71.1295 -503.002 9987.09 0 2212 4750 1 0 1
58.3027 -51.0487 0 -212.904 -751.777 9969.43 0 2212 4751 1 0 1
168.406 259.835 0 31.064 480.837 9988.38 0 2212 4752 1 0 1
-519.502 -87.106 0 -62.8485 -441.246 9990.06 0 2212 4753 1 0 1
115.286 -97.7137 0 84.5274 -223.836 9997.14 0 2212 4754 1 0 1
-480.996 -298.636 0 -77.6957 -610.308 9981.06 0 2212 4755 1 0 1
574.608 -466.344 0 53.9255 294.71 9995.51 0 2212 4756 1 0 1
44.4747 48.8481 0 -391.525 -351.68 9986.14 0 2212 4757 1 0 1
-47.042 104.718 0 -118.018 167.996 9997.89 0 2212 4758 1 0 1
-271.657 413.604 0 -31.0828 335.5 9994.32 0 2212 4759 1 0 1
786.571 -21.1325 0 -68.6846 290.798 9995.53 0 2212 4760 1 0 1
-395.918 -239.555 0 -122.639 90.6497 9998.84 0 2212 4761 1 0 1
-293.114 -419.484 0 86.9826 42.8289 9999.53 0 2212 4762 1 0 1
-224.162 -113.118 0 216.714 -649.201 9976.55 0 2212 4763 1 0 1
629.245 -279.778 0 -106.373 31.0015 9999.39 0 2212 4764 1 0 1
-326.603 54.598 0 14.4948 645.871 9979.11 0 2212 4765 1 0 1
1066.84 -59.7627 0 75.7867 -293.734 9995.4 0 2212 4766 1 0 1
875.988 -263.045 0 -205.526 525.411 9984.07 0 2212 4767 1 0 1
458.477 328.172 0 -200.994 257.274 9994.67 0 2212 4768 1 0 1
528.333 209.453 0 351.104 -158.934 9992.57 0 2212 4769 1 0 1
-226.317 303.019 0 139.478 247.327 9995.97 0 2212 4770 1 0 1
291.916 -148.308 0 -29.7544 -193.105 9998.09 0 2212 4771 1 0 1
949.213 218.702 0 32.4839 110.484 9999.34 0 2212 4772 1 0 1
-166.553 -164.373 0 106.109 -252.611 9996.25 0 2212 4773 1 0 1
579.862 -156.694 0 279.793 396.567 9988.22 0 2212 4774 1 0 1
314.071 -6.92936 0 -3.6234 682.786 9976.66 0 2212 4775 1 0 1
502.048 -205.248 0 -39.1651 -487.864 9988.02 0 2212 4776 1 0 1
-855.86 210.808 0 -262.528 -460.545 9985.94 0 2212 4777 1 0 1
16.1842 -60.0259 0 -181.455 411.702 9989.87 0 2212 4778 1 0 1
63.1458 333.81 0 60.3969 -412.041 9991.32 0 2212 4779 1 0 1
210.416 116.991 0 47.4159 362.802 9993.3 0 2212 4780 1 0 1
437.154 22.0255 0 -85.6731 124.685 9998.86 0 2212 4781 1 0 1
-421.484 127.683 0 194.493 -474.632 9986.84 0 2212 4782 1 0 1
-1148.74 -127.626 0 -162.78 228.258 9996.07 0 2212 4783 1 0 1
-76.6993 167.065 0 -59.9209 110.497 9999.21 0 2212 4784 1 0 1
-579.14 26.626 0 -143.561 -447.833 9988.94 0 2212 4785 1 0 1
-302.896 365.018 0 27.977 -210.917 9997.74 0 2212 4786 1 0 1
666.227 156.744 0 -47.7854 368.884 9993.08 0 2212 4787 1 0 1
333.42 -383.185 0 180.734 -318.645 9993.29 0 2212 4788 1 0 1
318.221 74.2861 0 325.688 622.977 9975.26 0 2212 4789 1 0 1
1578.27 -77.1702 0 104.678 -50.975 9999.32 0 2212 4790 1 0 1
-907.599 293.232 0 -304.3 -326.441 9990.04 0 2212 4791 1 0 1
-502.539 -534.439 0 -221.919 -248.124 9994.46 0 2212 4792 1 0 1
-592.617 189.415 0 -13.587 310.994 9995.15 0 2212 4793 1 0 1
-404.484 342.3 0 -113.747 311.142 9994.51 0 2212 4794 1 0 1
-143.355 65.782 0 171.418 144.161 9997.49 0 2212 4795 1 0 1
-91.5161 -121.509 0 133.425 -574.827 9982.57 0 2212 4796 1 0 1
-584.689 -101.347 0 -148.158 -582.73 9981.91 0 2212 4797 1 0 1
909.852 208.994 0 -136.559 -71.3665 9998.81 0 2212 4798 1 0 1
390.198 -228.999 0 -51.0397 -110.718 9999.26 0 2212 4799 1 0 1
-282.017 -191.9 0 -36.5719 361.024 9993.41 0 2212 4800 1 0 1
-412.813 127.884 0 -193.25 197.146 9996.19 0 2212 4801 1 0 1
33.2242 621.741 0 32.6793 436.391 9990.42 0 2212 4802 1 0 1
51.7062 134.199 0 -27.3033 -166.575 9998.58 0 2212 4803 1 0 1
-320.675 -449.826 0 -75.9794 677.551 9976.73 0 2212 4804 1 0 1
361.152 -478.729 0 -326.777 -624.111 9975.15 0 2212 4805 1 0 1
513.029 59.296 0 -55.0342 269.914 9996.21 0 2212 4806 1 0 1
-62.4629 -180.603 0 30.5868 -796.829 9968.16 0 2212 4807 1 0 1
-179.78 -264.499 0 -59.7588 -676.666 9976.9 0 2212 4808 1 0 1
-183.882 334.457 0 -155.715 63.4499 9998.59 0 2212 4809 1 0 1
589.592 139.75 0 -3.77373 299.819 9995.5 0 2212 4810 1 0 1
209.897 -415.598 0 39.6192 303.389 9995.32 0 2212 4811 1 0 1
-215.035 -84.4241 0 -5.75711 540.469 9985.38 0 2212 4812 1 0 1
-186.933 23.9282 0 339.683 901.665 9953.47 0 2212 4813 1 0 1
-829.405 15.4326 0 47.2856 -554.768 9984.49 0 2212 4814 1 0 1
650.253 46.5763 0 140.243 -91.3245 9998.6 0 2212 4815 1 0 1
193.557 98.9425 0 -111.188 1126.67 9935.71 0 2212 4816 1 0 1
1002.72 -169.025 0 146.436 -427.389 9989.79 0 2212 4817 1 0 1
735.22 -54.4269 0 134.977 -242.304 9996.15 0 2212 4818 1 0 1
-501.927 -319.759 0 -30.7665 352.86 9993.73 0 2212 4819 1 0 1
-17.8715 -78.6204 0 26.0116 367.443 9993.21 0 2212 4820 1 0 1
260.074 271.726 0 -120.376 -167.126 9997.88 0 2212 4821 1 0 1
266.301 460.896 0 -129.919 -199.81 9997.16 0 2212 4822 1 0 1
330.727 -422.478 0 268.658 38.6294 9996.32 0 2212 4823 1 0 1
40.4758 214.691 0 89.3817 187.399 9997.84 0 2212 4824 1 0 1
241.972 320.105 0 193.71 156.12 9996.9 0 2212 4825 1 0 1
99.9416 -333.396 0 -12.7291 -489.277 9988.02 0 2212 4826 1 0 1
439.149 -347.185 0 -89.574 -373.641 9992.62 0 2212 4827 1 0 1
-787.013 248.036 0 -102.101 183.08 9997.8 0 2212 4828 1 0 1
165.191 -121.611 0 71.5265 -258.737 9996.4 0 2212 4829 1 0 1
306.623 -400.821 0 149.916 68.0436 9998.64 0 2212 4830 1 0 1
-584.611 114.164 0 -263.239 -532.906 9982.32 0 2212 4831 1 0 1
4.02867 -141.798 0 9.30879 -447.312 9989.99 0 2212 4832 1 0 1
-580.832 139.761 0 -137.849 -402.955 9990.93 0 2212 4833 1 0 1
350.69 -1.30536 0 64.3493 -11.9086 9999.79 0 2212 4834 1 0 1
247.994 -237.16 0 131.122 -259.158 9995.78 0 2212 4835 1 0 1
486.823 105.501 0 -57.6562 -434.082 9990.41 0 2212 4836 1 0 1
-767.311 141.295 0 60.3776 -475.23 9988.52 0 2212 4837 1 0 1
199.309 -118.987 0 -329.285 54.0122 9994.43 0 2212 4838 1 0 1
81.5317 -127.942 0 -32.855 -843.309 9964.32 0 2212 4839 1 0 1
-21.5735 157.183 0 74.4199 6.69637 9999.72 0 2212 4840 1 0 1
-683.487 167.534 0 -130.509 386.088 9991.69 0 2212 4841 1 0 1
262.026 -275.922 0 -105.862 179.373 9997.83 0 2212 4842 1 0 1
105.613 199.448 0 -171.668 -431.783 9989.2 0 2212 4843 1 0 1
254.513 -0.383783 0 333.711 -172.041 9992.95 0 2212 4844 1 0 1
-288.781 141.842 0 -63.9029 -954.697 9954.12 0 2212 4845 1 0 1
810.439 431.645 0 70.878 216.002 9997.42 0 2212 4846 1 0 1
-812.277 101.413 0 -100.05 368.522 9992.71 0 2212 4847 1 0 1
716.339 88.2944 0 -355.429 -29.4786 9993.64 0 2212 4848 1 0 1
285.954 -47.55 0 43.8521 85.0735 9999.54 0 2212 4849 1 0 1
-355.033 -10.6919 0 -90.0658 -1059.29 9943.33 0 2212 4850 1 0 1
808.876 -270.863 0 -37.2873 260.204 9996.54 0 2212 4851 1 0 1
-260.829 -578.936 0 -122.791 -542.278 9984.53 0 2212 4852 1 0 1
1239.96 -249.003 0 -184.648 316.023 9993.3 0 2212 4853 1 0 1
-211.378 -250.345 0 -115.263 88.3894 9998.95 0 2212 4854 1 0 1
101.711 100.926 0 83.2996 -454.885 9989.3 0 2212 4855 1 0 1
172.533 -286.416 0 -200.45 -612.642 9979.2 0 2212 4856 1 0 1
-627.729 -123.7 0 124.672 -154.535 9998.03 0 2212 4857 1 0 1
-1075.65 546.42 0 -241.699 -589.973 9979.66 0 2212 4858 1 0 1
155.665 388.424 0 -66.8759 -190.572 9997.96 0 2212 4859 1 0 1
174.658 246.529 0 204.801 1.28423 9997.9 0 2212 4860 1 0 1
102.431 341.031 0 -70.1521 -226.868 9997.18 0 2212 4861 1 0 1
195.853 -505.866 0 -65.1927 207.121 9997.64 0 2212 4862 1 0 1
-80.548 -60.3268 0 -55.8595 -243.479 9996.88 0 2212 4863 1 0 1
655.104 -257.243 0 181.058 -244.266 9995.38 0 2212 4864 1 0 1
170.779 -420.978 0 209.756 150.258 9996.67 0 2212 4865 1 0 1
1095.5 529.443 0 342.759 -288.623 9989.96 0 2212 4866 1 0 1
-380.035 -297.301 0 -280.39 -389.496 9988.48 0 2212 4867 1 0 1
859.124 105.718 0 74.7564 -85.8968 9999.35 0 2212 4868 1 0 1
648.176 -114.709 0 85.4143 322.48 9994.43 0 2212 4869 1 0 1
-413.721 -293.584 0 -91.4857 24.7359 9999.55 0 2212 4870 1 0 1
-264.784 -102.78 0 182.839 267.817 9994.74 0 2212 4871 1 0 1
-1275.29 51.5475 0 78.598 254.684 9996.45 0 2212 4872 1 0 1
271.351 -38.2395 0 -288.718 -447.046 9985.83 0 2212 4873 1 0 1
-861.096 -328.048 0 114.986 -781.148 9968.78 0 2212 4874 1 0 1
-81.4771 -571.774 0 172.302 -164.837 9997.16 0 2212 4875 1 0 1
-227.335 350.732 0 -145.731 457.259 9988.48 0 2212 4876 1 0 1
-748.474 222.978 0 -82.4044 344.656 9993.72 0 2212 4877 1 0 1
-1097.45 89.1688 0 -25.0825 -19.0299 9999.95 0 2212 4878 1 0 1
153.114 372.579 0 194.595 -175.001 9996.57 0 2212 4879 1 0 1
-226.431 332.341 0 -211.339 234.829 9995.01 0 2212 4880 1 0 1
-219.298 -488.957 0 -50.6717 295.846 9995.49 0 2212 4881 1 0 1
-327.87 432.426 0 111.322 512.885 9986.22 0 2212 4882 1 0 1
-196.358 -19.5321 0 172.878 -189.319 9996.71 0 2212 4883 1 0 1
259.322 -81.5444 0 36.2118 -437.871 9990.34 0 2212 4884 1 0 1
-2216.73 -157.513 0 149.483 521.298 9985.28 0 2212 4885 1 0 1
-1018.28 212.577 0 -84.723 -133.99 9998.74 0 2212 4886 1 0 1
-353.078 -64.9886 0 -106.216 47.4852 9999.32 0 2212 4887 1 0 1
-207.821 492.551 0 3.58197 340.616 9994.2 0 2212 4888 1 0 1
-214.171 -271.865 0 -330.677 263.696 9991.05 0 2212 4889 1 0 1
-121.933 370.373 0 150.678 191.707 9997.03 0 2212 4890 1 0 1
-516.913 101.962 0 79.1042 -166.261 9998.3 0 2212 4891 1 0 1
-521.379 -4.28573 0 245.988 -211.199 9994.74 0 2212 4892 1 0 1
-868.512 -9.95007 0 177.509 264.957 9994.91 0 2212 4893 1 0 1
-370.838 139.308 0 -117.85 -915.527 9957.3 0 2212 4894 1 0 1
-122.088 -71.0412 0 56.5235 98.6615 9999.35 0 2212 4895 1 0 1
1231.11 -66.4324 0 -107.361 -128.444 9998.6 0 2212 4896 1 0 1
-90.7473 -225.136 0 227.909 -87.4084 9997.02 0 2212 4897 1 0 1
22.7868 -13.6557 0 -17.9894 -166.036 9998.61 0 2212 4898 1 0 1
116.589 -147.325 0 -46.407 -72.5904 9999.63 0 2212 4899 1 0 1
-1051.76 -315.257 0 241.328 211.288 9994.85 0 2212 4900 1 0 1
-487.304 -205.144 0 300.233 -38.8874 9995.42 0 2212 4901 1 0 1
87.1926 -112.386 0 -26.9372 -320.222 9994.84 0 2212 4902 1 0 1
-769.398 34.2967 0 -42.1456 -207.944 9997.75 0 2212 4903 1 0 1
-988.551 -146.724 0 253.937 260.784 9993.37 0 2212 4904 1 0 1
5.59345 509.886 0 -215.694 515.186 9984.39 0 2212 4905 1 0 1
-85.9952 83.8341 0 -16.8801 -222.51 9997.51 0 2212 4906 1 0 1
607.058 140.382 0 -33.5485 465.992 9989.08 0 2212 4907 1 0 1
1332.72 -276.908 0 11.1583 -202.985 9997.93 0 2212 4908 1 0 1
51.3157 226.096 0 204.538 147.503 9996.82 0 2212 4909 1 0 1
4.56766 226.994 0 99.9457 -224.791 9996.97 0 2212 4910 1 0 1
-28.3365 -69.2789 0 304.73 -60.3468 9995.17 0 2212 4911 1 0 1
-60.5974 341.902 0 223.28 135.913 9996.58 0 2212 4912 1 0 1
199.692 0.288443 0 -186.56 -25.8484 9998.23 0 2212 4913 1 0 1
417.671 329.509 0 285.5 -206.82 9993.78 0 2212 4914 1 0 1
68.3515 -550.872 0 241.129 73.3256 9996.82 0 2212 4915 1 0 1
-416.48 63.9929 0 -51.5159 332.494 9994.34 0 2212 4916 1 0 1
-193.525 120.707 0 -353.914 -75.2217 9993.45 0 2212 4917 1 0 1
-526.83 -46.1877 0 -287.43 35.173 9995.81 0 2212 4918 1 0 1
-251.826 -52.2706 0 -116.341 92.5321 9998.9 0 2212 4919 1 0 1
336.455 -281.527 0 9.51194 129.427 9999.16 0 2212 4920 1 0 1
-60.3428 381.671 0 243.292 316.358 9992.03 0 2212 4921 1 0 1
439.248 -180.245 0 250.784 -520.754 9983.28 0 2212 4922 1 0 1
202.903 15.7892 0 -234.181 26.6214 9997.22 0 2212 4923 1 0 1
-385.579 -207.094 0 243.88 -403.775 9988.87 0 2212 4924 1 0 1
-20.9438 -160.603 0 -156.089 173.895 9997.27 0 2212 4925 1 0 1
344.015 -40.2404 0 103.836 -647.293 9978.49 0 2212 4926 1 0 1
-384.222 497.07 0 -210.395 -218.837 9995.39 0 2212 4927 1 0 1
260.74 21.2089 0 197.074 -245.839 9995.04 0 2212 4928 1 0 1
-109.492 -48.5795 0 -158.958 -192.409 9996.89 0 2212 4929 1 0 1
326.717 -57.213 0 -9.60146 1.0318 10000 0 2212 4930 1 0 1
-17.2437 117.078 0 -90.6372 -920.906 9957.09 0 2212 4931 1 0 1
-156.367 135.567 0 46.9595 -301.933 9995.33 0 2212 4932 1 0 1
848.258 -356.561 0 -266.309 163.833 9995.11 0 2212 4933 1 0 1
159.577 191.045 0 -67.832 -241.113 9996.86 0 2212 4934 1 0 1
1220.9 -123.188 0 139.063 -196.505 9997.1 0 2212 4935 1 0 1
1046.99 95.2391 0 128.788 499.535 9986.69 0 2212 4936 1 0 1
635.1 -195.784 0 -268.628 580.006 9979.55 0 2212 4937 1 0 1
230.517 205.707 0 -260.746 216.692 9994.25 0 2212 4938 1 0 1
-26.9766 38.5574 0 -175.876 20.8364 9998.43 0 2212 4939 1 0 1
6.75487 150.952 0 9.86006 -204.383 9997.91 0 2212 4940 1 0 1
-137.164 189.5 0 214.608 -504.697 9984.95 0 2212 4941 1 0 1
-10.4908 113.061 0 -15.3095 290.065 9995.78 0 2212 4942 1 0 1
-276.861 349.548 0 25.2116 -337.525 9994.27 0 2212 4943 1 0 1
77.3571 -548.325 0 -212.665 109.492 9997.14 0 2212 4944 1 0 1
566.902 -156.309 0 -323.538 421.296 9985.88 0 2212 4945 1 0 1
-346.046 -120.357 0 -58.3875 388.763 9992.27 0 2212 4946 1 0 1
478.616 -227.691 0 -193.777 -37.3501 9998.05 0 2212 4947 1 0 1
-7.83466 -310.493 0 -35.8517 -325.134 9994.65 0 2212 4948 1 0 1
-533.792 -39.1461 0 -7.55153 -495.272 9987.72 0 2212 4949 1 0 1
-86.7356 -56.4514 0 -58.1867 -254.549 9996.59 0 2212 4950 1 0 1
96.9877 434.221 0 -375.9 -437.871 9983.33 0 2212 4951 1 0 1
-605.752 -317.281 0 -34.8699 -249.028 9996.84 0 2212 4952 1 0 1
815.371 120.562 0 -293.587 -140.897 9994.7 0 2212 4953 1 0 1
-691.187 -42.1012 0 108.014 -312.255 9994.54 0 2212 4954 1 0 1
-1165.97 180.497 0 187.815 -151.046 9997.1 0 2212 4955 1 0 1
-73.255 -407.797 0 55.5443 17.9651 9999.83 0 2212 4956 1 0 1
826.662 -332.409 0 -382.407 -404.893 9984.48 0 2212 4957 1 0 1
-840.577 49.1661 0 -233.796 -50.6078 9997.14 0 2212 4958 1 0 1
-443.014 412.679 0 -187.958 -519.774 9984.71 0 2212 4959 1 0 1
-104.307 113.132 0 -70.4891 10.4277 9999.75 0 2212 4960 1 0 1
-23.7408 -256.564 0 -127.934 619.972 9979.94 0 2212 4961 1 0 1
-518.629 -189.393 0 -202.763 -457.491 9987.47 0 2212 4962 1 0 1
-605.16 195.684 0 -109.486 -635.73 9979.17 0 2212 4963 1 0 1
775.696 143.901 0 152.58 14.1876 9998.83 0 2212 4964 1 0 1
-66.3223 28.4285 0 282.692 -194.659 9994.11 0 2212 4965 1 0 1
327.612 -287.212 0 -242.198 -166.153 9995.69 0 2212 4966 1 0 1
26.9716 -477.037 0 28.1912 -33.3088 9999.9 0 2212 4967 1 0 1
-989.219 -438.547 0 281.531 9.35032 9996.03 0 2212 4968 1 0 1
-618.217 -547.879 0 280.225 59.401 9995.9 0 2212 4969 1 0 1
-57.6583 94.04 0 -23.2036 54.8268 9999.82 0 2212 4970 1 0 1
167.275 -180.081 0 -241.939 -252.425 9993.89 0 2212 4971 1 0 1
196.369 95.9152 0 9.82418 9.00526 9999.99 0 2212 4972 1 0 1
798.909 -383.1 0 92.6176 -217.891 9997.2 0 2212 4973 1 0 1
1025.2 -109.847 0 3.36771 -392.067 9992.31 0 2212 4974 1 0 1
89.8113 -427.567 0 -102.56 884.774 9960.25 0 2212 4975 1 0 1
-320.333 40.793 0 -12.0215 -396.116 9992.14 0 2212 4976 1 0 1
-1291.86 -130.724 0 -535.406 -406.323 9977.39 0 2212 4977 1 0 1
188.454 -205.024 0 150.806 1043.07 9944.31 0 2212 4978 1 0 1
-416.113 328.051 0 76.9601 337.377 9994.01 0 2212 4979 1 0 1
-31.9134 -180.374 0 19.7554 387.178 9992.48 0 2212 4980 1 0 1
708.501 263.721 0 218.043 145.395 9996.57 0 2212 4981 1 0 1
-46.0072 -261.054 0 166.589 269.386 9994.98 0 2212 4982 1 0 1
159.729 279.924 0 -60.8916 -618.268 9980.68 0 2212 4983 1 0 1
-377.08 115.067 0 -352.482 651.856 9972.5 0 2212 4984 1 0 1
350.791 -317.306 0 165.669 -18.6124 9998.61 0 2212 4985 1 0 1
115.739 89.0017 0 -19.4633 1135.65 9935.29 0 2212 4986 1 0 1
-167.597 143.795 0 -76.4076 323.437 9994.48 0 2212 4987 1 0 1
326.837 -75.81 0 309.872 -554.358 9979.81 0 2212 4988 1 0 1
84.6469 86.6073 0 -91.0413 626.679 9979.93 0 2212 4989 1 0 1
1254.74 46.1629 0 376.779 46.2155 9992.79 0 2212 4990 1 0 1
839.224 243.893 0 -98.4169 875.461 9961.12 0 2212 4991 1 0 1
-250.158 -328.324 0 229.468 268.301 9993.77 0 2212 4992 1 0 1
-193.447 307.275 0 216.075 -129.039 9996.83 0 2212 4993 1 0 1
-233.812 -45.7219 0 -5.41598 170.826 9998.54 0 2212 4994 1 0 1
195.564 -175.213 0 -205.305 -117.427 9997.2 0 2212 4995 1 0 1
202.623 124.722 0 -2.95617 55.6083 9999.84 0 2212 4996 1 0 1
-318.842 -243.404 0 317.735 0.605577 9994.95 0 2212 4997 1 0 1
-151.194 -366.955 0 58.8774 -248.843 9996.73 0 2212 4998 1 0 1
-338.965 287.668 0 79.8697 -1125.8 9936.11 0 2212 4999 1 0 1
-1146.03 -83.1682 0 27.2749 -327.258 9994.61 0 2212 5000 1 0 1
-651.097 102.081 0 14.8574 -421.45 9991.1 0 2212 5001 1 0 1
780.291 56.8127 0 159.241 147.345 9997.65 0 2212 5002 1 0 1
867.392 -127.958 0 -32.2368 23.6604 9999.92 0 2212 5003 1 0 1
801.581 60.9121 0 108.648 358.696 9992.97 0 2212 5004 1 0 1
-473.392 -287.931 0 18.4118 -164.297 9998.63 0 2212 5005 1 0 1
890.802 109.206 0 -76.7795 622.359 9980.32 0 2212 5006 1 0 1
-1087.62 204.202 0 -323.043 -575.6 9978.19 0 2212 5007 1 0 1
-448.101 173.997 0 -141.91 -92.3003 9998.57 0 2212 5008 1 0 1
963.173 -369.431 0 -201.794 -82.785 9997.62 0 2212 5009 1 0 1
-577.489 -424.78 0 128.994 -303.488 9994.56 0 2212 5010 1 0 1
23.0788 133.989 0 -123.544 118.333 9998.54 0 2212 5011 1 0 1
255.465 -419.67 0 -28.558 1037.91 9945.95 0 2212 5012 1 0 1
-561.703 19.1444 0 146.101 -503.313 9986.26 0 2212 5013 1 0 1
-300.094 225.809 0 -22.542 86.2912 9999.6 0 2212 5014 1 0 1
-680.725 -308.237 0 75.8704 -556.806 9984.2 0 2212 5015 1 0 1
-164.688 72.0753 0 -124.196 348.732 9993.15 0 2212 5016 1 0 1
620.407 164.638 0 71.6431 -480.014 9988.22 0 2212 5017 1 0 1
-537.898 -258.953 0 62.699 357.063 9993.43 0 2212 5018 1 0 1
-107.754 224.039 0 117.541 215.015 9997 0 2212 5019 1 0 1
-242.418 93.4799 0 -8.5667 39.7911 9999.92 0 2212 5020 1 0 1
-478.842 510.211 0 267.321 398.171 9988.49 0 2212 5021 1 0 1
-457.538 -292.901 0 148.498 -375.73 9991.84 0 2212 5022 1 0 1
-516.662 -334.809 0 -69.6964 -306.777 9995.05 0 2212 5023 1 0 1
-672.606 -106.728 0 162.496 -225.277 9996.14 0 2212 5024 1 0 1
-0.509038 -106.808 0 191.116 -490.807 9986.12 0 2212 5025 1 0 1
144.918 30.6085 0 115.448 -255.424 9996.07 0 2212 5026 1 0 1
762.154 33.7212 0 108.571 -234.441 9996.66 0 2212 5027 1 0 1
532.337 -210.804 0 -193.188 -176.219 9996.58 0 2212 5028 1 0 1
-0.297099 -327.171 0 214.899 -240.156 9994.81 0 2212 5029 1 0 1
576.324 -369.369 0 104.424 563.64 9983.56 0 2212 5030 1 0 1
-504.327 427.513 0 -49.8551 294.057 9995.55 0 2212 5031 1 0 1
413.276 22.8394 0 -76.3887 -597.102 9981.87 0 2212 5032 1 0 1
182.439 109.463 0 208.032 -72.3242 9997.57 0 2212 5033 1 0 1
-329.478 -516.379 0 -455.591 199.498 9987.62 0 2212 5034 1 0 1
-659.645 389.963 0 -80.0311 -1.71522 9999.68 0 2212 5035 1 0 1
-551.811 -1.30435 0 98.6765 584.203 9982.43 0 2212 5036 1 0 1
-108.9 377.764 0 210.054 -377.419 9990.67 0 2212 5037 1 0 1
452.402 253.117 0 -208.594 -281.51 9993.86 0 2212 5038 1 0 1
-1608.79 272.339 0 -76.2681 326.357 9994.38 0 2212 5039 1 0 1
132.899 -422.262 0 257.065 -208.191 9994.53 0 2212 5040 1 0 1
-204.509 95.9491 0 -82.2061 5.59029 9999.66 0 2212 5041 1 0 1
-190.323 107.107 0 -138.444 471.589 9987.91 0 2212 5042 1 0 1
-687.422 -153.317 0 37.5454 -20.9951 9999.91 0 2212 5043 1 0 1
-5.29977 241.116 0 47.5614 -52.4002 9999.75 0 2212 5044 1 0 1
-49.4669 61.6722 0 28.4876 228.441 9997.35 0 2212 5045 1 0 1
338.118 170.632 0 -70.6815 -447 9989.75 0 2212 5046 1 0 1
-155.723 28.9178 0 123.836 65.8964 9999.02 0 2212 5047 1 0 1
320.829 -83.6537 0 -195.528 -423.035 9989.13 0 2212 5048 1 0 1
371.905 -292.772 0 9.19128 -727.344 9973.51 0 2212 5049 1 0 1
6.26038 -317.258 0 -233.916 -201.063 9995.24 0 2212 5050 1 0 1
-741.659 29.2091 0 0.264447 -639.917 9979.5 0 2212 5051 1 0 1
-387.238 -452.724 0 -137.812 -131.55 9998.18 0 2212 5052 1 0 1
379.791 14.2366 0 -183.292 -17.1662 9998.31 0 2212 5053 1 0 1
-498.47 -0.62564 0 -219.545 -373.085 9990.63 0 2212 5054 1 0 1
453.705 19.8323 0 -98.9052 -227.28 9996.93 0 2212 5055 1 0 1
-1514.51 -129.382 0 130.57 -184.073 9997.45 0 2212 5056 1 0 1
741.325 -302.362 0 -71.172 16.1614 9999.73 0 2212 5057 1 0 1
868.864 -36.6855 0 51.5405 -684.86 9976.39 0 2212 5058 1 0 1
-154.458 -275.619 0 -190.501 249.96 9995.06 0 2212 5059 1 0 1
281.032 447.488 0 55.0835 115.402 9999.18 0 2212 5060 1 0 1
-25.279 -269.402 0 -65.0809 131.224 9998.93 0 2212 5061 1 0 1
637.423 71.4028 0 -95.6609 234.452 9996.79 0 2212 5062 1 0 1
400.759 -38.7835 0 128.862 -388.691 9991.61 0 2212 5063 1 0 1
-1176.65 -141.871 0 -307.251 184.352 9993.58 0 2212 5064 1 0 1
174.313 -221.177 0 125.442 235.874 9996.43 0 2212 5065 1 0 1
-656.705 -16.2857 0 -2.76841 130.425 9999.15 0 2212 5066 1 0 1
-485.977 231.948 0 -242.744 152.985 9995.88 0 2212 5067 1 0 1
-611.316 203.082 0 -259.548 357.656 9990.23 0 2212 5068 1 0 1
614.543 -73.9431 0 107.742 -414.521 9990.82 0 2212 5069 1 0 1
-66.0839 -203.224 0 200.576 -358.259 9991.57 0 2212 5070 1 0 1
191.186 -144.771 0 -157.409 91.6484 9998.34 0 2212 5071 1 0 1
-224.816 -415.133 0 125.508 -449.665 9989.1 0 2212 5072 1 0 1
-176.412 -36.9506 0 286.179 -141.254 9994.91 0 2212 5073 1 0 1
290.859 67.6649 0 327.63 -110.097 9994.03 0 2212 5074 1 0 1
1378.95 -301.531 0 -32.143 112.386 9999.32 0 2212 5075 1 0 1
-184.275 30.5091 0 333.24 -317.244 9989.41 0 2212 5076 1 0 1
302.921 197.758 0 -253.621 -328.531 9991.38 0 2212 5077 1 0 1
-605.753 -9.8902 0 -222.486 782.932 9966.82 0 2212 5078 1 0 1
-843.837 284.202 0 41.0193 -302.889 9995.33 0 2212 5079 1 0 1
251.882 184.325 0 165.278 -412.568 9990.12 0 2212 5080 1 0 1
-83.6335 294.102 0 184.193 33.9729 9998.25 0 2212 5081 1 0 1
251.475 -94.7721 0 105.798 -355.67 9993.11 0 2212 5082 1 0 1
-271.017 -351.028 0 182.621 -346.775 9992.32 0 2212 5083 1 0 1
-60.2879 -154.058 0 1.98053 -324.69 9994.73 0 2212 5084 1 0 1
283.021 -161.625 0 -71.7287 247.962 9996.67 0 2212 5085 1 0 1
358.368 -28.679 0 24.9942 -439.181 9990.32 0 2212 5086 1 0 1
376.818 494.642 0 -179.929 225.952 9995.83 0 2212 5087 1 0 1
-69.5441 -394.906 0 -212.642 -188.094 9995.97 0 2212 5088 1 0 1
-701.545 -311.795 0 -219.988 254.459 9994.34 0 2212 5089 1 0 1
-559.113 218.928 0 59.7833 618.418 9980.68 0 2212 5090 1 0 1
-435.168 241.52 0 68.7128 511.858 9986.66 0 2212 5091 1 0 1
-904.12 109.713 0 55.211 840.008 9964.5 0 2212 5092 1 0 1
-74.8423 -24.9181 0 -0.193309 147.086 9998.92 0 2212 5093 1 0 1
-84.0709 -218.818 0 131.649 343.688 9993.23 0 2212 5094 1 0 1
175.556 60.5485 0 466.893 -46.1344 9988.99 0 2212 5095 1 0 1
6.16241 -301.127 0 65.2261 -212.328 9997.53 0 2212 5096 1 0 1
856.274 -258.858 0 15.9355 -144.292 9998.95 0 2212 5097 1 0 1
-336.947 362.52 0 157.016 463.475 9988.02 0 2212 5098 1 0 1
-137.484 -261.881 0 -317.03 343.529 9989.07 0 2212 5099 1 0 1
81.6359 -4.96305 0 -44.0309 81.9197 9999.57 0 2212 5100 1 0 1
377.122 -32.718 0 95.0389 127.066 9998.74 0 2212 5101 1 0 1
-144.512 -17.5847 0 107.23 77.549 9999.12 0 2212 5102 1 0 1
369.214 218.965 0 -177.919 598.391 9980.49 0 2212 5103 1 0 1
-882.719 112.907 0 -92.0028 71.171 9999.32 0 2212 5104 1 0 1
186.841 -17.7256 0 -26.0325 1227.35 9924.36 0 2212 5105 1 0 1
-471.547 29.4451 0 -140.398 110.088 9998.41 0 2212 5106 1 0 1
-64.6188 63.2705 0 -100.545 420.84 9990.63 0 2212 5107 1 0 1
135.192 -375.574 0 -163.791 -448.398 9988.6 0 2212 5108 1 0 1
552.679 369.024 0 -203.91 192.237 9996.07 0 2212 5109 1 0 1
69.052 -253.499 0 158.579 463.351 9988 0 2212 5110 1 0 1
703.076 -200.186 0 -120.028 260.822 9995.88 0 2212 5111 1 0 1
-589.574 175.817 0 295.48 -410.058 9987.22 0 2212 5112 1 0 1
-831.115 306.511 0 14.8739 -80.0637 9999.67 0 2212 5113 1 0 1
-472.666 133.56 0 384.566 -552.187 9977.33 0 2212 5114 1 0 1
-427.091 82.8241 0 -184.877 -458.329 9987.78 0 2212 5115 1 0 1
-548.372 106.705 0 -125.56 398.178 9991.28 0 2212 5116 1 0 1
274.905 -513.077 0 -81.5093 -57.9412 9999.5 0 2212 5117 1 0 1
64.7993 148.966 0 316.312 98.5947 9994.51 0 2212 5118 1 0 1
894.83 -108.887 0 82.7022 290.388 9995.44 0 2212 5119 1 0 1
-57.9572 13.5548 0 -125.636 -374.591 9992.19 0 2212 5120 1 0 1
-653.414 -132.52 0 92.8664 -612.242 9980.81 0 2212 5121 1 0 1
-776.146 -28.004 0 63.8611 144.455 9998.75 0 2212 5122 1 0 1
697.569 40.9167 0 -221.439 -178 9995.96 0 2212 5123 1 0 1
1177.72 -345.715 0 -3.08352 284.114 9995.96 0 2212 5124 1 0 1
554.45 -273.503 0 37.8044 -199.902 9997.93 0 2212 5125 1 0 1
-221.086 -2.0382 0 -101.337 58.3963 9999.32 0 2212 5126 1 0 1
-523.869 -121.092 0 70.0471 143.042 9998.73 0 2212 5127 1 0 1
-1127.91 -44.2444 0 7.06958 -158.109 9998.75 0 2212 5128 1 0 1
-75.5704 -306.575 0 -182.805 378.784 9991.15 0 2212 5129 1 0 1
181.288 401.735 0 -25.6504 -49.5199 9999.84 0 2212 5130 1 0 1
-439.541 -188.919 0 -188.494 -368.298 9991.44 0 2212 5131 1 0 1
-348.123 42.0551 0 -111.474 55.4339 9999.23 0 2212 5132 1 0 1
-222.538 68.1289 0 -252.969 314.88 9991.84 0 2212 5133 1 0 1
-313.264 40.8977 0 -54.5056 323.05 9994.63 0 2212 5134 1 0 1
881.271 311.781 0 99.6537 303.112 9994.91 0 2212 5135 1 0 1
444.159 -74.4067 0 8.79335 192.852 9998.14 0 2212 5136 1 0 1
-247.641 388.709 0 -206.9 990.765 9948.65 0 2212 5137 1 0 1
-510.728 24.5309 0 140.222 -327.666 9993.65 0 2212 5138 1 0 1
-869.329 42.9149 0 -102.062 -483.341 9987.79 0 2212 5139 1 0 1
-861.212 57.5273 0 -26.6903 599.035 9982.01 0 2212 5140 1 0 1
174.07 -253.68 0 130.917 1061.28 9942.66 0 2212 5141 1 0 1
41.281 323.643 0 56.9238 300.362 9995.33 0 2212 5142 1 0 1
-339.429 -680.778 0 -102.42 243.529 9996.51 0 2212 5143 1 0 1
1031.32 240.35 0 -20.7033 -43.7178 9999.88 0 2212 5144 1 0 1
907.595 -199.972 0 -6.28831 528.725 9986.01 0 2212 5145 1 0 1
1100.48 193.998 0 56.9133 -62.8918 9999.64 0 2212 5146 1 0 1
-504.751 435.454 0 179.502 -169.115 9996.96 0 2212 5147 1 0 1
-175.049 223.03 0 -11.0127 686.865 9976.38 0 2212 5148 1 0 1
-53.6103 -92.2359 0 79.6647 787.098 9968.66 0 2212 5149 1 0 1
322.248 -366.445 0 -135.828 -216.481 9996.73 0 2212 5150 1 0 1
1000.74 -294.007 0 411.481 593.407 9973.89 0 2212 5151 1 0 1
296.418 252.133 0 56.5589 -134.631 9998.93 0 2212 5152 1 0 1
832.892 -319.972 0 498.594 -59.1603 9987.39 0 2212 5153 1 0 1
-1289.75 126.419 0 -91.7833 566.629 9983.51 0 2212 5154 1 0 1
24.7132 136.104 0 -7.33123 -277.487 9996.15 0 2212 5155 1 0 1
-402.091 -102.29 0 1.06365 -210.601 9997.78 0 2212 5156 1 0 1
397.366 310.776 0 -40.102 709.435 9974.72 0 2212 5157 1 0 1
-792.159 -311.198 0 -170.474 666.859 9976.28 0 2212 5158 1 0 1
-124.71 -336.724 0 186.69 -210.958 9996.03 0 2212 5159 1 0 1
-481.701 -237.2 0 -84.7283 -341.695 9993.8 0 2212 5160 1 0 1
-94.7823 115.406 0 53.8616 -483.739 9988.15 0 2212 5161 1 0 1
-899.391 -75.118 0 -101.773 -30.8614 9999.43 0 2212 5162 1 0 1
627.652 30.1651 0 7.72185 -338.341 9994.27 0 2212 5163 1 0 1
812.601 58.1553 0 99.3976 -170.132 9998.06 0 2212 5164 1 0 1
242.963 265.179 0 -95.694 21.1764 9999.52 0 2212 5165 1 0 1
241.561 729.611 0 90.8481 288.893 9995.41 0 2212 5166 1 0 1
636.304 -25.6571 0 175.703 574.517 9981.94 0 2212 5167 1 0 1
233.215 -240.138 0 -73.4081 -753.2 9971.32 0 2212 5168 1 0 1
553.79 285.861 0 129.076 269.033 9995.55 0 2212 5169 1 0 1
-23.3319 -61.0037 0 190.032 281.585 9994.23 0 2212 5170 1 0 1
541.599 361.186 0 -47.1752 -660.318 9978.06 0 2212 5171 1 0 1
-16.1071 200.994 0 116.552 571.698 9982.96 0 2212 5172 1 0 1
-554.868 715.825 0 127.126 -15.0023 9999.18 0 2212 5173 1 0 1
86.233 -268.135 0 186.193 162.169 9996.95 0 2212 5174 1 0 1
-855.467 -88.7686 0 82.4914 250.465 9996.52 0 2212 5175 1 0 1
180.82 74.7791 0 -185.123 365.983 9991.59 0 2212 5176 1 0 1
-237.613 -0.176815 0 -118.808 183.831 9997.6 0 2212 5177 1 0 1
-376.845 -142.585 0 202.433 -416.218 9989.28 0 2212 5178 1 0 1
575.585 -73.223 0 132.164 -35.2486 9999.06 0 2212 5179 1 0 1
453.128 -329.537 0 102.235 -197.616 9997.52 0 2212 5180 1 0 1
135.067 117.484 0 -110.23 -229.168 9996.77 0 2212 5181 1 0 1
476.239 -54.3326 0 130.81 -284.25 9995.1 0 2212 5182 1 0 1
-534.218 -158.243 0 183.876 303.716 9993.7 0 2212 5183 1 0 1
414.881 -6.63508 0 37.8095 -680.969 9976.72 0 2212 5184 1 0 1
490.132 -399.494 0 -185.435 -170.475 9996.83 0 2212 5185 1 0 1
-166.943 -574.199 0 -46.6537 -260.393 9996.5 0 2212 5186 1 0 1
-441.089 157.179 0 -237.707 21.748 9997.15 0 2212 5187 1 0 1
155.454 77.5023 0 160.564 -142.677 9997.69 0 2212 5188 1 0 1
-434.856 -2.18978 0 -95.2874 -280.571 9995.61 0 2212 5189 1 0 1
-803.67 229.117 0 38.3669 507.172 9987.06 0 2212 5190 1 0 1
-184.059 559.507 0 147.53 -618.194 9979.78 0 2212 5191 1 0 1
726.143 47.9186 0 -364.876 279.37 9989.44 0 2212 5192 1 0 1
-1280.9 249.787 0 230.21 16.8515 9997.34 0 2212 5193 1 0 1
139.449 545.059 0 270.91 141.204 9995.33 0 2212 5194 1 0 1
825.569 285.244 0 -129.564 429.92 9989.91 0 2212 5195 1 0 1
-1987.95 -72.0682 0 19.0956 432.438 9990.63 0 2212 5196 1 0 1
-109.32 229.961 0 -0.203533 -568.373 9983.83 0 2212 5197 1 0 1
-167.892 -24.5192 0 -78.3355 574.225 9983.19 0 2212 5198 1 0 1
334.485 -77.7139 0 -91.3375 400.153 9991.57 0 2212 5199 1 0 1
-106.496 -503.762 0 -77.423 -202.783 9997.64 0 2212 5200 1 0 1
-917.717 208.091 0 -237.927 -256.549 9993.88 0 2212 5201 1 0 1
-116.72 141.238 0 -33.0822 -228.291 9997.34 0 2212 5202 1 0 1
-1346.14 192.714 0 -9.85381 64.1789 9999.79 0 2212 5203 1 0 1
19.1721 246.979 0 -232.951 253.892 9994.06 0 2212 5204 1 0 1
-541.046 126.403 0 -222.158 -243.34 9994.57 0 2212 5205 1 0 1
81.6012 131.139 0 -26.9124 -220.157 9997.54 0 2212 5206 1 0 1
233.696 73.3688 0 -141.786 -326.575 9993.66 0 2212 5207 1 0 1
491.416 369.258 0 102 154.481 9998.29 0 2212 5208 1 0 1
377.887 190.137 0 -57.5258 76.8076 9999.54 0 2212 5209 1 0 1
-113.8 -111.963 0 17.6742 489.483 9988 0 2212 5210 1 0 1
-220.51 308.525 0 -342.084 -150.46 9993.01 0 2212 5211 1 0 1
218.612 112.159 0 235.701 -12.723 9997.21 0 2212 5212 1 0 1
889.585 -113.078 0 217.389 -219.047 9995.24 0 2212 5213 1 0 1
186.078 115.92 0 224.389 58.8474 9997.31 0 2212 5214 1 0 1
-885.801 -317.519 0 -248.021 533.175 9982.7 0 2212 5215 1 0 1
-333.988 158.137 0 -341.317 183.111 9992.5 0 2212 5216 1 0 1
16.2855 408.101 0 94.6231 -295.094 9995.2 0 2212 5217 1 0 1
-96.1652 -127.897 0 -349.412 -106.09 9993.33 0 2212 5218 1 0 1
700.769 -340.119 0 30.8938 453.603 9989.66 0 2212 5219 1 0 1
-309.051 -163.354 0 -2.85475 218.198 9997.62 0 2212 5220 1 0 1
402.425 -43.2803 0 -158.937 -319.071 9993.64 0 2212 5221 1 0 1
-494.545 -464.234 0 254.124 338.229 9991.05 0 2212 5222 1 0 1
-765.074 -142.169 0 -24.0296 -79.3068 9999.66 0 2212 5223 1 0 1
-55.2905 324.248 0 -162.657 434.156 9989.25 0 2212 5224 1 0 1
-574.321 16.5914 0 74.5741 164.805 9998.36 0 2212 5225 1 0 1
-689.611 -308.806 0 -182.253 -323.565 9993.1 0 2212 5226 1 0 1
-280.779 279.486 0 -380.607 -496.211 9980.43 0 2212 5227 1 0 1
234.857 -205.115 0 334.795 -212.345 9992.14 0 2212 5228 1 0 1
-460.092 36.0732 0 95.5313 -15.3759 9999.53 0 2212 5229 1 0 1
-256.482 -233.844 0 -34.412 -61.1186 9999.75 0 2212 5230 1 0 1
595.861 -198.328 0 -337.826 -91.867 9993.87 0 2212 5231 1 0 1
669.049 31.4069 0 174.011 -429.874 9989.24 0 2212 5232 1 0 1
-240.772 174.893 0 -18.7838 48.5397 9999.86 0 2212 5233 1 0 1
-118.498 -178.301 0 49.454 -195.85 9997.96 0 2212 5234 1 0 1
130.283 -172.803 0 1.66067 -32.5302 9999.95 0 2212 5235 1 0 1
380.821 -518.373 0 194.027 -258.91 9994.76 0 2212 5236 1 0 1
-446.137 -143.891 0 -305.144 -142.816 9994.32 0 2212 5237 1 0 1
-606.039 393.341 0 -274.442 689.297 9972.44 0 2212 5238 1 0 1
-379.512 -119.019 0 -260.472 778.978 9966.21 0 2212 5239 1 0 1
736.367 37.9133 0 -77.8857 47.5749 9999.58 0 2212 5240 1 0 1
21.3951 -355.49 0 126.51 66.4791 9998.98 0 2212 5241 1 0 1
314.764 13.9358 0 -21.785 -659.717 9978.19 0 2212 5242 1 0 1
453.495 -234.858 0 0.421434 527.918 9986.06 0 2212 5243 1 0 1
252.726 76.395 0 -54.3523 -31.4697 9999.8 0 2212 5244 1 0 1
-924.638 -129.183 0 89.388 168.859 9998.17 0 2212 5245 1 0 1
-192.426 248.231 0 -28.6415 -52.6772 9999.82 0 2212 5246 1 0 1
181.209 46.2143 0 -502.08 302.75 9982.8 0 2212 5247 1 0 1
982.646 451.952 0 86.3244 667.641 9977.31 0 2212 5248 1 0 1
-3.4098 -337.926 0 -91.9302 303.118 9994.98 0 2212 5249 1 0 1
-20.7053 158.652 0 -138.538 369.744 9992.2 0 2212 5250 1 0 1
-632.366 142.233 0 -524.019 -319.741 9981.14 0 2212 5251 1 0 1
324.915 -77.627 0 55.8416 987.247 9950.99 0 2212 5252 1 0 1
196.15 -164.252 0 48.2965 625.04 9980.33 0 2212 5253 1 0 1
-434.871 403.405 0 -91.8998 10.1242 9999.57 0 2212 5254 1 0 1
-643.694 -190.249 0 13.3974 -151.41 9998.84 0 2212 5255 1 0 1
505.462 274.256 0 -5.12815 492.168 9987.88 0 2212 5256 1 0 1
580.061 -84.0413 0 20.9133 97.4981 9999.5 0 2212 5257 1 0 1
-336.864 43.0679 0 146.465 141.959 9997.92 0 2212 5258 1 0 1
15.8734 28.0704 0 169.381 421.644 9989.67 0 2212 5259 1 0 1
-190.391 -235.105 0 -240.95 -408.327 9988.75 0 2212 5260 1 0 1
-153.479 -104.365 0 544.511 -297.136 9980.74 0 2212 5261 1 0 1
-574.737 535.118 0 231.017 -117.481 9996.64 0 2212 5262 1 0 1
750.174 51.9193 0 -129.789 -650.053 9978.01 0 2212 5263 1 0 1
699.754 41.4069 0 4.987 451.556 9989.8 0 2212 5264 1 0 1
822.946 -33.422 0 98.5413 -839.955 9964.17 0 2212 5265 1 0 1
779.149 50.3922 0 165.671 -193.394 9996.76 0 2212 5266 1 0 1
-414.499 -172.902 0 162.257 -321.721 9993.51 0 2212 5267 1 0 1
-435.394 13.7867 0 37.9097 452.755 9989.67 0 2212 5268 1 0 1
-180.484 -49.0302 0 -14.6811 431.796 9990.66 0 2212 5269 1 0 1
-436.004 -27.3247 0 36.0727 443.297 9990.1 0 2212 5270 1 0 1
-361.381 155.693 0 -10.0654 -162.473 9998.67 0 2212 5271 1 0 1
491.386 -400.75 0 92.5166 -517.633 9986.17 0 2212 5272 1 0 1
367.095 -11.3781 0 21.6794 -23.1769 9999.95 0 2212 5273 1 0 1
918.448 108.706 0 43.6345 496.394 9987.58 0 2212 5274 1 0 1
-391.014 -63.5952 0 238.14 338.248 9991.44 0 2212 5275 1 0 1
-10.2339 -20.1673 0 93.5197 -358.637 9993.13 0 2212 5276 1 0 1
-902.635 -22.8397 0 10.1803 -628.904 9980.2 0 2212 5277 1 0 1
-281.278 -508.943 0 201.105 87.1456 9997.6 0 2212 5278 1 0 1
733.085 135.45 0 19.1509 -122.69 9999.23 0 2212 5279 1 0 1
636.81 57.4763 0 -150.842 -107.235 9998.29 0 2212 5280 1 0 1
598.405 203.12 0 -152.821 310.064 9994.02 0 2212 5281 1 0 1
-320.224 -235.027 0 -47.157 -603.282 9981.67 0 2212 5282 1 0 1
556.025 -60.1049 0 -123.426 512.01 9986.12 0 2212 5283 1 0 1
409.007 230.211 0 96.8824 -420.271 9990.69 0 2212 5284 1 0 1
107.969 96.6218 0 -94.1081 1.68513 9999.56 0 2212 5285 1 0 1
40.6266 -198.951 0 128.628 932.112 9955.63 0 2212 5286 1 0 1
644.946 210.322 0 -259.192 -700.127 9972.09 0 2212 5287 1 0 1
351.534 -347.663 0 -123.37 -9.32215 9999.23 0 2212 5288 1 0 1
-1237.8 -82.6458 0 227.719 -558.998 9981.77 0 2212 5289 1 0 1
51.4834 -357.929 0 -72.9579 -399.701 9991.74 0 2212 5290 1 0 1
-487.601 208.197 0 46.667 168.455 9998.47 0 2212 5291 1 0 1
-1441.79 -195.767 0 -139.572 -394.321 9991.25 0 2212 5292 1 0 1
-714.848 -286.213 0 -299.948 -40.22 9995.42 0 2212 5293 1 0 1
-403.433 457.354 0 -43.4002 152.204 9998.75 0 2212 5294 1 0 1
-202.97 -60.4912 0 124.652 -50.4581 9999.1 0 2212 5295 1 0 1
490.722 -370.962 0 -66.8064 -289.704 9995.58 0 2212 5296 1 0 1
-704.091 89.3773 0 -81.7603 119.489 9998.95 0 2212 5297 1 0 1
376.589 -277.122 0 -149.362 404.731 9990.69 0 2212 5298 1 0 1
524.871 7.11298 0 217.207 -204.115 9995.56 0 2212 5299 1 0 1
256.638 -36.8993 0 -49.6817 -79.8035 9999.56 0 2212 5300 1 0 1
-499.523 9.66551 0 105.353 451.512 9989.25 0 2212 5301 1 0 1
1117.66 41.9987 0 -107.584 -6.93935 9999.42 0 2212 5302 1 0 1
500.173 -18.0576 0 136.983 -329.071 9993.65 0 2212 5303 1 0 1
562.837 55.4561 0 -11.3827 178.521 9998.4 0 2212 5304 1 0 1
-110.951 -348.596 0 176.936 -34.5924 9998.37 0 2212 5305 1 0 1
-1218.62 -128.763 0 123.361 -360.338 9992.74 0 2212 5306 1 0 1
625.494 175.251 0 -70.8173 591.428 9982.24 0 2212 5307 1 0 1
210.449 419.82 0 426.248 -184.073 9989.22 0 2212 5308 1 0 1
632.304 -480.036 0 158.588 -34.4657 9998.68 0 2212 5309 1 0 1
-533.804 16.0949 0 -202.981 -608.24 9979.42 0 2212 5310 1 0 1
400.912 -53.8955 0 -132.993 -339.442 9993.35 0 2212 5311 1 0 1
-224.442 -23.6344 0 177.697 -95.0048 9997.97 0 2212 5312 1 0 1
323.348 -78.5348 0 207.706 -104.693 9997.29 0 2212 5313 1 0 1
105.303 110.72 0 -164.467 -11.0966 9998.64 0 2212 5314 1 0 1
-433.01 -63.9133 0 141.093 -98.037 9998.52 0 2212 5315 1 0 1
335.053 204.986 0 151.699 614.803 9979.93 0 2212 5316 1 0 1
356.056 470.499 0 143.352 411.677 9990.49 0 2212 5317 1 0 1
-184.408 11.6792 0 -151.208 -501.013 9986.3 0 2212 5318 1 0 1
-308.071 74.8823 0 131.986 77.4881 9998.83 0 2212 5319 1 0 1
589.556 -58.8754 0 179.962 106.496 9997.81 0 2212 5320 1 0 1
-163.796 -121.243 0 1.35549 -284.72 9995.95 0 2212 5321 1 0 1
-347.943 -190.764 0 190.924 -247.902 9995.1 0 2212 5322 1 0 1
-693.472 -86.2893 0 -222.172 405.987 9989.28 0 2212 5323 1 0 1
-1397.21 -86.5554 0 302.047 -27.1432 9995.4 0 2212 5324 1 0 1
-723.553 125.452 0 34.3583 -147.635 9998.85 0 2212 5325 1 0 1
1502.53 -134.375 0 -122.27 1053.86 9943.56 0 2212 5326 1 0 1
209.456 -378.267 0 -0.0662704 101.706 9999.48 0 2212 5327 1 0 1
678.849 181.231 0 -195.711 -254.543 9994.84 0 2212 5328 1 0 1
200.036 62.4657 0 49.5766 -420.021 9991.05 0 2212 5329 1 0 1
558.477 28.767 0 -24.5275 716.873 9974.24 0 2212 5330 1 0 1
-1399.65 9.76729 0 111.115 467.236 9988.46 0 2212 5331 1 0 1
535.026 101.441 0 77.6775 168.228 9998.28 0 2212 5332 1 0 1
663.004 -249.567 0 -343.954 358.2 9987.66 0 2212 5333 1 0 1
417.775 112.501 0 49.5881 -542.936 9985.13 0 2212 5334 1 0 1
165.606 -77.4539 0 -35.9878 -69.2082 9999.7 0 2212 5335 1 0 1
289.18 -94.0504 0 142.065 563.702 9983.09 0 2212 5336 1 0 1
-146.313 86.5655 0 20.5581 141.373 9998.98 0 2212 5337 1 0 1
-330.624 170.885 0 117.503 -276.268 9995.49 0 2212 5338 1 0 1
43.3862 -104.409 0 -103.752 285.458 9995.39 0 2212 5339 1 0 1
1011.55 84.8914 0 -144.515 358.14 9992.54 0 2212 5340 1 0 1
143.801 -23.7994 0 387.653 -165.621 9991.11 0 2212 5341 1 0 1
652.986 75.5707 0 -255.311 72.417 9996.48 0 2212 5342 1 0 1
641.882 1.22372 0 -241.949 -125.827 9996.28 0 2212 5343 1 0 1
-334.401 -41.8097 0 -108.178 -161.295 9998.11 0 2212 5344 1 0 1
703.431 -300.511 0 41.1823 -700.6 9975.34 0 2212 5345 1 0 1
-140.72 -62.0354 0 133.946 -116.315 9998.43 0 2212 5346 1 0 1
-504.908 217.704 0 27.5349 -67.5764 9999.73 0 2212 5347 1 0 1
-198.981 188.356 0 -18.7925 -974.672 9952.37 0 2212 5348 1 0 1
136.897 136.825 0 369.926 -109.992 9992.55 0 2212 5349 1 0 1
98.8238 -275.672 0 257.819 599.989 9978.65 0 2212 5350 1 0 1
-144.894 -173.827 0 216.846 119.624 9996.93 0 2212 5351 1 0 1
-625.117 -102.23 0 159.983 -327.385 9993.36 0 2212 5352 1 0 1
223.045 43.6022 0 156.611 -191.405 9996.94 0 2212 5353 1 0 1
-1081.32 -383.985 0 72.3757 973.373 9952.25 0 2212 5354 1 0 1
251.37 -362.129 0 123.531 99.7751 9998.74 0 2212 5355 1 0 1
433.62 -107.558 0 71.6486 56.8001 9999.58 0 2212 5356 1 0 1
-710.072 -77.2292 0 19.1884 476.17 9988.64 0 2212 5357 1 0 1
-132.745 -290.226 0 28.957 683.101 9976.6 0 2212 5358 1 0 1
-313.322 326.527 0 7.67148 313.148 9995.09 0 2212 5359 1 0 1
131.686 93.2332 0 43.3229 -119.644 9999.19 0 2212 5360 1 0 1
-94.9739 409.575 0 345.392 -79.1482 9993.72 0 2212 5361 1 0 1
1073 374.202 0 73.1689 -162.761 9998.41 0 2212 5362 1 0 1
955.836 240.922 0 -154.582 276.327 9994.99 0 2212 5363 1 0 1
-163.732 -191.791 0 18.4153 1064.11 9943.21 0 2212 5364 1 0 1
171.003 -296.614 0 106.825 39.9486 9999.35 0 2212 5365 1 0 1
-549.494 28.1739 0 -434.47 -505.317 9977.77 0 2212 5366 1 0 1
-959.528 -167.678 0 -128.451 669.068 9976.77 0 2212 5367 1 0 1
-1013.41 -34.9535 0 -184.086 -153.979 9997.12 0 2212 5368 1 0 1
-292.066 109.219 0 -85.3818 -170.266 9998.19 0 2212 5369 1 0 1
-97.979 195.199 0 -0.71636 76.7909 9999.71 0 2212 5370 1 0 1
132.876 -76.8385 0 -50.7727 193.191 9998 0 2212 5371 1 0 1
-584.155 -188.939 0 -79.5337 -9.70536 9999.68 0 2212 5372 1 0 1
599.906 2.01501 0 381.405 186.884 9990.98 0 2212 5373 1 0 1
436.423 -350.364 0 -133.702 315.838 9994.12 0 2212 5374 1 0 1
-1243.44 156.537 0 -117.992 86.3471 9998.93 0 2212 5375 1 0 1
-553.613 73.3676 0 -324.456 -220.842 9992.29 0 2212 5376 1 0 1
-98.8456 -105.574 0 264.907 117.203 9995.8 0 2212 5377 1 0 1
91.5336 -315.32 0 -269.045 -287.323 9992.25 0 2212 5378 1 0 1
-455.066 118.675 0 160.757 835.745 9963.72 0 2212 5379 1 0 1
637.814 -47.3628 0 270.251 591.442 9978.84 0 2212 5380 1 0 1
553.926 -121.11 0 -74.4305 -1081.61 9941.06 0 2212 5381 1 0 1
-501.975 254.766 0 -275.212 -24.0084 9996.18 0 2212 5382 1 0 1
282.319 -408.897 0 -43.57 170.72 9998.45 0 2212 5383 1 0 1
-679.243 -572.268 0 -51.2697 -134.76 9998.96 0 2212 5384 1 0 1
1044.18 -161.488 0 -100.583 34.5487 9999.43 0 2212 5385 1 0 1
352.681 139.392 0 14.6503 -469.099 9988.98 0 2212 5386 1 0 1
-1103.83 -59.4706 0 55.4418 -432.187 9990.5 0 2212 5387 1 0 1
-56.6471 -519.813 0 155.133 -271.787 9995.1 0 2212 5388 1 0 1
217.989 86.0686 0 -242.445 543.126 9982.3 0 2212 5389 1 0 1
-595.262 323.666 0 -205.238 531.697 9983.75 0 2212 5390 1 0 1
223.846 -166.002 0 -17.9718 -374.629 9992.96 0 2212 5391 1 0 1
-23.7721 -37.9966 0 24.3058 -0.287936 9999.97 0 2212 5392 1 0 1
-425.826 205.112 0 -276.635 -424.289 9987.16 0 2212 5393 1 0 1
19.4083 -577.921 0 -28.6942 -181.12 9998.32 0 2212 5394 1 0 1
-1365.21 177.597 0 -36.8732 -125.01 9999.15 0 2212 5395 1 0 1
254.297 250.903 0 62.3908 -377.532 9992.68 0 2212 5396 1 0 1
-448.334 -183.61 0 -10.6559 85.3597 9999.63 0 2212 5397 1 0 1
45.4571 243.774 0 80.268 259.087 9996.32 0 2212 5398 1 0 1
-42.2756 37.8003 0 -104.968 297.56 9995.02 0 2212 5399 1 0 1
65.9519 -168.877 0 170.392 -51.7714 9998.41 0 2212 5400 1 0 1
460.613 216.582 0 -6.77194 195.879 9998.08 0 2212 5401 1 0 1
-401.495 255.139 0 -191.614 467.787 9987.21 0 2212 5402 1 0 1
34.4443 -4.62843 0 -132.889 -696.216 9974.85 0 2212 5403 1 0 1
-831.088 -315.076 0 52.13 -90.4968 9999.45 0 2212 5404 1 0 1
696.539 -82.6571 0 42.9979 -98.1256 9999.43 0 2212 5405 1 0 1
599.12 -205.812 0 -48.0424 -303.167 9995.29 0 2212 5406 1 0 1
849.588 -150.589 0 -137.056 422.026 9990.15 0 2212 5407 1 0 1
487.57 201.305 0 21.5803 181.175 9998.34 0 2212 5408 1 0 1
220.368 223.97 0 120.797 -299.266 9994.79 0 2212 5409 1 0 1
-27.0779 51.2934 0 -151.223 -339.466 9993.09 0 2212 5410 1 0 1
-64.8596 557.484 0 355.331 -332.298 9988.16 0 2212 5411 1 0 1
-809.199 303.876 0 119.47 74.3676 9999.01 0 2212 5412 1 0 1
186.818 54.0284 0 195.136 -81.3347 9997.77 0 2212 5413 1 0 1
72.2067 161.637 0 -9.92762 67.5152 9999.77 0 2212 5414 1 0 1
-369.061 -72.6838 0 75.7465 545.401 9984.83 0 2212 5415 1 0 1
-910.316 -83.9267 0 -67.3809 509.079 9986.81 0 2212 5416 1 0 1
-191.826 -8.45126 0 34.8258 466.098 9989.07 0 2212 5417 1 0 1
147.777 240.368 0 -67.7776 -66.2606 9999.55 0 2212 5418 1 0 1
-470.544 -73.7318 0 316.959 -352.403 9988.76 0 2212 5419 1 0 1
-530.323 195.111 0 -51.5335 -167.746 9998.46 0 2212 5420 1 0 1
96.9277 -322.182 0 -276.162 277.64 9992.33 0 2212 5421 1 0 1
91.0959 -53.0505 0 169.954 -1028.91 9945.47 0 2212 5422 1 0 1
-215.371 407.586 0 90.3765 168.566 9998.17 0 2212 5423 1 0 1
293.329 18.6862 0 8.86347 -155.871 9998.78 0 2212 5424 1 0 1
322.72 45.316 0 -78.9454 178.071 9998.1 0 2212 5425 1 0 1
803.132 47.3151 0 -385.456 213.499 9990.29 0 2212 5426 1 0 1
198.411 58.3017 0 245.79 323.985 9991.73 0 2212 5427 1 0 1
-60.4179 -310.093 0 188.026 215.818 9995.9 0 2212 5428 1 0 1
329.362 -4.11974 0 -22.1637 -474.194 9988.73 0 2212 5429 1 0 1
498.557 181.409 0 129.885 -501.581 9986.57 0 2212 5430 1 0 1
-417.494 -148.53 0 255.349 -27.6421 9996.7 0 2212 5431 1 0 1
82.0967 51.4423 0 -359.349 59.8573 9993.36 0 2212 5432 1 0 1
365.38 261.666 0 -22.4588 80.196 9999.65 0 2212 5433 1 0 1
-1185.53 -163.829 0 118.672 353.61 9993.04 0 2212 5434 1 0 1
-331.371 293.769 0 31.2886 473.241 9988.75 0 2212 5435 1 0 1
-456.099 271.994 0 -270.263 295.08 9991.99 0 2212 5436 1 0 1
1362.03 -86.5832 0 360.238 -90.4805 9993.1 0 2212 5437 1 0 1
-438.28 296.136 0 68.6512 -240.262 9996.88 0 2212 5438 1 0 1
136.922 -273.441 0 -49.0199 322.545 9994.68 0 2212 5439 1 0 1
769.515 519.306 0 229.551 83.4071 9997.02 0 2212 5440 1 0 1
-77.135 11.2535 0 -7.60578 -309.704 9995.2 0 2212 5441 1 0 1
-446.675 -142.2 0 -195.512 -115.5 9997.42 0 2212 5442 1 0 1
107.937 18.8324 0 -207.572 -81.1255 9997.52 0 2212 5443 1 0 1
-82.1125 275.097 0 -135.389 873.348 9960.87 0 2212 5444 1 0 1
647.248 -66.2127 0 -208.375 -50.1576 9997.7 0 2212 5445 1 0 1
145.042 346.69 0 28.9675 -677.313 9976.99 0 2212 5446 1 0 1
612.332 78.086 0 -27.9236 115.161 9999.3 0 2212 5447 1 0 1
-784.574 -20.2573 0 25.24 358.205 9993.55 0 2212 5448 1 0 1
786.744 545.842 0 -121.755 -137.425 9998.31 0 2212 5449 1 0 1
745.382 193.104 0 36.3829 -189.857 9998.13 0 2212 5450 1 0 1
-578.802 -388.118 0 219.345 532.224 9983.42 0 2212 5451 1 0 1
137.741 187.335 0 -175.645 -181.38 9996.81 0 2212 5452 1 0 1
-84.2328 86.2919 0 23.1576 -250.001 9996.85 0 2212 5453 1 0 1
-169.154 -174.762 0 108.127 -269.853 9995.77 0 2212 5454 1 0 1
276.873 -439.687 0 -178.976 173.094 9996.9 0 2212 5455 1 0 1
87.1729 109.016 0 -227.962 274.46 9993.63 0 2212 5456 1 0 1
1095.04 -275.601 0 -278.745 -626.521 9976.46 0 2212 5457 1 0 1
-888.353 29.597 0 93.8296 65.2425 9999.35 0 2212 5458 1 0 1
333.557 55.5855 0 199.197 141.842 9997.01 0 2212 5459 1 0 1
-86.076 -245.175 0 62.5294 -272.37 9996.09 0 2212 5460 1 0 1
-348.585 139.916 0 188.406 -4.23222 9998.22 0 2212 5461 1 0 1
-100.879 -155.312 0 -323.895 205.419 9992.64 0 2212 5462 1 0 1
129.68 362.713 0 88.0179 -438.257 9990 0 2212 5463 1 0 1
-754.782 -77.7187 0 15.1558 472.629 9988.81 0 2212 5464 1 0 1
-713.229 -91.9086 0 -99.4254 -381.689 9992.22 0 2212 5465 1 0 1
1367.53 -118.727 0 -127.659 81.3487 9998.85 0 2212 5466 1 0 1
-313.577 263.725 0 105.844 518.902 9985.97 0 2212 5467 1 0 1
243.896 -439.481 0 245.766 -249.028 9993.88 0 2212 5468 1 0 1
338.147 -241.417 0 -206.168 410.767 9989.43 0 2212 5469 1 0 1
1001.61 89.4138 0 -85.8744 -99.1223 9999.14 0 2212 5470 1 0 1
-595.043 -90.1715 0 7.87183 145.353 9998.94 0 2212 5471 1 0 1
-228.584 495.837 0 150.28 307.368 9994.15 0 2212 5472 1 0 1
-683.096 -91.4794 0 -70.0691 -92.5551 9999.33 0 2212 5473 1 0 1
-43.3597 52.3562 0 268.153 -126.115 9995.61 0 2212 5474 1 0 1
6.487 67.1165 0 60.2694 438.502 9990.2 0 2212 5475 1 0 1
243.015 197.386 0 -150.476 532.76 9984.66 0 2212 5476 1 0 1
1601.75 -70.1785 0 -171.81 244.107 9995.54 0 2212 5477 1 0 1
328.385 -266.5 0 4.24913 -118.412 9999.3 0 2212 5478 1 0 1
-299.062 16.0251 0 51.3719 30.34 9999.82 0 2212 5479 1 0 1
1171.25 -180.463 0 95.4383 -319.668 9994.43 0 2212 5480 1 0 1
81.2176 170.718 0 36.4924 221.595 9997.48 0 2212 5481 1 0 1
-884.8 -291.759 0 251.816 665.313 9974.67 0 2212 5482 1 0 1
314.847 -100.092 0 171.245 134.687 9997.63 0 2212 5483 1 0 1
650.429 -371.269 0 258.198 -329.13 9991.25 0 2212 5484 1 0 1
-176.274 49.6863 0 -71.028 -483.36 9988.06 0 2212 5485 1 0 1
364.268 -23.6106 0 151.869 662.737 9976.86 0 2212 5486 1 0 1
185.847 -523.797 0 51.5554 -17.641 9999.85 0 2212 5487 1 0 1
-293.822 -11.9529 0 -241.815 -430.211 9987.81 0 2212 5488 1 0 1
378.988 -200.821 0 -30.7602 410.624 9991.52 0 2212 5489 1 0 1
743.521 361.618 0 -100.923 -707.848 9974.41 0 2212 5490 1 0 1
-85.4249 -241.343 0 344.842 228.442 9991.44 0 2212 5491 1 0 1
550.061 -145.366 0 -411.569 -1049.9 9936.21 0 2212 5492 1 0 1
675.695 154.782 0 230.244 260.683 9993.95 0 2212 5493 1 0 1
-140.982 26.3147 0 65.6085 72.0481 9999.53 0 2212 5494 1 0 1
225.433 144.199 0 91.8027 116.852 9998.9 0 2212 5495 1 0 1
714.222 301.424 0 210.013 307.357 9993.07 0 2212 5496 1 0 1
391.225 -141.281 0 324.086 22.605 9994.72 0 2212 5497 1 0 1
470.775 -435.453 0 77.0838 -61.1478 9999.52 0 2212 5498 1 0 1
1062.24 -411.797 0 -339.065 44.1721 9994.15 0 2212 5499 1 0 1
38.6074 -33.7121 0 52.3578 29.8706 9999.82 0 2212 5500 1 0 1
-525.988 33.581 0 -24.1357 -1073.48 9942.19 0 2212 5501 1 0 1
179.142 -96.5772 0 -105.534 761.294 9970.42 0 2212 5502 1 0 1
38.6391 53.2473 0 206.022 168.578 9996.46 0 2212 5503 1 0 1
-675.375 -252.545 0 -70.5195 90.5667 9999.34 0 2212 5504 1 0 1
-850.805 183.528 0 -97.1288 -314.596 9994.58 0 2212 5505 1 0 1
-738.176 403.931 0 92.6429 -225.32 9997.03 0 2212 5506 1 0 1
-394.56 -136.823 0 -181.16 -200.47 9996.35 0 2212 5507 1 0 1
593.167 107.873 0 78.5572 -20.3529 9999.67 0 2212 5508 1 0 1
-336.689 63.5095 0 16.0185 -75.3689 9999.7 0 2212 5509 1 0 1
906.593 195.155 0 146.063 55.6038 9998.78 0 2212 5510 1 0 1
771.23 -232.838 0 -225.931 302.247 9992.88 0 2212 5511 1 0 1
339.316 144.471 0 105.171 -673.413 9976.75 0 2212 5512 1 0 1
388.979 99.8478 0 -156.18 -631.21 9978.84 0 2212 5513 1 0 1
-1155.25 -170.873 0 -273.489 -53.1484 9996.12 0 2212 5514 1 0 1
-1062.35 -218.462 0 -65.1953 -389.935 9992.18 0 2212 5515 1 0 1
-1203.66 -176.792 0 -144.001 541.235 9984.3 0 2212 5516 1 0 1
348.662 52.9389 0 -164.691 -314.58 9993.69 0 2212 5517 1 0 1
457.327 251.727 0 83.6719 -1008.04 9948.71 0 2212 5518 1 0 1
791.153 112.594 0 176.829 485.612 9986.64 0 2212 5519 1 0 1
-853.582 209.092 0 -79.7831 422.939 9990.73 0 2212 5520 1 0 1
580.143 137.818 0 -164.113 105.493 9998.1 0 2212 5521 1 0 1
-995.267 -454.461 0 113.153 -287.431 9995.23 0 2212 5522 1 0 1
299.215 184.558 0 62.4627 117.044 9999.12 0 2212 5523 1 0 1
-212.032 -243.491 0 -195.775 65.9351 9997.87 0 2212 5524 1 0 1
140.032 -354.001 0 284.147 116.123 9995.29 0 2212 5525 1 0 1
-225.781 241.293 0 9.99832 433.188 9990.61 0 2212 5526 1 0 1
581.931 -269.151 0 -48.1957 -245.966 9996.86 0 2212 5527 1 0 1
594.403 -20.6039 0 -82.1452 731.773 9972.85 0 2212 5528 1 0 1
50.0222 38.2792 0 -48.2043 -244.98 9996.88 0 2212 5529 1 0 1
-563.083 154.435 0 225.396 176.073 9995.91 0 2212 5530 1 0 1
150.02 -93.3503 0 161.551 -47.7666 9998.58 0 2212 5531 1 0 1
549.344 -263.101 0 159.968 116.046 9998.05 0 2212 5532 1 0 1
-30.8421 -417.324 0 -182.317 -336.021 9992.69 0 2212 5533 1 0 1
362.403 -683.592 0 -260.96 -55.8721 9996.44 0 2212 5534 1 0 1
58.6561 -33.7068 0 -458.702 405.649 9981.23 0 2212 5535 1 0 1
446.631 -346.671 0 197.523 382.042 9990.75 0 2212 5536 1 0 1
-999.725 -122.381 0 125.906 168.466 9997.79 0 2212 5537 1 0 1
-257.667 446.795 0 70.2803 -10.8747 9999.75 0 2212 5538 1 0 1
405.736 115.187 0 -1.85056 -505.634 9987.21 0 2212 5539 1 0 1
-115.611 -951.6 0 143.022 -393.103 9991.25 0 2212 5540 1 0 1
-142.14 -121.472 0 46.17 -362.462 9993.32 0 2212 5541 1 0 1
669.906 183.382 0 73.5864 648.264 9978.69 0 2212 5542 1 0 1
659.744 36.1745 0 424.901 -197.282 9989.02 0 2212 5543 1 0 1
735.987 -189.974 0 185.168 242.87 9995.34 0 2212 5544 1 0 1
708.012 -210.751 0 63.5473 -581.497 9982.88 0 2212 5545 1 0 1
-679.637 -405.345 0 -252.793 397.102 9988.91 0 2212 5546 1 0 1
-698.013 184.791 0 6.96544 220.671 9997.56 0 2212 5547 1 0 1
561.251 220.998 0 101.456 406.634 9991.21 0 2212 5548 1 0 1
423.355 -82.6576 0 -107.528 253.636 9996.2 0 2212 5549 1 0 1
175.188 115.566 0 127.215 -599.692 9981.19 0 2212 5550 1 0 1
-193.422 -30.9644 0 156.091 -209.638 9996.58 0 2212 5551 1 0 1
-1321.98 231.037 0 -107.75 276.091 9995.61 0 2212 5552 1 0 1
1232.32 32.9181 0 138.355 106.771 9998.47 0 2212 5553 1 0 1
124.137 138.843 0 -38.9039 130.442 9999.07 0 2212 5554 1 0 1
-204.516 116.482 0 -41.6941 13.9356 9999.9 0 2212 5555 1 0 1
1041.23 -357.439 0 450.072 -125.439 9989.08 0 2212 5556 1 0 1
270.966 80.4068 0 83.2282 -243.845 9996.68 0 2212 5557 1 0 1
418.754 83.6016 0 71.2521 -175.102 9998.21 0 2212 5558 1 0 1
1236.21 149.212 0 116.733 -62.617 9999.12 0 2212 5559 1 0 1
-212.8 -175.079 0 -59.0604 -300.463 9995.31 0 2212 5560 1 0 1
552.789 -227.074 0 65.98 80.3131 9999.46 0 2212 5561 1 0 1
624.766 -3.96031 0 -129.243 527.905 9985.22 0 2212 5562 1 0 1
14.8986 -6.21003 0 179.828 -68.2989 9998.15 0 2212 5563 1 0 1
-2.79085 266.001 0 -31.0545 85.6983 9999.58 0 2212 5564 1 0 1
-169.502 -213.956 0 -85.8247 -62.1433 9999.44 0 2212 5565 1 0 1
-416.942 -71.3037 0 83.6207 -128.631 9998.82 0 2212 5566 1 0 1
253.877 101.177 0 -353.836 2.95519 9993.74 0 2212 5567 1 0 1
-738.365 -110.859 0 -101.807 116.259 9998.81 0 2212 5568 1 0 1
849.715 242.527 0 -75.1035 73.5664 9999.45 0 2212 5569 1 0 1
-425.346 151.104 0 249.114 249.688 9993.78 0 2212 5570 1 0 1
-696.175 -55.6302 0 -156.134 415.22 9990.16 0 2212 5571 1 0 1
-257.374 13.1072 0 26.9952 325.576 9994.66 0 2212 5572 1 0 1
143.119 125.973 0 -241.978 287.329 9992.94 0 2212 5573 1 0 1
281.171 424.076 0 64.7845 -865.491 9962.27 0 2212 5574 1 0 1
-904.854 389.526 0 226.464 304.25 9992.8 0 2212 5575 1 0 1
-15.7001 -152.49 0 221.34 -55.9047 9997.39 0 2212 5576 1 0 1
-424.106 -229.984 0 215.156 403.969 9989.52 0 2212 5577 1 0 1
106.242 -147.281 0 49.7267 -31.7495 9999.83 0 2212 5578 1 0 1
-622.521 46.5594 0 89.7873 -75.5953 9999.31 0 2212 5579 1 0 1
1136.4 54.5941 0 57.8097 -632.042 9979.84 0 2212 5580 1 0 1
233.085 -762.626 0 71.0846 182.913 9998.07 0 2212 5581 1 0 1
39.3063 -60.0498 0 235.235 43.2955 9997.14 0 2212 5582 1 0 1
-462.701 -109.631 0 -323.312 -763.502 9965.57 0 2212 5583 1 0 1
50.4934 -158.717 0 -116.092 -909.941 9957.84 0 2212 5584 1 0 1
304.27 122.958 0 44.8554 -461.358 9989.25 0 2212 5585 1 0 1
302.163 -266.136 0 39.1078 522.552 9986.26 0 2212 5586 1 0 1
-633.915 -500.964 0 -58.1994 -99.931 9999.33 0 2212 5587 1 0 1
691.121 -266.017 0 67.4602 -51.3854 9999.64 0 2212 5588 1 0 1
453.666 -348.725 0 -120.356 174.096 9997.76 0 2212 5589 1 0 1
-608.932 -207.36 0 -18.624 329.007 9994.57 0 2212 5590 1 0 1
-155.311 478.132 0 181.721 387.287 9990.85 0 2212 5591 1 0 1
-153.365 236.874 0 -136.795 -229.736 9996.42 0 2212 5592 1 0 1
-348.785 -277.252 0 47.1598 -395.442 9992.07 0 2212 5593 1 0 1
-942.012 -36.2692 0 -103.268 -614.5 9980.57 0 2212 5594 1 0 1
-103.9 -286.609 0 -16.6914 410.698 9991.55 0 2212 5595 1 0 1
-240.655 72.722 0 23.0753 726.545 9973.54 0 2212 5596 1 0 1
728.591 319.531 0 -235.924 -105.213 9996.66 0 2212 5597 1 0 1
-61.3461 139.295 0 27.7769 167.142 9998.56 0 2212 5598 1 0 1
-275.675 215.912 0 -245.847 171.407 9995.51 0 2212 5599 1 0 1
-520.58 -448.388 0 -29.0857 244.485 9996.97 0 2212 5600 1 0 1
72.6569 81.4264 0 -74.1644 -37.6278 9999.65 0 2212 5601 1 0 1
-76.3307 206.757 0 239.632 8.9663 9997.12 0 2212 5602 1 0 1
81.8909 17.0373 0 11.9748 49.422 9999.87 0 2212 5603 1 0 1
-540.809 -347.572 0 -122.818 625.128 9979.69 0 2212 5604 1 0 1
-607.923 178.606 0 137.068 -454.057 9988.75 0 2212 5605 1 0 1
151.819 187.951 0 -68.7854 107.173 9999.19 0 2212 5606 1 0 1
-250.472 -219.903 0 -144.868 531.215 9984.83 0 2212 5607 1 0 1
-399.392 -91.7549 0 -154.798 107.238 9998.23 0 2212 5608 1 0 1
-760.106 73.6633 0 30.9359 -907.339 9958.7 0 2212 5609 1 0 1
566.472 69.9467 0 -88.9031 -505.458 9986.82 0 2212 5610 1 0 1
-339.829 200.649 0 92.5328 -263.139 9996.11 0 2212 5611 1 0 1
714.778 174.851 0 119.985 617.569 9980.19 0 2212 5612 1 0 1
322.752 -128.863 0 -574.202 229.941 9980.85 0 2212 5613 1 0 1
365.649 -31.8039 0 30.5692 7.50485 9999.95 0 2212 5614 1 0 1
1088.84 -220.116 0 34.8594 108.709 9999.35 0 2212 5615 1 0 1
4.70505 -81.0821 0 -174.492 -660.912 9976.61 0 2212 5616 1 0 1
-329.591 -122.371 0 -115.913 -100.069 9998.83 0 2212 5617 1 0 1
-1158.38 -9.73011 0 258.452 372.075 9989.73 0 2212 5618 1 0 1
-711.967 -75.1279 0 197.109 -152.217 9996.9 0 2212 5619 1 0 1
112.39 -142.976 0 -120.622 605.127 9980.95 0 2212 5620 1 0 1
733.715 226.821 0 45.9274 170.677 9998.44 0 2212 5621 1 0 1
-256.093 122.913 0 -114.749 -431.87 9990.01 0 2212 5622 1 0 1
262.792 -205.401 0 210.674 444.496 9987.89 0 2212 5623 1 0 1
601.997 179.232 0 -7.77659 -295.071 9995.64 0 2212 5624 1 0 1
-798.236 86.5593 0 111.254 -128.32 9998.56 0 2212 5625 1 0 1
-355.611 37.9712 0 -193.843 -261.218 9994.71 0 2212 5626 1 0 1
-531.502 -209.576 0 462.916 -177.37 9987.7 0 2212 5627 1 0 1
552.89 -135.067 0 -30.1759 -192.179 9998.11 0 2212 5628 1 0 1
703.982 -173.831 0 -122.475 -1104.6 9938.05 0 2212 5629 1 0 1
-812.293 -194.869 0 44.3773 -246.404 9996.87 0 2212 5630 1 0 1
-147.578 -256.968 0 -221.268 -278.668 9993.67 0 2212 5631 1 0 1
79.5313 511.714 0 218.333 368.172 9990.83 0 2212 5632 1 0 1
-598.665 95.5642 0 87.5368 374.22 9992.61 0 2212 5633 1 0 1
105.79 -140.378 0 -203.502 147.058 9996.85 0 2212 5634 1 0 1
-386.948 444.79 0 259.906 -343.635 9990.71 0 2212 5635 1 0 1
230.56 238.667 0 -107.978 -236.252 9996.63 0 2212 5636 1 0 1
-554.789 209.131 0 221.304 -403.271 9989.41 0 2212 5637 1 0 1
565.839 -266.307 0 -123.452 188.598 9997.46 0 2212 5638 1 0 1
1429.2 -118.657 0 2.64021 -79.9614 9999.68 0 2212 5639 1 0 1
-313.016 -138.332 0 125.482 -268.333 9995.61 0 2212 5640 1 0 1
-206.099 -198.943 0 -215.61 -58.6698 9997.5 0 2212 5641 1 0 1
-70.6679 -90.7816 0 110.064 -69.6167 9999.15 0 2212 5642 1 0 1
-514.616 -337.615 0 130.951 40.5694 9999.06 0 2212 5643 1 0 1
-739.185 484.6 0 -85.2671 -183.792 9997.95 0 2212 5644 1 0 1
-457.368 143.195 0 -49.8044 500.671 9987.33 0 2212 5645 1 0 1
372.1 -556.457 0 273.709 26.6874 9996.22 0 2212 5646 1 0 1
-706.06 -4.1006 0 73.7473 123.255 9998.97 0 2212 5647 1 0 1
-548.332 -172.855 0 232.291 -226.611 9994.73 0 2212 5648 1 0 1
704.453 -53.6898 0 122.063 513.312 9986.07 0 2212 5649 1 0 1
-114.703 -129.372 0 -0.488852 -455.66 9989.61 0 2212 5650 1 0 1
-94.5077 313.991 0 -9.3014 -687.915 9976.31 0 2212 5651 1 0 1
140.375 -357.919 0 164.138 -376.556 9991.56 0 2212 5652 1 0 1
64.6191 264.814 0 -82.3258 -73.4927 9999.39 0 2212 5653 1 0 1
-84.6522 201.108 0 -306.114 112.442 9994.68 0 2212 5654 1 0 1
111.399 583.002 0 160.562 -455.842 9988.31 0 2212 5655 1 0 1
-58.7237 250.06 0 9.92078 258.029 9996.67 0 2212 5656 1 0 1
123.665 -246.053 0 -166.189 -1.30796 9998.62 0 2212 5657 1 0 1
367.12 -98.0485 0 91.0567 91.4885 9999.17 0 2212 5658 1 0 1
325.135 159.288 0 -59.0327 245.012 9996.82 0 2212 5659 1 0 1
-837.944 49.8159 0 233.842 -355.962 9990.93 0 2212 5660 1 0 1
-383.825 81.1653 0 -259.858 167.588 9995.22 0 2212 5661 1 0 1
488.834 261.389 0 -126.79 -266.629 9995.64 0 2212 5662 1 0 1
566.186 -217.079 0 -262.134 -356.297 9990.21 0 2212 5663 1 0 1
-751.898 166.309 0 21.7209 846.739 9964.06 0 2212 5664 1 0 1
296.377 -146.7 0 -154.346 -163.203 9997.48 0 2212 5665 1 0 1
829.541 182.047 0 188.949 -167.258 9996.82 0 2212 5666 1 0 1
-840.101 144.14 0 128.916 939.638 9954.92 0 2212 5667 1 0 1
-508.723 -15.517 0 -15.4026 -51.2236 9999.86 0 2212 5668 1 0 1
-333.112 282.276 0 -291.342 -945.195 9950.97 0 2212 5669 1 0 1
1217.6 117.373 0 -155.452 534.469 9984.5 0 2212 5670 1 0 1
-708.158 193.902 0 4.77384 138.48 9999.04 0 2212 5671 1 0 1
132.572 496.982 0 75.9052 -235.243 9996.94 0 2212 5672 1 0 1
258.126 -3.28052 0 -415.567 205.695 9989.24 0 2212 5673 1 0 1
-524.147 271.229 0 -16.638 -25.693 9999.95 0 2212 5674 1 0 1
-295.038 -482.627 0 -268.492 -178.611 9994.8 0 2212 5675 1 0 1
541.94 -81.0413 0 -198.406 302.532 9993.45 0 2212 5676 1 0 1
20.6588 161.612 0 196.024 -239.165 9995.22 0 2212 5677 1 0 1
-757.264 68.8022 0 61.123 -595.848 9982.05 0 2212 5678 1 0 1
-117.276 -29.1653 0 230.988 -73.1351 9997.06 0 2212 5679 1 0 1
-80.5699 73.4762 0 -81.3806 254.202 9996.44 0 2212 5680 1 0 1
1015.5 -141.314 0 240.915 -1161.63 9929.38 0 2212 5681 1 0 1
-129.397 -171.148 0 293.275 209.094 9993.51 0 2212 5682 1 0 1
-145.729 286.158 0 -64.6565 -398.828 9991.83 0 2212 5683 1 0 1
286.813 209.922 0 -112.748 -503.971 9986.66 0 2212 5684 1 0 1
45.5613 69.5203 0 70.7928 277.003 9995.91 0 2212 5685 1 0 1
-680.99 -81.291 0 37.1872 -121.839 9999.19 0 2212 5686 1 0 1
703.251 -76.7389 0 -136.823 -366.803 9992.33 0 2212 5687 1 0 1
-65.8276 -115.563 0 -291.734 147.999 9994.65 0 2212 5688 1 0 1
57.3306 -187.155 0 -82.2071 209.269 9997.47 0 2212 5689 1 0 1
-1240.16 -61.63 0 149.586 -334.099 9993.3 0 2212 5690 1 0 1
-24.4651 -64.693 0 110.992 -364.562 9992.74 0 2212 5691 1 0 1
276.948 151.743 0 52.4387 -318.535 9994.79 0 2212 5692 1 0 1
-530.047 22.975 0 -56.4023 -820.421 9966.13 0 2212 5693 1 0 1
352.054 133.646 0 -231.578 643.335 9976.6 0 2212 5694 1 0 1
-707.735 36.8212 0 66.7076 -338.349 9994.05 0 2212 5695 1 0 1
395.331 -68.5102 0 -143.576 -102.649 9998.44 0 2212 5696 1 0 1
-245.469 251.218 0 78.3575 133.417 9998.8 0 2212 5697 1 0 1
-228.769 309.277 0 209.026 319.819 9992.7 0 2212 5698 1 0 1
654.885 -304.858 0 313.591 262.157 9991.64 0 2212 5699 1 0 1
890.999 212.579 0 129.568 -169.805 9997.72 0 2212 5700 1 0 1
648.632 449.674 0 365.319 -414.808 9984.71 0 2212 5701 1 0 1
-319.248 205.548 0 -215.346 -65.2248 9997.47 0 2212 5702 1 0 1
340.476 -54.5752 0 55.0802 174.695 9998.32 0 2212 5703 1 0 1
510.417 -261.995 0 -114.225 -427.312 9990.21 0 2212 5704 1 0 1
332.941 103.263 0 46.2162 124.599 9999.12 0 2212 5705 1 0 1
-308.67 -673.699 0 -45.2328 407.283 9991.6 0 2212 5706 1 0 1
801.329 -438.165 0 12.9125 -290.832 9995.76 0 2212 5707 1 0 1
-8.01088 95.3229 0 -47.3328 -831.389 9965.27 0 2212 5708 1 0 1
529.549 -203.094 0 309.665 -714.762 9969.62 0 2212 5709 1 0 1
-205.052 -140.327 0 -2.99115 570.835 9983.69 0 2212 5710 1 0 1
-787.981 -208.576 0 309.953 266.727 9991.64 0 2212 5711 1 0 1
235.65 -58.8964 0 -89.218 -14.7669 9999.59 0 2212 5712 1 0 1
74.6632 62.4743 0 13.1796 87.0889 9999.61 0 2212 5713 1 0 1
1262.96 98.6356 0 30.0279 -432.853 9990.58 0 2212 5714 1 0 1
289.373 283.736 0 -138.445 541.021 9984.39 0 2212 5715 1 0 1
-347.717 86.9787 0 97.7811 474.835 9988.24 0 2212 5716 1 0 1
-162.798 -6.65822 0 -109.432 -1.26387 9999.4 0 2212 5717 1 0 1
-26.3573 90.3088 0 -289.375 -610.053 9977.18 0 2212 5718 1 0 1
479.177 512.186 0 -141.204 46.7942 9998.89 0 2212 5719 1 0 1
535.997 -160.063 0 196.69 236.512 9995.27 0 2212 5720 1 0 1
105.175 -73.5642 0 -248.694 456.508 9986.48 0 2212 5721 1 0 1
241.646 -182.01 0 193.308 -66.6507 9997.91 0 2212 5722 1 0 1
117.39 -144.112 0 198.722 -71.0663 9997.77 0 2212 5723 1 0 1
48.2884 9.85998 0 -228.289 -490.48 9985.35 0 2212 5724 1 0 1
40.2027 -10.9398 0 -214.512 -332.297 9992.18 0 2212 5725 1 0 1
72.6184 -2.11483 0 362.084 522.611 9979.77 0 2212 5726 1 0 1
-29.4602 105.376 0 -155.112 116.605 9998.12 0 2212 5727 1 0 1
954.934 -40.1844 0 -134.579 -942.259 9954.6 0 2212 5728 1 0 1
142.481 51.2823 0 239.537 -86.9501 9996.75 0 2212 5729 1 0 1
882.847 -181.528 0 -23.433 -507.077 9987.11 0 2212 5730 1 0 1
-262.22 -38.3478 0 76.1821 570.966 9983.4 0 2212 5731 1 0 1
-529.241 -7.82922 0 43.0663 -881.998 9960.93 0 2212 5732 1 0 1
153.353 241.016 0 90.2039 -254.639 9996.35 0 2212 5733 1 0 1
-368.378 -116.865 0 -283.341 -345.195 9990.02 0 2212 5734 1 0 1
-608.847 -349.153 0 132.61 -403.559 9990.97 0 2212 5735 1 0 1
20.4813 75.5119 0 -68.6496 477.104 9988.38 0 2212 5736 1 0 1
-554.592 -3.82987 0 -264.913 -357.72 9990.09 0 2212 5737 1 0 1
-770.153 85.29 0 -14.8124 130.394 9999.14 0 2212 5738 1 0 1
358.427 -649.458 0 21.1906 131.786 9999.11 0 2212 5739 1 0 1
-1189.43 -404.693 0 -36.2351 496.123 9987.62 0 2212 5740 1 0 1
-611.352 -644.739 0 -20.8648 -299.348 9995.5 0 2212 5741 1 0 1
1220.62 237.774 0 172.584 219.407 9996.1 0 2212 5742 1 0 1
-520.895 -401.555 0 80.6083 -296.545 9995.28 0 2212 5743 1 0 1
-592.358 20.7675 0 -334.563 -174.782 9992.87 0 2212 5744 1 0 1
348.019 189.809 0 170.278 235.111 9995.79 0 2212 5745 1 0 1
-381.202 -94.3917 0 -154.779 -291.183 9994.56 0 2212 5746 1 0 1
396.807 -161.694 0 376.377 391.178 9985.26 0 2212 5747 1 0 1
123.607 419.243 0 -164.034 58.114 9998.49 0 2212 5748 1 0 1
1085.19 406.856 0 -39.3796 -643.274 9979.21 0 2212 5749 1 0 1
-707.433 -75.8807 0 -164.078 -75.2771 9998.37 0 2212 5750 1 0 1
-502.081 390.666 0 73.0335 -222.178 9997.26 0 2212 5751 1 0 1
-90.8946 51.4778 0 37.0286 86.7937 9999.55 0 2212 5752 1 0 1
-1172.16 -507.189 0 72.342 111.657 9999.11 0 2212 5753 1 0 1
-277.81 307.64 0 70.9598 -200.442 9997.74 0 2212 5754 1 0 1
270.621 -248.109 0 2.82151 -688.412 9976.28 0 2212 5755 1 0 1
-892.193 -123.16 0 -154.782 238.716 9995.95 0 2212 5756 1 0 1
501.002 166.373 0 60.7079 -318.352 9994.75 0 2212 5757 1 0 1
-698.831 -113.025 0 11.9129 -217.625 9997.62 0 2212 5758 1 0 1
30.5608 -271.228 0 -38.1692 -615.043 9981 0 2212 5759 1 0 1
91.5003 -46.655 0 -22.5028 330.306 9994.52 0 2212 5760 1 0 1
556.332 -56.5635 0 108.636 359.16 9992.96 0 2212 5761 1 0 1
-418.878 -40.8756 0 -240.062 -140.783 9996.13 0 2212 5762 1 0 1
-226.844 -298.858 0 -21.0343 415.189 9991.36 0 2212 5763 1 0 1
-597.513 -501.599 0 39.4391 -215.277 9997.6 0 2212 5764 1 0 1
-844.453 163.637 0 -10.4267 170.583 9998.54 0 2212 5765 1 0 1
75.1381 -244.806 0 -178.77 -162.189 9997.09 0 2212 5766 1 0 1
262.943 421.071 0 56.873 281.131 9995.89 0 2212 5767 1 0 1
-149.535 -172.406 0 -80.3076 220.139 9997.25 0 2212 5768 1 0 1
-227.486 -279.745 0 -185.922 97.583 9997.8 0 2212 5769 1 0 1
-352.195 -4.91617 0 6.70234 235.06 9997.23 0 2212 5770 1 0 1
1221.29 -38.896 0 -144.888 -52.3718 9998.81 0 2212 5771 1 0 1
781.467 394.428 0 -68.634 281.522 9995.8 0 2212 5772 1 0 1
-461.267 291.157 0 230.478 -304.475 9992.71 0 2212 5773 1 0 1
-4.28483 -569.628 0 -128.498 315.481 9994.2 0 2212 5774 1 0 1
-737.828 -301.423 0 -133.081 -673.531 9976.4 0 2212 5775 1 0 1
548.158 60.4323 0 259.021 269.325 9993.02 0 2212 5776 1 0 1
-643.04 758.3 0 195.582 138.46 9997.13 0 2212 5777 1 0 1
-834.061 124.769 0 272.656 46.8312 9996.17 0 2212 5778 1 0 1
366.526 -211.685 0 0.29552 -141.171 9999 0 2212 5779 1 0 1
-72.1885 336.594 0 21.3132 173.647 9998.47 0 2212 5780 1 0 1
164.239 -56.4197 0 -161.601 -5.33136 9998.69 0 2212 5781 1 0 1
538.958 -53.3368 0 496.39 331.576 9982.17 0 2212 5782 1 0 1
138.49 -51.6967 0 -35.0727 46.7188 9999.83 0 2212 5783 1 0 1
135.462 -34.644 0 -286.334 348.728 9989.81 0 2212 5784 1 0 1
277.393 282.026 0 59.8641 214.118 9997.53 0 2212 5785 1 0 1
-58.2269 434.235 0 -116.979 -365.829 9992.62 0 2212 5786 1 0 1
258.061 -409.109 0 81.4053 68.1913 9999.44 0 2212 5787 1 0 1
-222.614 75.4815 0 -79.5347 192.116 9997.84 0 2212 5788 1 0 1
420.31 217.142 0 116.562 -455.333 9988.95 0 2212 5789 1 0 1
39.3249 -286.046 0 -311.267 180.592 9993.52 0 2212 5790 1 0 1
55.987 -32.449 0 -45.7983 49.9986 9999.77 0 2212 5791 1 0 1
378.414 -146.273 0 -6.98862 -1023.54 9947.48 0 2212 5792 1 0 1
-805.713 8.82152 0 111.027 423.045 9990.43 0 2212 5793 1 0 1
184.152 -62.7233 0 325.081 347.57 9988.67 0 2212 5794 1 0 1
-672.197 325.737 0 -158.556 -289.437 9994.55 0 2212 5795 1 0 1
-72.8513 -371.251 0 78.5438 485.084 9987.92 0 2212 5796 1 0 1
-110.645 467.837 0 -18.2226 492.1 9987.87 0 2212 5797 1 0 1
2.83385 -236.018 0 -83.2017 570.648 9983.36 0 2212 5798 1 0 1
1349.15 639.541 0 -200.551 166.683 9996.6 0 2212 5799 1 0 1
-471.481 -588.504 0 -14.5984 -474.363 9988.73 0 2212 5800 1 0 1
32.2578 -170.938 0 -27.733 347.584 9993.92 0 2212 5801 1 0 1
-149.523 74.6371 0 -128.584 -106.714 9998.6 0 2212 5802 1 0 1
380.313 338.087 0 -158.628 -603.261 9980.53 0 2212 5803 1 0 1
271.63 -62.6948 0 16.4589 -729.506 9973.34 0 2212 5804 1 0 1
339.107 303.889 0 -39.2627 205.358 9997.81 0 2212 5805 1 0 1
-962.75 -72.8646 0 61.0355 386.253 9992.35 0 2212 5806 1 0 1
502.143 11.7688 0 -156.188 -413.081 9990.24 0 2212 5807 1 0 1
526.945 338.231 0 -36.0552 126.781 9999.13 0 2212 5808 1 0 1
-874.835 94.9014 0 108.365 199.549 9997.42 0 2212 5809 1 0 1
650.759 455.183 0 -86.6999 -496.369 9987.3 0 2212 5810 1 0 1
-908.395 -283.093 0 -132.932 -91.4494 9998.7 0 2212 5811 1 0 1
515.625 -549.708 0 -104.949 -123.715 9998.68 0 2212 5812 1 0 1
105.66 -156.901 0 -3.2721 -123.672 9999.23 0 2212 5813 1 0 1
-192.487 66.5863 0 -127.718 -633.271 9979.11 0 2212 5814 1 0 1
861.745 -18.0742 0 -148.338 -4.7404 9998.9 0 2212 5815 1 0 1
299.907 -22.9964 0 148.832 -480.035 9987.36 0 2212 5816 1 0 1
-1010.48 232.824 0 -154.001 125.146 9998.03 0 2212 5817 1 0 1
208.345 87.6765 0 -300.75 -399.82 9987.48 0 2212 5818 1 0 1
1370.69 340.978 0 287.388 269.547 9992.23 0 2212 5819 1 0 1
-68.3048 230.684 0 -56.5938 -397.748 9991.93 0 2212 5820 1 0 1
-94.8429 -305.552 0 -137.985 -688.387 9975.32 0 2212 5821 1 0 1
545.158 137.658 0 47.4884 -476.824 9988.51 0 2212 5822 1 0 1
433.122 -302.157 0 69.6835 82.091 9999.42 0 2212 5823 1 0 1
-503.634 -297.836 0 114.334 -160.761 9998.05 0 2212 5824 1 0 1
-223.789 -453.509 0 50.1584 406.738 9991.6 0 2212 5825 1 0 1
303.28 -72.3917 0 131.052 -148.08 9998.04 0 2212 5826 1 0 1
-356.29 30.2487 0 16.5795 -177.641 9998.41 0 2212 5827 1 0 1
-191.207 -367.536 0 -38.4591 -444.899 9990.02 0 2212 5828 1 0 1
-146.348 334.428 0 207.192 50.4195 9997.73 0 2212 5829 1 0 1
-46.6352 196.523 0 -160.256 100.255 9998.21 0 2212 5830 1 0 1
310.277 -17.0088 0 -97.1391 106.076 9998.97 0 2212 5831 1 0 1
456.528 -227.127 0 -53.2994 293.913 9995.54 0 2212 5832 1 0 1
-542.832 -480.101 0 -86.7091 224.842 9997.1 0 2212 5833 1 0 1
467.936 -318.828 0 76.5776 -196.396 9997.78 0 2212 5834 1 0 1
144.748 -19.4708 0 -70.2483 381.136 9992.49 0 2212 5835 1 0 1
-303.636 -35.2003 0 -165.164 -347.664 9992.59 0 2212 5836 1 0 1
-177.197 -123.905 0 386.698 161.64 9991.21 0 2212 5837 1 0 1
-969.851 260.464 0 -231.598 134.74 9996.41 0 2212 5838 1 0 1
564.925 -94.018 0 -267.054 -72.8042 9996.17 0 2212 5839 1 0 1
-425.103 -151.538 0 68.9245 -579.203 9982.97 0 2212 5840 1 0 1
759.574 -49.995 0 -175.456 -137.398 9997.52 0 2212 5841 1 0 1
-1249.05 216.803 0 -21.3382 239.978 9997.1 0 2212 5842 1 0 1
-166.697 -167.897 0 -249.842 -527.94 9982.93 0 2212 5843 1 0 1
-508.484 -170.163 0 148.992 429.644 9989.66 0 2212 5844 1 0 1
1134.39 33.2655 0 108.586 37.3293 9999.34 0 2212 5845 1 0 1
580.646 284.363 0 144.713 426.388 9989.86 0 2212 5846 1 0 1
-23.6407 -437.792 0 -278.337 -459.666 9985.55 0 2212 5847 1 0 1
922.445 99.1736 0 -359.484 54.3858 9993.39 0 2212 5848 1 0 1
-237.462 -110.31 0 -51.7737 510.4 9986.83 0 2212 5849 1 0 1
220.258 260.784 0 206.009 -767.372 9968.39 0 2212 5850 1 0 1
4.70621 390.244 0 166.816 -547.663 9983.6 0 2212 5851 1 0 1
-1132.37 -87.2194 0 -240.425 94.3133 9996.66 0 2212 5852 1 0 1
235.01 -247.265 0 -43.5471 1001.25 9949.65 0 2212 5853 1 0 1
277.751 -54.0084 0 143.89 -533.199 9984.74 0 2212 5854 1 0 1
-659.925 -5.88844 0 222.519 -91.3729 9997.11 0 2212 5855 1 0 1
991.338 -167.035 0 -63.8719 -321.115 9994.64 0 2212 5856 1 0 1
-1231.23 -260.597 0 75.7791 -667.8 9977.39 0 2212 5857 1 0 1
-234.283 25.5558 0 17.2145 -15.1873 9999.97 0 2212 5858 1 0 1
111.854 -54.4931 0 -158.766 388.133 9991.2 0 2212 5859 1 0 1
485.992 76.2074 0 86.2506 -430.561 9990.35 0 2212 5860 1 0 1
599.295 -160.001 0 37.9046 -884.94 9960.69 0 2212 5861 1 0 1
429.083 257.54 0 -157.276 -85.1236 9998.4 0 2212 5862 1 0 1
-350.42 -6.11721 0 -117.908 -380.347 9992.07 0 2212 5863 1 0 1
295.574 -334.826 0 93.949 -109.679 9998.96 0 2212 5864 1 0 1
69.6247 8.35167 0 53.8291 863.793 9962.48 0 2212 5865 1 0 1
-906.801 214.401 0 -22.8199 223.515 9997.48 0 2212 5866 1 0 1
59.8523 -46.6171 0 -106.347 360.698 9992.93 0 2212 5867 1 0 1
-411.685 -343.984 0 326.44 -476.257 9983.32 0 2212 5868 1 0 1
-707.871 165.645 0 -103.025 -855.706 9962.79 0 2212 5869 1 0 1
671.116 251.74 0 -173.161 669.061 9976.09 0 2212 5870 1 0 1
-308.708 149.735 0 350.668 -226.759 9991.28 0 2212 5871 1 0 1
-113.721 27.2926 0 152.951 651.508 9977.58 0 2212 5872 1 0 1
766.297 -2.30271 0 -301.506 -423.092 9986.5 0 2212 5873 1 0 1
-102.51 -44.9841 0 45.3625 -289.564 9995.7 0 2212 5874 1 0 1
792.044 138.449 0 18.8394 224.997 9997.45 0 2212 5875 1 0 1
162.165 -46.7167 0 167.838 25.6174 9998.56 0 2212 5876 1 0 1
-985.882 410.802 0 -19.8023 161.554 9998.68 0 2212 5877 1 0 1
-465.087 159.063 0 -77.4158 119.085 9998.99 0 2212 5878 1 0 1
-193.414 -249.854 0 289.304 -132.817 9994.93 0 2212 5879 1 0 1
1341.2 -291.963 0 213.09 18.7523 9997.71 0 2212 5880 1 0 1
278.478 -183.52 0 209.866 201.128 9995.77 0 2212 5881 1 0 1
648.336 25.4699 0 90.7947 -266.847 9996.03 0 2212 5882 1 0 1
-83.926 -314.419 0 40.4294 -201.155 9997.89 0 2212 5883 1 0 1
-543.953 -5.38988 0 -50.9241 116.547 9999.19 0 2212 5884 1 0 1
-635.66 -246.031 0 36.7036 -209.645 9997.73 0 2212 5885 1 0 1
391.713 198.781 0 -422.516 173.248 9989.57 0 2212 5886 1 0 1
1055.78 228.238 0 -169.7 316.532 9993.55 0 2212 5887 1 0 1
274.112 281.752 0 50.8757 -485.745 9988.07 0 2212 5888 1 0 1
557.503 275.738 0 -67.5064 300.043 9995.27 0 2212 5889 1 0 1
-104.674 -139.799 0 -162.577 323.292 9993.45 0 2212 5890 1 0 1
-467.678 -253.602 0 178.164 280.865 9994.47 0 2212 5891 1 0 1
707.263 475.504 0 272.244 130.002 9995.45 0 2212 5892 1 0 1
282.513 -467.665 0 199.264 595.204 9980.28 0 2212 5893 1 0 1
89.4479 -62.862 0 189.857 -1125.25 9934.68 0 2212 5894 1 0 1
-147.547 320.565 0 363.481 -505.909 9980.58 0 2212 5895 1 0 1
-180.827 -93.9175 0 8.02187 103.732 9999.46 0 2212 5896 1 0 1
-277.951 -44.5617 0 -68.1615 -232.493 9997.06 0 2212 5897 1 0 1
-224.74 356.276 0 -22.2441 347.163 9993.95 0 2212 5898 1 0 1
324.995 10.5656 0 -53.243 -153.67 9998.68 0 2212 5899 1 0 1
-924.237 -107.564 0 -10.591 455.972 9989.59 0 2212 5900 1 0 1
53.8989 330.608 0 -145.934 523.747 9985.21 0 2212 5901 1 0 1
102.534 -155.718 0 -203.64 -159.028 9996.66 0 2212 5902 1 0 1
-279.55 518.468 0 85.8528 311.573 9994.78 0 2212 5903 1 0 1
-12.6701 124.65 0 142.339 -603.266 9980.77 0 2212 5904 1 0 1
-284.106 -180.233 0 64.1143 -121.226 9999.06 0 2212 5905 1 0 1
1049 -139.102 0 150.641 835.032 9963.94 0 2212 5906 1 0 1
235.208 142.859 0 172.229 212.289 9996.26 0 2212 5907 1 0 1
-19.367 42.8205 0 221.734 227.891 9994.94 0 2212 5908 1 0 1
446.832 -454.728 0 -69.472 475.412 9988.45 0 2212 5909 1 0 1
-138.326 -202.425 0 145.588 -783.864 9968.17 0 2212 5910 1 0 1
-101.617 386.331 0 127.731 -462.048 9988.5 0 2212 5911 1 0 1
-1002.05 56.4166 0 8.2478 -152.098 9998.84 0 2212 5912 1 0 1
1008.58 -48.9417 0 63.5216 -6.21536 9999.8 0 2212 5913 1 0 1
-552.309 -72.1926 0 -141.522 -641.63 9978.39 0 2212 5914 1 0 1
-183.84 -284.51 0 143.282 530.271 9984.9 0 2212 5915 1 0 1
161.452 -9.99671 0 -61.2322 21.9335 9999.79 0 2212 5916 1 0 1
449.044 58.9505 0 -68.2682 5.79359 9999.77 0 2212 5917 1 0 1
90.8594 507.002 0 -51.6548 49.5964 9999.74 0 2212 5918 1 0 1
505.707 294.173 0 -144.066 -65.9411 9998.74 0 2212 5919 1 0 1
-115.153 -82.9423 0 -240.119 262.33 9993.67 0 2212 5920 1 0 1
654.396 579.173 0 128.367 -146.458 9998.1 0 2212 5921 1 0 1
25.1304 380.047 0 -350.354 -71.8558 9993.6 0 2212 5922 1 0 1
-671.889 -111.588 0 64.8712 129.454 9998.95 0 2212 5923 1 0 1
-137.989 267.286 0 269.46 35.9333 9996.3 0 2212 5924 1 0 1
161.876 45.9131 0 -8.81456 756.015 9971.38 0 2212 5925 1 0 1
-375.52 142.053 0 113.599 -553.29 9984.04 0 2212 5926 1 0 1
-369.242 318.593 0 -135.628 414.276 9990.49 0 2212 5927 1 0 1
-109.541 346.519 0 53.4445 267.809 9996.27 0 2212 5928 1 0 1
546.252 59.9971 0 71.6482 492.599 9987.6 0 2212 5929 1 0 1
933.151 -23.1507 0 -14.4447 -33.7024 9999.93 0 2212 5930 1 0 1
1234.08 129.204 0 126.185 70.4632 9998.96 0 2212 5931 1 0 1
105.194 42.254 0 -403.156 9.27719 9991.87 0 2212 5932 1 0 1
-297.203 44.8675 0 97.3572 230.936 9996.86 0 2212 5933 1 0 1
-710.869 -45.139 0 -16.8384 -1363.27 9906.63 0 2212 5934 1 0 1
-377.493 33.0884 0 -179.87 -248.104 9995.3 0 2212 5935 1 0 1
210.59 406.175 0 -339.031 -464.914 9983.43 0 2212 5936 1 0 1
472.137 -188.739 0 -59.0722 -61.8539 9999.63 0 2212 5937 1 0 1
270.141 227.527 0 31.0698 233.908 9997.22 0 2212 5938 1 0 1
-261.662 -147.685 0 -83.7408 540.278 9985.04 0 2212 5939 1 0 1
133.779 112.252 0 241.762 600.086 9979.05 0 2212 5940 1 0 1
668.523 -254.743 0 -257.399 126.328 9995.89 0 2212 5941 1 0 1
193.718 -497.687 0 15.8459 -226.819 9997.41 0 2212 5942 1 0 1
-25.7367 -295.543 0 -186.697 516.272 9984.92 0 2212 5943 1 0 1
-698.446 -138.921 0 230.577 253.01 9994.14 0 2212 5944 1 0 1
-351.758 83.6953 0 48.704 -21.342 9999.86 0 2212 5945 1 0 1
-358.522 226.414 0 -321.853 -157.812 9993.57 0 2212 5946 1 0 1
153.571 -119.965 0 -70.0402 148.223 9998.66 0 2212 5947 1 0 1
-300.642 74.8619 0 -80.5392 -466.362 9988.79 0 2212 5948 1 0 1
-247.536 -73.599 0 -291.674 -29.7681 9995.7 0 2212 5949 1 0 1
-100.659 278.941 0 -32.9397 -262.481 9996.5 0 2212 5950 1 0 1
158.584 -74.1028 0 364.316 -159.364 9992.09 0 2212 5951 1 0 1
-248.865 -199.744 0 77.2438 415.12 9991.08 0 2212 5952 1 0 1
1546.39 -60.5638 0 133.149 -189.222 9997.32 0 2212 5953 1 0 1
-236.759 -240.57 0 1.80354 323.556 9994.76 0 2212 5954 1 0 1
506.537 -366.463 0 176.889 -27.3419 9998.4 0 2212 5955 1 0 1
-9.49292 -159.319 0 -62.4798 845.007 9964.04 0 2212 5956 1 0 1
810.127 -154.226 0 180.354 151.271 9997.23 0 2212 5957 1 0 1
-253.834 -16.0671 0 -377.643 92.9306 9992.43 0 2212 5958 1 0 1
-306.668 146.243 0 215.991 -1104.37 9936.48 0 2212 5959 1 0 1
-670.283 52.8488 0 150.243 717.097 9973.12 0 2212 5960 1 0 1
802.622 -187.695 0 -53.2269 -32.2441 9999.81 0 2212 5961 1 0 1
680.322 -23.3894 0 -87.4966 -624.997 9980.07 0 2212 5962 1 0 1
-174.453 334.008 0 176.888 -407.229 9990.14 0 2212 5963 1 0 1
131.442 -42.2665 0 222.369 -81.5542 9997.19 0 2212 5964 1 0 1
317.108 -79.6283 0 -318.283 -940.549 9950.58 0 2212 5965 1 0 1
-602.393 -105.403 0 63.1807 -152.095 9998.64 0 2212 5966 1 0 1
-59.4423 -17.961 0 -53.733 -228.66 9997.24 0 2212 5967 1 0 1
520.092 72.8498 0 255.28 -150.109 9995.61 0 2212 5968 1 0 1
-370.659 -331.864 0 -39.8479 -998.557 9949.94 0 2212 5969 1 0 1
124.692 31.6824 0 302.266 372.723 9988.48 0 2212 5970 1 0 1
1433.26 157.227 0 9.58812 -576.578 9983.36 0 2212 5971 1 0 1
623.432 -414.981 0 90.9609 220.391 9997.16 0 2212 5972 1 0 1
-95.2409 269.372 0 -3.81759 820.296 9966.3 0 2212 5973 1 0 1
242.529 52.8059 0 69.5539 -106.088 9999.2 0 2212 5974 1 0 1
77.6003 -96.2821 0 48.887 -287.682 9995.74 0 2212 5975 1 0 1
-179.712 -294.668 0 215.72 41.5404 9997.59 0 2212 5976 1 0 1
767.302 -159.446 0 -187.157 79.9862 9997.93 0 2212 5977 1 0 1
-404.053 -184.445 0 -132.953 -254.132 9995.89 0 2212 5978 1 0 1
-694.176 153.484 0 49.8544 598.868 9981.93 0 2212 5979 1 0 1
-215.534 81.7689 0 142.345 177.232 9997.42 0 2212 5980 1 0 1
-1062.72 253.665 0 -0.924514 -678.784 9976.94 0 2212 5981 1 0 1
163.031 -145.058 0 101.564 -24.6311 9999.45 0 2212 5982 1 0 1
80.7052 222.43 0 26.0122 -353.704 9993.71 0 2212 5983 1 0 1
-168.761 -165.908 0 52.711 245.595 9996.84 0 2212 5984 1 0 1
-1143.79 144.151 0 -80.3117 289.357 9995.49 0 2212 5985 1 0 1
104.741 -221.211 0 -291.973 895.806 9955.52 0 2212 5986 1 0 1
221.041 396.773 0 158.364 25.6496 9998.71 0 2212 5987 1 0 1
-265.432 101.635 0 95.7884 4.32194 9999.54 0 2212 5988 1 0 1
598.456 86.1513 0 -158.894 603.246 9980.52 0 2212 5989 1 0 1
-654.169 195.157 0 -119.534 441.391 9989.54 0 2212 5990 1 0 1
353.292 -343.295 0 -143.02 -883.189 9959.9 0 2212 5991 1 0 1
697.628 -51.9465 0 245.531 -743.856 9969.27 0 2212 5992 1 0 1
-41.1428 -128.012 0 -13.0266 83.9337 9999.64 0 2212 5993 1 0 1
-724.244 -45.1387 0 43.9841 -18.1122 9999.89 0 2212 5994 1 0 1
-428.477 -272.821 0 -55.9336 217.689 9997.47 0 2212 5995 1 0 1
610.364 -62.5351 0 -33.0424 -758.776 9971.12 0 2212 5996 1 0 1
-626.723 -279.878 0 78.5102 -246.969 9996.64 0 2212 5997 1 0 1
924.181 47.0656 0 20.4738 715.767 9974.33 0 2212 5998 1 0 1
451.274 -269.918 0 329.409 339.201 9988.82 0 2212 5999 1 0 1
-350.906 -67.2553 0 -140.568 -84.9325 9998.65 0 2212 6000 1 0 1
303.358 -88.9221 0 35.6692 315.13 9994.97 0 2212 6001 1 0 1
566.226 166.282 0 -223.652 266.811 9993.94 0 2212 6002 1 0 1
-531.958 269.836 0 -71.6103 -60.1728 9999.56 0 2212 6003 1 0 1
-502.315 34.8487 0 -50.8021 103.35 9999.34 0 2212 6004 1 0 1
-853.474 36.3733 0 170.249 100.684 9998.04 0 2212 6005 1 0 1
17.1819 -28.8601 0 291.996 -306.645 9991.03 0 2212 6006 1 0 1
-529.874 -153.861 0 -272.843 274.594 9992.5 0 2212 6007 1 0 1
533.104 243.468 0 81.4653 34.799 9999.61 0 2212 6008 1 0 1
-63.123 -114.741 0 -5.47547 211.916 9997.75 0 2212 6009 1 0 1
-667.135 -42.5035 0 82.2054 -66.9154 9999.44 0 2212 6010 1 0 1
-582.876 152.43 0 -92.4567 468.193 9988.61 0 2212 6011 1 0 1
301.523 -0.898086 0 -111.265 -85.4328 9999.02 0 2212 6012 1 0 1
562.925 -302.746 0 228.544 -490.67 9985.34 0 2212 6013 1 0 1
-42.2264 -330.017 0 7.67036 180.257 9998.37 0 2212 6014 1 0 1
-795.283 -87.9251 0 6.91971 -287.328 9995.87 0 2212 6015 1 0 1
-209.925 -247.955 0 40.2041 -82.1189 9999.58 0 2212 6016 1 0 1
673.122 -203.338 0 50.5585 4.12403 9999.87 0 2212 6017 1 0 1
-638.553 -319.367 0 -168.493 132.406 9997.7 0 2212 6018 1 0 1
-98.9595 -279.499 0 124.181 806.786 9966.63 0 2212 6019 1 0 1
604.645 71.8066 0 -140.739 -470.456 9987.94 0 2212 6020 1 0 1
-48.4478 -223.901 0 -131.942 -564.498 9983.18 0 2212 6021 1 0 1
-428.722 316.71 0 -53.3618 563.405 9983.97 0 2212 6022 1 0 1
-66.1696 -283.986 0 25.4225 -786.654 9968.98 0 2212 6023 1 0 1
-233.216 51.7488 0 -80.1913 -239.251 9996.82 0 2212 6024 1 0 1
-10.5901 -42.2013 0 -108.657 153.066 9998.24 0 2212 6025 1 0 1
-1022.33 -511.474 0 124.43 266.081 9995.68 0 2212 6026 1 0 1
431.06 -285.425 0 -67.3083 -279.089 9995.88 0 2212 6027 1 0 1
697.938 -309.573 0 -8.87816 -57.1452 9999.83 0 2212 6028 1 0 1
171.037 34.1773 0 75.5442 -514.757 9986.46 0 2212 6029 1 0 1
121.861 -356.397 0 24.8696 -653.827 9978.57 0 2212 6030 1 0 1
490.629 -75.6282 0 -189.693 -42.8128 9998.11 0 2212 6031 1 0 1
-673.856 -313.87 0 124.778 -429.493 9989.99 0 2212 6032 1 0 1
707.256 37.32 0 -24.787 -130.349 9999.12 0 2212 6033 1 0 1
-384.776 -23.6317 0 34.8327 -193.183 9998.07 0 2212 6034 1 0 1
393.578 -48.3348 0 352.597 -409.469 9985.39 0 2212 6035 1 0 1
95.1543 -75.6677 0 6.14262 -24.2864 9999.97 0 2212 6036 1 0 1
378.906 366.821 0 -48.0243 -831.4 9965.26 0 2212 6037 1 0 1
-247.324 381.263 0 10.6715 474.721 9988.72 0 2212 6038 1 0 1
-355.133 -109.762 0 -265.427 -3.03184 9996.48 0 2212 6039 1 0 1
592.811 531.508 0 411.517 -85.9207 9991.16 0 2212 6040 1 0 1
140.772 -31.1074 0 -176.078 -184.756 9996.74 0 2212 6041 1 0 1
73.3316 -265.473 0 -374.105 734.211 9965.99 0 2212 6042 1 0 1
-338.238 -420.467 0 20.7056 84.9647 9999.62 0 2212 6043 1 0 1
105.65 -160.656 0 265.476 1057.27 9940.41 0 2212 6044 1 0 1
255.825 228.009 0 -49.0726 636.087 9979.63 0 2212 6045 1 0 1
783.259 514.327 0 29.1812 37.1722 9999.89 0 2212 6046 1 0 1
371.279 -68.5547 0 -293.082 -743.383 9968.02 0 2212 6047 1 0 1
-225.842 171.957 0 -506.904 905.414 9946.02 0 2212 6048 1 0 1
185.862 48.6703 0 171.794 -200.291 9996.52 0 2212 6049 1 0 1
1073.6 -317.01 0 24.7181 -310.644 9995.14 0 2212 6050 1 0 1
122.23 -93.0005 0 160.138 850.61 9962.47 0 2212 6051 1 0 1
615.084 -95.3077 0 -3.36367 119.233 9999.29 0 2212 6052 1 0 1
530.04 149.342 0 -8.17116 -189.056 9998.21 0 2212 6053 1 0 1
243.676 6.32659 0 -209.499 -515.625 9984.5 0 2212 6054 1 0 1
-619.127 110.231 0 -27.1917 -112.254 9999.33 0 2212 6055 1 0 1
-551.96 -444.153 0 -248.865 -521.472 9983.29 0 2212 6056 1 0 1
170.107 -175.257 0 139.138 924.027 9956.25 0 2212 6057 1 0 1
-327.884 -124.822 0 83.7134 105.431 9999.09 0 2212 6058 1 0 1
793.868 -31.7804 0 -60.4353 185.641 9998.09 0 2212 6059 1 0 1
-359.344 429.631 0 63.215 526.157 9985.95 0 2212 6060 1 0 1
-225.359 293.015 0 -33.8012 -427.739 9990.79 0 2212 6061 1 0 1
422.321 139.923 0 67.0572 -652.091 9978.49 0 2212 6062 1 0 1
630.413 -246.313 0 102.606 340.049 9993.69 0 2212 6063 1 0 1
-374.188 20.1309 0 -43.7513 437.835 9990.31 0 2212 6064 1 0 1
345.104 22.6294 0 2.48966 -28.8208 9999.96 0 2212 6065 1 0 1
88.7783 -9.68174 0 -220.748 -128.922 9996.73 0 2212 6066 1 0 1
629.276 -144.108 0 -161.75 -475.199 9987.39 0 2212 6067 1 0 1
144.85 74.1913 0 -57.1105 -280.807 9995.89 0 2212 6068 1 0 1
-200.552 118.49 0 -28.7169 -565.1 9983.98 0 2212 6069 1 0 1
-201.976 -151.729 0 -6.66207 -446.992 9990 0 2212 6070 1 0 1
-1350.24 49.2811 0 159.85 73.8454 9998.45 0 2212 6071 1 0 1
-295.889 -17.4135 0 267.107 -106.119 9995.87 0 2212 6072 1 0 1
1253.25 158.485 0 0.324345 513.987 9986.78 0 2212 6073 1 0 1
877.593 -34.0084 0 -344.94 -122.59 9993.3 0 2212 6074 1 0 1
-1064.27 -163.038 0 -158.135 423.499 9989.78 0 2212 6075 1 0 1
661.802 445.181 0 -111.445 -389.246 9991.8 0 2212 6076 1 0 1
31.2144 129.228 0 -55.2397 73.1498 9999.58 0 2212 6077 1 0 1
-68.4438 -98.1654 0 146.226 -315.552 9993.95 0 2212 6078 1 0 1
110.586 -172.896 0 -303.596 -366.343 9988.67 0 2212 6079 1 0 1
-280.932 -34.64 0 222.49 74.5577 9997.25 0 2212 6080 1 0 1
148.471 149.624 0 65.0827 -240.238 9996.9 0 2212 6081 1 0 1
-893.77 160.391 0 120.232 -212.4 9997.02 0 2212 6082 1 0 1
-259.982 302.736 0 76.5424 15.3789 9999.7 0 2212 6083 1 0 1
83.2036 -244.15 0 156.832 -415.48 9990.13 0 2212 6084 1 0 1
-917.937 -144.732 0 -211.791 41.2377 9997.67 0 2212 6085 1 0 1
-630.308 384.69 0 -27.7444 -275.902 9996.15 0 2212 6086 1 0 1
-622.33 -234.263 0 -173.89 470.949 9987.39 0 2212 6087 1 0 1
442.019 -35.4361 0 229.321 1117.72 9934.69 0 2212 6088 1 0 1
-589.837 405.765 0 -165.379 463.891 9987.87 0 2212 6089 1 0 1
-372.96 -58.0722 0 -199.815 399.943 9990 0 2212 6090 1 0 1
-5.76694 24.0148 0 -198.877 -454.906 9987.67 0 2212 6091 1 0 1
-129.847 -53.4762 0 -151.674 528.323 9984.88 0 2212 6092 1 0 1
734.33 -320.95 0 -146.955 619.749 9979.7 0 2212 6093 1 0 1
-77.5368 -239.793 0 119.637 4.63006 9999.28 0 2212 6094 1 0 1
48.8194 407.248 0 9.02996 267.318 9996.42 0 2212 6095 1 0 1
194.387 -87.3266 0 -268.012 476.804 9985.03 0 2212 6096 1 0 1
-338.118 119.163 0 324.997 117.04 9994.03 0 2212 6097 1 0 1
1029.61 314.719 0 49.5081 -113.025 9999.24 0 2212 6098 1 0 1
-1077.96 -137.751 0 -23.231 -203.872 9997.89 0 2212 6099 1 0 1
-1365.05 -41.6 0 -476.986 315.991 9983.62 0 2212 6100 1 0 1
-117.611 -105.877 0 86.5093 167.194 9998.23 0 2212 6101 1 0 1
682.781 -12.0922 0 -87.1565 472.04 9988.47 0 2212 6102 1 0 1
-319.811 -152.553 0 225.691 277.491 9993.6 0 2212 6103 1 0 1
397.308 143.292 0 206.999 -773.938 9967.86 0 2212 6104 1 0 1
126.282 228.59 0 -356.174 -182.942 9991.98 0 2212 6105 1 0 1
269.274 -98.9385 0 -111.468 -539.448 9984.82 0 2212 6106 1 0 1
16.8114 259.787 0 -131.774 -396.723 9991.26 0 2212 6107 1 0 1
-273.62 -107.183 0 87.2776 301.728 9995.07 0 2212 6108 1 0 1
65.3689 212.695 0 -159.282 171.288 9997.26 0 2212 6109 1 0 1
826.413 416.904 0 398.25 -50.7692 9991.94 0 2212 6110 1 0 1
-74.283 -279.959 0 25.2169 -500.1 9987.46 0 2212 6111 1 0 1
-80.9962 -160.832 0 -266.529 -293.238 9992.15 0 2212 6112 1 0 1
-439.779 -7.36112 0 180.441 -53.1471 9998.23 0 2212 6113 1 0 1
392.101 -197.644 0 -92.3639 345.052 9993.62 0 2212 6114 1 0 1
789.172 379.228 0 -88.9596 190.642 9997.79 0 2212 6115 1 0 1
781.808 139.58 0 -227.178 -438.966 9987.78 0 2212 6116 1 0 1
251.782 187.006 0 150.899 -326.367 9993.53 0 2212 6117 1 0 1
-334.875 215.837 0 26.2368 -301.737 9995.41 0 2212 6118 1 0 1
-778.136 -291.35 0 155.928 133.154 9997.9 0 2212 6119 1 0 1
-1001.76 -169.83 0 -164.531 33.4246 9998.59 0 2212 6120 1 0 1
450.605 125.606 0 -63.5825 284.796 9995.74 0 2212 6121 1 0 1
979.804 -107.494 0 -271.521 489.524 9984.32 0 2212 6122 1 0 1
-408.455 -147.449 0 86.9264 -182.183 9997.96 0 2212 6123 1 0 1
-46.9126 -17.9363 0 -205.635 150.167 9996.76 0 2212 6124 1 0 1
208.74 382.967 0 -72.6463 575.777 9983.15 0 2212 6125 1 0 1
-248.042 592.496 0 28.6118 315.521 9994.98 0 2212 6126 1 0 1
213.762 -320.271 0 -137.83 339.055 9993.3 0 2212 6127 1 0 1
15.4376 13.8592 0 341.562 -36.2443 9994.1 0 2212 6128 1 0 1
711.913 35.3074 0 9.34928 339.067 9994.25 0 2212 6129 1 0 1
-572.531 -177.268 0 69.2484 316.603 9994.75 0 2212 6130 1 0 1
73.0187 -10.2932 0 57.8901 204.675 9997.74 0 2212 6131 1 0 1
645.382 -18.9639 0 -30.3256 92.8774 9999.52 0 2212 6132 1 0 1
129.521 58.8108 0 109.264 -75.6718 9999.12 0 2212 6133 1 0 1
-255.116 77.8187 0 77.8404 -424.455 9990.68 0 2212 6134 1 0 1
-12.5556 -312.124 0 -101.051 -544.804 9984.64 0 2212 6135 1 0 1
-238.554 -120.151 0 117.288 -552.974 9984.01 0 2212 6136 1 0 1
432.363 156.478 0 153.246 378.907 9991.64 0 2212 6137 1 0 1
-399.824 -61.9272 0 -200.462 245.67 9994.97 0 2212 6138 1 0 1
-1066.2 140.356 0 -125.892 48.1302 9999.09 0 2212 6139 1 0 1
-203.389 -280.486 0 -139.455 8.118 9999.02 0 2212 6140 1 0 1
-697.816 -9.43318 0 40.8523 -115.71 9999.25 0 2212 6141 1 0 1
491.415 -97.5135 0 -24.3104 -776.137 9969.81 0 2212 6142 1 0 1
287.614 -132.719 0 -157.968 -684.39 9975.3 0 2212 6143 1 0 1
693.114 120.995 0 176.548 -170.468 9996.99 0 2212 6144 1 0 1
794.077 -90.117 0 -49.4722 -260.281 9996.49 0 2212 6145 1 0 1
-37.6268 -113.678 0 57.0989 60.8795 9999.65 0 2212 6146 1 0 1
504.404 441.157 0 333.105 101.417 9993.94 0 2212 6147 1 0 1
-640.13 135.647 0 213.365 277.126 9993.88 0 2212 6148 1 0 1
-946.751 26.2659 0 -27.4727 162.28 9998.65 0 2212 6149 1 0 1
250.525 -86.373 0 11.6804 -473.452 9988.78 0 2212 6150 1 0 1
560.858 -478.757 0 -17.7929 192.533 9998.13 0 2212 6151 1 0 1
105.857 387.105 0 -239.957 -863.43 9959.76 0 2212 6152 1 0 1
-472.465 152.861 0 -26.0929 344.753 9994.02 0 2212 6153 1 0 1
-224.116 71.6731 0 160.895 -481.195 9987.12 0 2212 6154 1 0 1
148.852 -407.442 0 46.8379 41.1254 9999.81 0 2212 6155 1 0 1
438.341 -152.241 0 212.637 160.702 9996.45 0 2212 6156 1 0 1
175.795 156.51 0 55.408 459.002 9989.31 0 2212 6157 1 0 1
518.62 -6.2072 0 56.7238 -206.455 9997.71 0 2212 6158 1 0 1
619.524 26.5356 0 -218.641 -44.5696 9997.51 0 2212 6159 1 0 1
-382.093 287.809 0 152.464 30.0352 9998.79 0 2212 6160 1 0 1
-231.334 -266.657 0 -17.3038 -160.335 9998.7 0 2212 6161 1 0 1
-527.256 -20.6765 0 201.487 -360.649 9991.46 0 2212 6162 1 0 1
-213.271 36.9125 0 119.947 672.157 9976.66 0 2212 6163 1 0 1
168.715 88.8017 0 -173.498 737.405 9971.27 0 2212 6164 1 0 1
-208.223 -37.9442 0 -296.751 550.01 9980.45 0 2212 6165 1 0 1
293.871 42.0021 0 291.295 19.233 9995.74 0 2212 6166 1 0 1
-50.8894 -112.822 0 -341.587 179.469 9992.55 0 2212 6167 1 0 1
-256.701 21.8896 0 -188.501 105.297 9997.67 0 2212 6168 1 0 1
-23.8681 296.256 0 -22.4062 64.9629 9999.76 0 2212 6169 1 0 1
119.813 -194.124 0 258.494 -85.628 9996.29 0 2212 6170 1 0 1
312.907 59.2222 0 -405.424 204.48 9989.69 0 2212 6171 1 0 1
-580.928 48.1117 0 64.233 357.881 9993.39 0 2212 6172 1 0 1
-870.617 -196.116 0 21.7999 -151.044 9998.84 0 2212 6173 1 0 1
-327.907 229.135 0 105.136 -181.18 9997.81 0 2212 6174 1 0 1
226.282 -190.357 0 -237.101 -760.739 9968.2 0 2212 6175 1 0 1
-193.052 -343.459 0 -268.093 992.61 9947 0 2212 6176 1 0 1
676.937 395.978 0 109.075 29.0437 9999.36 0 2212 6177 1 0 1
-468.27 -21.2275 0 75.3636 -381.567 9992.43 0 2212 6178 1 0 1
-227.499 41.1846 0 59.4038 906.654 9958.64 0 2212 6179 1 0 1
143.354 83.1339 0 332.18 10.0225 9994.48 0 2212 6180 1 0 1
775.577 -272.74 0 -4.29387 21.9694 9999.97 0 2212 6181 1 0 1
-113.253 149.923 0 128.421 160.645 9997.88 0 2212 6182 1 0 1
695.179 -233.033 0 83.8182 -113.986 9999 0 2212 6183 1 0 1
-1061.69 153.055 0 -155.885 168.032 9997.37 0 2212 6184 1 0 1
210.124 13.1257 0 -332.696 359.957 9987.98 0 2212 6185 1 0 1
-598.789 -217.449 0 252.161 -277.46 9992.97 0 2212 6186 1 0 1
270.937 115.107 0 -448.137 -225.291 9987.41 0 2212 6187 1 0 1
362.171 -54.6134 0 60.155 261.621 9996.4 0 2212 6188 1 0 1
-121.938 -277.707 0 -187.818 205.194 9996.13 0 2212 6189 1 0 1
-306.296 -151.569 0 -142.14 -404.996 9990.78 0 2212 6190 1 0 1
215.499 69.8568 0 -44.8533 -608.769 9981.35 0 2212 6191 1 0 1
406.234 234.076 0 288.81 -25.3431 9995.8 0 2212 6192 1 0 1
527.583 259.741 0 186.49 425.896 9989.19 0 2212 6193 1 0 1
151.584 -22.4238 0 245.23 42.8035 9996.9 0 2212 6194 1 0 1
963.964 35.9905 0 -118.905 574.297 9982.79 0 2212 6195 1 0 1
-97.7572 236.086 0 -36.4259 -204.9 9997.83 0 2212 6196 1 0 1
502.186 296.308 0 53.7675 184.768 9998.15 0 2212 6197 1 0 1
544.266 -36.2047 0 283.774 -712.509 9970.55 0 2212 6198 1 0 1
735.929 233.054 0 -201.545 146.096 9996.9 0 2212 6199 1 0 1
-376.589 596.649 0 -105.181 -122.331 9998.7 0 2212 6200 1 0 1
599.648 -77.9365 0 67.6185 612.026 9981.02 0 2212 6201 1 0 1
156.619 -101.561 0 32.2608 547.425 9984.95 0 2212 6202 1 0 1
-522.61 -679.34 0 137.728 148.691 9997.95 0 2212 6203 1 0 1
-226.711 77.9328 0 57.2845 24.8049 9999.81 0 2212 6204 1 0 1
-351.222 20.049 0 302.153 528.774 9981.44 0 2212 6205 1 0 1
407.209 436.294 0 67.2519 467.967 9988.82 0 2212 6206 1 0 1
714.425 188.25 0 35.1239 444.258 9990.07 0 2212 6207 1 0 1
354.095 -34.9811 0 160.536 130.607 9997.86 0 2212 6208 1 0 1
995.954 -23.3225 0 105.858 -54.534 9999.29 0 2212 6209 1 0 1
-463.72 -78.3757 0 60.0052 -433.484 9990.42 0 2212 6210 1 0 1
-684.726 585.098 0 -139.01 768.242 9969.48 0 2212 6211 1 0 1
-549.52 -293.069 0 363.88 -198.768 9991.4 0 2212 6212 1 0 1
826.782 -12.8193 0 141.717 -605.485 9980.65 0 2212 6213 1 0 1
109.147 -61.8269 0 -157.969 146.735 9997.68 0 2212 6214 1 0 1
-949.72 151.037 0 -207.607 -176.013 9996.3 0 2212 6215 1 0 1
420.079 263.726 0 79.4185 110.855 9999.07 0 2212 6216 1 0 1
624.067 84.1873 0 35.7877 -189.096 9998.15 0 2212 6217 1 0 1
-325.279 144.97 0 36.8001 -343.791 9994.02 0 2212 6218 1 0 1
-940.891 112.935 0 -202.162 121.459 9997.22 0 2212 6219 1 0 1
-226.548 98.8767 0 -75.622 46.0776 9999.61 0 2212 6220 1 0 1
0.837298 334.172 0 -100.163 -255.839 9996.22 0 2212 6221 1 0 1
559.848 -326.235 0 200.149 561.136 9982.24 0 2212 6222 1 0 1
-610.829 -121.627 0 -99.2965 -412.998 9990.97 0 2212 6223 1 0 1
-94.6009 500.351 0 407.201 -346.163 9985.71 0 2212 6224 1 0 1
-837.441 -38.7167 0 94.1406 75.1796 9999.27 0 2212 6225 1 0 1
-160.829 -187.162 0 105.102 -46.8471 9999.34 0 2212 6226 1 0 1
259.705 -350.447 0 271.725 117.568 9995.62 0 2212 6227 1 0 1
-309.402 237.443 0 -20.057 368.58 9993.19 0 2212 6228 1 0 1
-71.3503 249.273 0 -89.2602 -12.7214 9999.59 0 2212 6229 1 0 1
-664.67 178.541 0 71.4722 -1084.74 9940.74 0 2212 6230 1 0 1
-560.703 530.845 0 -222.225 1114.61 9935.2 0 2212 6231 1 0 1
-1007.7 38.6841 0 -42.5486 265.447 9996.39 0 2212 6232 1 0 1
643.688 370.411 0 229.561 573.358 9980.91 0 2212 6233 1 0 1
396.266 -181.346 0 -274.112 -529.192 9982.23 0 2212 6234 1 0 1
-589.521 -379.046 0 150.9 -134.103 9997.96 0 2212 6235 1 0 1
-396.403 525.794 0 148.881 -411.942 9990.4 0 2212 6236 1 0 1
611.381 -424.281 0 62.4053 270.868 9996.14 0 2212 6237 1 0 1
-229.544 -193.515 0 6.71805 -525.245 9986.19 0 2212 6238 1 0 1
416.513 -186.101 0 52.1386 -194.419 9997.97 0 2212 6239 1 0 1
-1111.98 41.438 0 -105.617 8.23037 9999.44 0 2212 6240 1 0 1
79.2066 -245.266 0 41.4493 -271.61 9996.22 0 2212 6241 1 0 1
1033.64 73.6 0 269.312 404.585 9988.18 0 2212 6242 1 0 1
760.579 457.805 0 -102.903 -1093.93 9939.45 0 2212 6243 1 0 1
1052.41 157.341 0 182.569 676.53 9975.42 0 2212 6244 1 0 1
375.585 -312.364 0 112.145 -61.5019 9999.18 0 2212 6245 1 0 1
149.635 366.936 0 -79.8584 -124.955 9998.9 0 2212 6246 1 0 1
-1082.55 406.324 0 19.3931 -357.444 9993.59 0 2212 6247 1 0 1
240.549 -655.662 0 -78.2932 -329.735 9994.26 0 2212 6248 1 0 1
235.511 390.786 0 -48.1712 226.486 9997.32 0 2212 6249 1 0 1
183.52 -140.212 0 11.2415 160.3 9998.71 0 2212 6250 1 0 1
-65.4347 -141.02 0 -178.336 129.438 9997.57 0 2212 6251 1 0 1
-1597.32 -281.276 0 114.054 53.7363 9999.21 0 2212 6252 1 0 1
-380.676 -9.16802 0 -235.44 380.2 9990 0 2212 6253 1 0 1
-429.506 290.402 0 -158.992 -614.221 9979.85 0 2212 6254 1 0 1
-130.812 211.388 0 -115.293 245.726 9996.32 0 2212 6255 1 0 1
85.8947 73.1923 0 80.7576 117.855 9998.98 0 2212 6256 1 0 1
337.464 547.649 0 49.9855 165.623 9998.5 0 2212 6257 1 0 1
34.1148 6.96159 0 0.496464 -173.28 9998.5 0 2212 6258 1 0 1
679.081 49.9803 0 -130.735 351.553 9992.96 0 2212 6259 1 0 1
189.378 47.8967 0 -17.7682 -775.27 9969.89 0 2212 6260 1 0 1
186.833 -253.757 0 -133.968 17.09 9999.09 0 2212 6261 1 0 1
-191.432 -240.172 0 6.69413 222.435 9997.52 0 2212 6262 1 0 1
-232.399 157.316 0 -29.473 -94.6791 9999.51 0 2212 6263 1 0 1
835.178 -308.831 0 46.0554 -308.321 9995.14 0 2212 6264 1 0 1
163.729 297.337 0 -129.795 -152.554 9997.99 0 2212 6265 1 0 1
443.182 160.515 0 -160.788 171.25 9997.24 0 2212 6266 1 0 1
67.0229 -315.748 0 -143.341 374.428 9991.96 0 2212 6267 1 0 1
705.92 -6.79282 0 -152.678 -11.5146 9998.83 0 2212 6268 1 0 1
182.802 -227.433 0 -82.9526 118.939 9998.95 0 2212 6269 1 0 1
365.521 215.303 0 149.786 575.799 9982.29 0 2212 6270 1 0 1
49.7992 214.633 0 71.2072 -6.70979 9999.74 0 2212 6271 1 0 1
-1085.29 -375.367 0 -40.7121 269.601 9996.28 0 2212 6272 1 0 1
26.4468 138.005 0 105.567 347.887 9993.39 0 2212 6273 1 0 1
890.699 421.211 0 -93.6348 241.027 9996.66 0 2212 6274 1 0 1
556.798 8.51016 0 271.596 -373.895 9989.32 0 2212 6275 1 0 1
180.963 -0.0924649 0 -60.3092 -269.63 9996.18 0 2212 6276 1 0 1
217.779 133.436 0 -55.7681 -542.057 9985.14 0 2212 6277 1 0 1
779.94 -512.997 0 -354.455 194.06 9991.83 0 2212 6278 1 0 1
-1197.24 -56.1105 0 -4.10178 -175.845 9998.45 0 2212 6279 1 0 1
5.28631 535.549 0 130.794 216.572 9996.8 0 2212 6280 1 0 1
1412.09 2.9348 0 -9.92694 613.197 9981.18 0 2212 6281 1 0 1
235.96 -26.3497 0 -364.569 378.909 9986.17 0 2212 6282 1 0 1
-472.599 278.344 0 -19.3696 -22.6237 9999.96 0 2212 6283 1 0 1
-14.5014 -3.46601 0 -344.133 95.1514 9993.62 0 2212 6284 1 0 1
120.446 108.808 0 -167.922 -52.5214 9998.45 0 2212 6285 1 0 1
242.19 -204.207 0 -206.176 -398.069 9989.95 0 2212 6286 1 0 1
-135.141 111.074 0 -122.456 365.278 9992.58 0 2212 6287 1 0 1
377.469 -189.123 0 243.207 392.33 9989.34 0 2212 6288 1 0 1
397.038 26.4769 0 -47.612 434.678 9990.43 0 2212 6289 1 0 1
30.8838 98.8972 0 156.858 -763.021 9969.61 0 2212 6290 1 0 1
266.022 6.93306 0 82.7342 -113.882 9999.01 0 2212 6291 1 0 1
-54.7958 117.505 0 -581.162 -365.842 9976.39 0 2212 6292 1 0 1
555.781 27.9889 0 42.2917 95.3387 9999.46 0 2212 6293 1 0 1
203.32 244.897 0 -48.95 -973.971 9952.34 0 2212 6294 1 0 1
-407.253 481.111 0 -78.5902 196.27 9997.76 0 2212 6295 1 0 1
537.755 183.705 0 -162.373 320.46 9993.54 0 2212 6296 1 0 1
-635.599 -105.845 0 -115.832 -93.8372 9998.89 0 2212 6297 1 0 1
565.282 -202.143 0 -120.088 -163.756 9997.94 0 2212 6298 1 0 1
-11.8498 79.6705 0 38.7438 -165.689 9998.55 0 2212 6299 1 0 1
-324.658 -399.191 0 -102.401 15.1418 9999.46 0 2212 6300 1 0 1
-95.3685 49.9918 0 -245.696 -280.213 9993.05 0 2212 6301 1 0 1
-419.745 174.103 0 -114.309 -216.004 9997.01 0 2212 6302 1 0 1
71.4886 101.071 0 125.861 22.3211 9999.18 0 2212 6303 1 0 1
64.7888 -31.8642 0 -18.6765 34.2186 9999.92 0 2212 6304 1 0 1
-283.266 21.0292 0 -61.8808 55.8631 9999.65 0 2212 6305 1 0 1
984.911 392.65 0 46.7196 -275.142 9996.1 0 2212 6306 1 0 1
155.757 -145.936 0 -98.1548 507.529 9986.63 0 2212 6307 1 0 1
-783.073 -46.7625 0 -91.088 -555.416 9984.15 0 2212 6308 1 0 1
367.878 408.796 0 -0.556551 -23.3989 9999.97 0 2212 6309 1 0 1
429.638 86.6969 0 0.798957 311.211 9995.16 0 2212 6310 1 0 1
27.6062 -287.512 0 83.363 10.6736 9999.65 0 2212 6311 1 0 1
-679.833 30.76 0 16.1384 -137.813 9999.04 0 2212 6312 1 0 1
-597.562 227.328 0 -74.6802 264.395 9996.23 0 2212 6313 1 0 1
576.882 263.989 0 -96.6045 -231.722 9996.85 0 2212 6314 1 0 1
692.663 214.368 0 -92.1245 501.386 9987 0 2212 6315 1 0 1
1326.08 304.071 0 -105.434 -412.357 9990.94 0 2212 6316 1 0 1
1674.39 -30.8213 0 -276.488 -387.471 9988.66 0 2212 6317 1 0 1
1133.61 105.502 0 4.57207 485.83 9988.19 0 2212 6318 1 0 1
458.347 -72.6122 0 21.9947 -391.218 9992.32 0 2212 6319 1 0 1
205.883 65.9803 0 65.1325 357.162 9993.41 0 2212 6320 1 0 1
10.4092 114.709 0 136.463 719.871 9973.12 0 2212 6321 1 0 1
433.156 501.459 0 -38.1123 39.568 9999.85 0 2212 6322 1 0 1
339.673 -1.84223 0 -59.8143 10.9003 9999.82 0 2212 6323 1 0 1
177.917 -152.213 0 -55.6975 110.645 9999.23 0 2212 6324 1 0 1
289.314 168.742 0 -241.778 -585.121 9979.94 0 2212 6325 1 0 1
-321.596 44.4646 0 -374.335 217.644 9990.62 0 2212 6326 1 0 1
-818.369 133.664 0 163.965 -77.4943 9998.36 0 2212 6327 1 0 1
145.451 -217.418 0 108.494 -430.154 9990.15 0 2212 6328 1 0 1
513.572 -337.803 0 259.134 -113.026 9996 0 2212 6329 1 0 1
1058.63 178.213 0 -255.678 -360.601 9990.23 0 2212 6330 1 0 1
262.639 -70.8739 0 -189.834 -296.927 9993.79 0 2212 6331 1 0 1
-1352.11 228.047 0 264.508 -138.552 9995.54 0 2212 6332 1 0 1
-767.237 172.92 0 -151.821 -208.915 9996.66 0 2212 6333 1 0 1
-678.556 312.964 0 76.4095 -461.885 9989.04 0 2212 6334 1 0 1
-300.621 268.834 0 50.512 -256.309 9996.59 0 2212 6335 1 0 1
815.83 785.495 0 14.6659 -464.995 9989.17 0 2212 6336 1 0 1
564.808 -86.6814 0 -45.1172 -602.745 9981.72 0 2212 6337 1 0 1
-782.04 89.405 0 -214.654 -113.674 9997.05 0 2212 6338 1 0 1
48.5393 -269.763 0 140.449 73.9786 9998.74 0 2212 6339 1 0 1
291.016 -173.323 0 -48.1604 -8.90819 9999.88 0 2212 6340 1 0 1
-96.7333 -240.731 0 -368.057 690.202 9969.36 0 2212 6341 1 0 1
-784.075 148.715 0 26.0179 593.745 9982.32 0 2212 6342 1 0 1
361.261 377.245 0 -98.275 528.092 9985.56 0 2212 6343 1 0 1
316.807 89.8526 0 261.196 -187.538 9994.83 0 2212 6344 1 0 1
3.37693 235.269 0 -115.74 197.203 9997.39 0 2212 6345 1 0 1
211.961 -286.416 0 -298.032 411.022 9987.1 0 2212 6346 1 0 1
69.3747 -452.942 0 223.013 199.059 9995.53 0 2212 6347 1 0 1
-52.7259 132.128 0 149.554 -38.6549 9998.81 0 2212 6348 1 0 1
366.317 -127.031 0 77.6458 160.018 9998.42 0 2212 6349 1 0 1
2.17972 -263.013 0 38.917 -324.64 9994.65 0 2212 6350 1 0 1
217.422 308.341 0 -60.7472 202.362 9997.77 0 2212 6351 1 0 1
-228.772 123.941 0 -297.45 -353.509 9989.32 0 2212 6352 1 0 1
34.076 329.38 0 114.733 -666.925 9977.08 0 2212 6353 1 0 1
619.539 287.455 0 81.0425 818.779 9966.09 0 2212 6354 1 0 1
-984.803 56.3696 0 92.3735 -658.687 9977.86 0 2212 6355 1 0 1
-199.391 207.834 0 311.723 -321.659 9989.96 0 2212 6356 1 0 1
846.188 -166.197 0 9.38642 562.126 9984.18 0 2212 6357 1 0 1
-442.782 -358.014 0 -50.9485 226.955 9997.29 0 2212 6358 1 0 1
-168.94 -281.192 0 -6.95984 -471.839 9988.86 0 2212 6359 1 0 1
-626.61 22.9376 0 22.0993 1165.17 9931.86 0 2212 6360 1 0 1
-1073.73 -68.3221 0 -19.977 73.5933 9999.71 0 2212 6361 1 0 1
697.899 -131.727 0 -90.2853 -662.678 9977.61 0 2212 6362 1 0 1
-370.345 17.9094 0 335.598 514.355 9981.12 0 2212 6363 1 0 1
765.888 -217.884 0 59.2117 262.921 9996.37 0 2212 6364 1 0 1
-441.928 -288.556 0 242.899 -2.29381 9997.05 0 2212 6365 1 0 1
650.641 -209.227 0 -168.25 -362.524 9992.01 0 2212 6366 1 0 1
351.071 -58.3048 0 68.9543 -145.939 9998.7 0 2212 6367 1 0 1
-482.618 -298.713 0 124.099 -303.763 9994.61 0 2212 6368 1 0 1
894.545 -195.535 0 70.2353 147.62 9998.66 0 2212 6369 1 0 1
-62.5984 191.923 0 -143.823 370.199 9992.11 0 2212 6370 1 0 1
11.8616 404.111 0 -22.3831 349.111 9993.88 0 2212 6371 1 0 1
-296.914 -3.81884 0 -114.444 43.9405 9999.25 0 2212 6372 1 0 1
-256.273 -262.679 0 56.0103 -723.285 9973.65 0 2212 6373 1 0 1
831.214 193.587 0 81.9206 541.991 9984.97 0 2212 6374 1 0 1
-1018.79 -81.4133 0 -59.6606 457.315 9989.36 0 2212 6375 1 0 1
751.485 -262.192 0 -132.809 135.229 9998.2 0 2212 6376 1 0 1
-288.369 -311.162 0 -311.162 -104.308 9994.61 0 2212 6377 1 0 1
-475.071 -442.307 0 88.4158 352.418 9993.4 0 2212 6378 1 0 1
790.974 135.452 0 246.13 -120.068 9996.25 0 2212 6379 1 0 1
100.257 -251.826 0 -311.713 -1092.52 9935.25 0 2212 6380 1 0 1
845.659 1.33205 0 103.527 -253.205 9996.26 0 2212 6381 1 0 1
-987.347 -269.312 0 76.5333 316.837 9994.69 0 2212 6382 1 0 1
-902.247 -346.007 0 -9.39726 -72.7626 9999.73 0 2212 6383 1 0 1
242.364 94.3126 0 311.51 -407.564 9986.83 0 2212 6384 1 0 1
-1226.05 -47.2183 0 58.2503 189.351 9998.04 0 2212 6385 1 0 1
760.018 -270.859 0 -162.509 -285.878 9994.59 0 2212 6386 1 0 1
-288.416 83.8847 0 -294.926 241.137 9992.74 0 2212 6387 1 0 1
304.901 -254.239 0 -47.0651 442.67 9990.09 0 2212 6388 1 0 1
-131.19 -92.6805 0 32.2069 60.659 9999.76 0 2212 6389 1 0 1
1292.11 -53.958 0 -301.409 -82.4232 9995.12 0 2212 6390 1 0 1
550.929 -548.827 0 -75.9423 43.4667 9999.62 0 2212 6391 1 0 1
-254.473 229.652 0 1.03884 -129.882 9999.16 0 2212 6392 1 0 1
116.765 0.672228 0 -126.85 355.305 9992.88 0 2212 6393 1 0 1
-514.362 321.112 0 157.75 -215.845 9996.43 0 2212 6394 1 0 1
183.542 -25.0752 0 -472.435 -253.233 9985.62 0 2212 6395 1 0 1
-202.748 133.866 0 -49.2721 -788.856 9968.71 0 2212 6396 1 0 1
-676.302 -263.629 0 -56.5011 -150.149 9998.71 0 2212 6397 1 0 1
88.4015 317.123 0 -209.521 -461.485 9987.15 0 2212 6398 1 0 1
646.091 290.051 0 -171.885 102.655 9998 0 2212 6399 1 0 1
568.104 -165.553 0 -310.272 286.754 9991.07 0 2212 6400 1 0 1
-643.269 314.442 0 174.28 -32.4351 9998.43 0 2212 6401 1 0 1
250.837 178.281 0 -15.9893 281.76 9996.02 0 2212 6402 1 0 1
-909.023 65.7221 0 201.329 282.007 9994 0 2212 6403 1 0 1
-57.4423 47.4426 0 -91.6104 237.353 9996.76 0 2212 6404 1 0 1
-274.67 228.703 0 -74.4171 -194.347 9997.83 0 2212 6405 1 0 1
-185.394 -148.705 0 243.179 40.1515 9996.96 0 2212 6406 1 0 1
-155.971 -543.724 0 160.559 -142.673 9997.69 0 2212 6407 1 0 1
1314.69 112.37 0 172.871 -365.646 9991.82 0 2212 6408 1 0 1
-946.74 324.172 0 190.571 -412.069 9989.69 0 2212 6409 1 0 1
-70.9859 220.377 0 127.135 -499.406 9986.71 0 2212 6410 1 0 1
193.301 283.167 0 -100.792 81.6535 9999.16 0 2212 6411 1 0 1
99.5069 -170.673 0 376.905 -137.253 9991.95 0 2212 6412 1 0 1
-68.6292 282.107 0 423.842 -499.132 9978.54 0 2212 6413 1 0 1
-792.97 322.133 0 -44.7284 -253.633 9996.68 0 2212 6414 1 0 1
360.539 51.6047 0 -230.348 -161.746 9996.04 0 2212 6415 1 0 1
473.068 47.9524 0 371.668 -377.939 9985.94 0 2212 6416 1 0 1
-1047.86 -471.337 0 96.6922 -132.278 9998.66 0 2212 6417 1 0 1
-616.753 -192.697 0 -62.1017 -622.907 9980.39 0 2212 6418 1 0 1
417.801 -32.5623 0 173.469 467.414 9987.56 0 2212 6419 1 0 1
257.406 -247.212 0 -133.304 52.7227 9998.97 0 2212 6420 1 0 1
98.9886 -394.797 0 -209.651 -370.495 9990.93 0 2212 6421 1 0 1
-216.008 -290.201 0 -233.231 -29.8143 9997.24 0 2212 6422 1 0 1
-115.353 228.65 0 227.946 248.541 9994.31 0 2212 6423 1 0 1
-116.651 -196.06 0 -306.088 673.182 9972.62 0 2212 6424 1 0 1
413.054 13.1436 0 -284.13 371.643 9989.05 0 2212 6425 1 0 1
64.5385 79.034 0 -164.983 -127.036 9997.83 0 2212 6426 1 0 1
-199.359 166.457 0 -11.1797 -255.07 9996.74 0 2212 6427 1 0 1
188.99 -324.797 0 187.742 -879.732 9959.46 0 2212 6428 1 0 1
-282.421 133.163 0 -7.91952 -328.541 9994.6 0 2212 6429 1 0 1
-477.115 -384.942 0 201.518 -104.834 9997.42 0 2212 6430 1 0 1
269.63 -147.277 0 -408.736 301.235 9987.1 0 2212 6431 1 0 1
-84.7515 454.555 0 215.002 -216.139 9995.35 0 2212 6432 1 0 1
-363.148 -122.416 0 98.4209 -437.434 9989.94 0 2212 6433 1 0 1
-401.797 108.931 0 199.258 -85.7224 9997.65 0 2212 6434 1 0 1
-140.273 -68.4895 0 89.382 -341.95 9993.75 0 2212 6435 1 0 1
-587.898 181.88 0 397.332 944.882 9947.33 0 2212 6436 1 0 1
504.789 -6.43637 0 -115.078 -377.118 9992.22 0 2212 6437 1 0 1
355.86 -13.7919 0 -119.163 58.1891 9999.12 0 2212 6438 1 0 1
-269.588 -57.6412 0 -387.766 -394.359 9984.69 0 2212 6439 1 0 1
-19.5619 112.595 0 69.1314 -42.6317 9999.67 0 2212 6440 1 0 1
296.269 -404.346 0 39.5522 -12.7732 9999.91 0 2212 6441 1 0 1
482.171 132.025 0 -185.379 -499.814 9985.78 0 2212 6442 1 0 1
160.151 308.76 0 -107.96 644.759 9978.61 0 2212 6443 1 0 1
-222.442 -107.378 0 -63.1256 -134.236 9998.9 0 2212 6444 1 0 1
-6.34566 -149.693 0 -108.85 -270.31 9995.75 0 2212 6445 1 0 1
-73.8872 279.553 0 3.88873 758.43 9971.2 0 2212 6446 1 0 1
506.11 199.373 0 -339.607 11.0529 9994.23 0 2212 6447 1 0 1
-101.477 168.189 0 18.817 -183.14 9998.31 0 2212 6448 1 0 1
183.587 -169.295 0 -210.397 -193.035 9995.92 0 2212 6449 1 0 1
9.76121 -183.419 0 -90.6477 664.492 9977.49 0 2212 6450 1 0 1
-253.458 -9.77849 0 68.6217 88.8085 9999.37 0 2212 6451 1 0 1
302.416 161.964 0 -26.0166 -344.744 9994.02 0 2212 6452 1 0 1
-242.517 -143.874 0 -78.0515 1185.11 9929.22 0 2212 6453 1 0 1
336.31 -180.823 0 153.572 553.22 9983.5 0 2212 6454 1 0 1
229.191 147.167 0 -270.574 369.957 9989.49 0 2212 6455 1 0 1
460.716 163.502 0 -59.2805 223.473 9997.33 0 2212 6456 1 0 1
-398.841 -134.387 0 18.1754 201.072 9997.96 0 2212 6457 1 0 1
-253.111 -315.537 0 73.4992 90.9299 9999.32 0 2212 6458 1 0 1
488.247 87.8195 0 311.011 -271.788 9991.47 0 2212 6459 1 0 1
-653.943 -117.101 0 102.928 315.246 9994.5 0 2212 6460 1 0 1
-499.063 -441.332 0 15.2003 -378.033 9992.84 0 2212 6461 1 0 1
709.512 -272.073 0 117.039 56.9341 9999.15 0 2212 6462 1 0 1
1059.64 -558.137 0 119.934 104.023 9998.74 0 2212 6463 1 0 1
213.762 106.489 0 87.9079 295.645 9995.24 0 2212 6464 1 0 1
-138.648 116.625 0 11.0274 165.872 9998.62 0 2212 6465 1 0 1
-337.998 -208.722 0 -62.9583 345.583 9993.83 0 2212 6466 1 0 1
-950.874 366.896 0 -184.635 -83.6725 9997.95 0 2212 6467 1 0 1
410.836 129.616 0 29.7311 -94.4426 9999.51 0 2212 6468 1 0 1
-203.33 27.9435 0 112.605 697.873 9974.98 0 2212 6469 1 0 1
105.777 210.505 0 16.1571 -348.775 9993.9 0 2212 6470 1 0 1
-37.7935 144.535 0 -61.3463 27.578 9999.77 0 2212 6471 1 0 1
-115.98 -83.863 0 -150.078 286.12 9994.78 0 2212 6472 1 0 1
-262.852 -5.09392 0 -209.773 92.592 9997.37 0 2212 6473 1 0 1
1179.93 -381.002 0 -142.11 -381.749 9991.7 0 2212 6474 1 0 1
589.21 -396.699 0 -23.3271 88.6062 9999.58 0 2212 6475 1 0 1
-7.03095 214.403 0 170.222 147.805 9997.46 0 2212 6476 1 0 1
384.387 23.2643 0 -273.725 875.406 9957.85 0 2212 6477 1 0 1
787.221 -244.987 0 30.6659 -190.426 9998.14 0 2212 6478 1 0 1
510.119 115.243 0 -129.021 -173.048 9997.67 0 2212 6479 1 0 1
-534.051 -258.686 0 96.0646 16.0231 9999.53 0 2212 6480 1 0 1
191.403 163.919 0 180.097 -499.386 9985.9 0 2212 6481 1 0 1
-134.351 164.128 0 -76.9092 441.013 9989.97 0 2212 6482 1 0 1
449.007 -294.695 0 -137.541 -299.756 9994.56 0 2212 6483 1 0 1
-373.457 23.2204 0 215.271 1054.01 9941.97 0 2212 6484 1 0 1
-25.5567 -307.759 0 85.7163 235.479 9996.86 0 2212 6485 1 0 1
446.082 325.836 0 -199.743 88.373 9997.61 0 2212 6486 1 0 1
-534.906 38.0474 0 68.8692 153.478 9998.58 0 2212 6487 1 0 1
-279.196 255.442 0 -83.779 -12.789 9999.64 0 2212 6488 1 0 1
145.16 234.197 0 -61.6835 -90.8552 9999.4 0 2212 6489 1 0 1
317.27 -355.263 0 -18.896 -218.174 9997.6 0 2212 6490 1 0 1
-263.855 186.11 0 -35.9599 127.504 9999.12 0 2212 6491 1 0 1
-114.235 -546.55 0 -171.352 -730.216 9971.83 0 2212 6492 1 0 1
-534.912 -54.2255 0 -11.1311 136.476 9999.06 0 2212 6493 1 0 1
166.109 234.99 0 117.57 -746.25 9971.42 0 2212 6494 1 0 1
-145.09 -308.986 0 316.995 -170.132 9993.53 0 2212 6495 1 0 1
-167.563 51.5838 0 206.783 -119.563 9997.15 0 2212 6496 1 0 1
976.932 3.47537 0 -66.043 -384.067 9992.4 0 2212 6497 1 0 1
236.823 286.599 0 62.7448 209.928 9997.6 0 2212 6498 1 0 1
988.052 -111.348 0 19.8851 185.612 9998.26 0 2212 6499 1 0 1
-542.471 316.299 0 75.299 -412.482 9991.21 0 2212 6500 1 0 1
-917.128 163.805 0 -21.9486 361.38 9993.44 0 2212 6501 1 0 1
-976.954 -389.786 0 210.01 351.253 9991.62 0 2212 6502 1 0 1
-445.506 -4.28085 0 53.8829 910.941 9958.28 0 2212 6503 1 0 1
7.83052 93.2677 0 6.82729 552.793 9984.71 0 2212 6504 1 0 1
421.213 50.8145 0 256.454 420.253 9987.87 0 2212 6505 1 0 1
-1233.54 125.834 0 66.6176 929.496 9956.49 0 2212 6506 1 0 1
-575.558 23.1514 0 21.932 -48.8307 9999.86 0 2212 6507 1 0 1
-1020.41 50.3251 0 256.107 96.6647 9996.25 0 2212 6508 1 0 1
-1110.8 334.774 0 -40.8957 -493.515 9987.73 0 2212 6509 1 0 1
-96.5498 112.481 0 -62.6402 -648.887 9978.73 0 2212 6510 1 0 1
604.992 -236.685 0 153.398 110.318 9998.21 0 2212 6511 1 0 1
105.546 40.5574 0 -212.02 100.25 9997.25 0 2212 6512 1 0 1
33.1758 -41.5683 0 149.738 -214.503 9996.58 0 2212 6513 1 0 1
-1090.23 -334.154 0 21.1115 -323.471 9994.74 0 2212 6514 1 0 1
412.888 -119.116 0 -6.14593 -643.163 9979.29 0 2212 6515 1 0 1
-549.666 -204.693 0 -161.082 86.143 9998.33 0 2212 6516 1 0 1
696.227 229.697 0 -25.5734 18.9649 9999.95 0 2212 6517 1 0 1
232.003 152.674 0 -35.1079 462.839 9989.22 0 2212 6518 1 0 1
-692.952 57.7733 0 -91.4936 11.4344 9999.57 0 2212 6519 1 0 1
-531.5 -275.077 0 -7.9773 -193.863 9998.12 0 2212 6520 1 0 1
-482.443 -141.998 0 -112.632 -46.4518 9999.26 0 2212 6521 1 0 1
-45.605 112.855 0 -224.192 264.647 9993.98 0 2212 6522 1 0 1
293.036 -407.595 0 -181.841 -348.841 9992.26 0 2212 6523 1 0 1
763.154 -245.086 0 -182.415 873.272 9960.13 0 2212 6524 1 0 1
-703.49 266.927 0 -84.1704 471.396 9988.53 0 2212 6525 1 0 1
1643.38 -171.42 0 12.8172 -295.29 9995.63 0 2212 6526 1 0 1
-581.233 230.36 0 123.559 237.39 9996.42 0 2212 6527 1 0 1
23.1149 325.814 0 -174.125 389.892 9990.88 0 2212 6528 1 0 1
323.72 -480.032 0 -149.665 -397.06 9990.99 0 2212 6529 1 0 1
261.205 -25.2272 0 54.8122 -128.233 9999.03 0 2212 6530 1 0 1
340.103 627.657 0 309.398 263.653 9991.73 0 2212 6531 1 0 1
-228.66 -106.125 0 58.6257 287.734 9995.69 0 2212 6532 1 0 1
-349.58 -204.594 0 -107.677 -194.436 9997.53 0 2212 6533 1 0 1
-613.919 -61.8114 0 28.4312 -871.842 9961.88 0 2212 6534 1 0 1
-2.9265 -129.479 0 -249.572 -235.563 9994.11 0 2212 6535 1 0 1
122.464 -118.53 0 -107.685 593.558 9981.79 0 2212 6536 1 0 1
655.042 311.815 0 -127.975 13.0449 9999.17 0 2212 6537 1 0 1
116.777 -22.5847 0 -97.5854 210.526 9997.31 0 2212 6538 1 0 1
213.976 478.527 0 34.6282 327.238 9994.58 0 2212 6539 1 0 1
-109.388 81.0525 0 -223.84 95.0935 9997.04 0 2212 6540 1 0 1
-315.711 40.8018 0 78.4298 -210.551 9997.48 0 2212 6541 1 0 1
18.8357 33.3194 0 28.4621 138.517 9999 0 2212 6542 1 0 1
-314.204 -507.197 0 110.614 338.044 9993.67 0 2212 6543 1 0 1
187.9 -359.213 0 271.925 309.78 9991.5 0 2212 6544 1 0 1
274.799 -120.291 0 243.172 -138.773 9996.08 0 2212 6545 1 0 1
-136.693 62.7877 0 176.492 -632.026 9978.45 0 2212 6546 1 0 1
724.245 569.789 0 -9.0391 -232.9 9997.28 0 2212 6547 1 0 1
239.454 56.7788 0 267.651 -131.281 9995.56 0 2212 6548 1 0 1
343.202 -180.647 0 -7.51034 291.9 9995.74 0 2212 6549 1 0 1
-37.133 250.233 0 -53.9206 -379.934 9992.63 0 2212 6550 1 0 1
895.727 -423.174 0 62.0199 667.214 9977.52 0 2212 6551 1 0 1
-94.2893 493.775 0 11.2841 302.542 9995.42 0 2212 6552 1 0 1
-213.284 314.972 0 -137.52 100.963 9998.54 0 2212 6553 1 0 1
574.102 -122.164 0 244.457 -833.903 9962.17 0 2212 6554 1 0 1
171.434 42.7268 0 51.6024 34.5555 9999.81 0 2212 6555 1 0 1
-380.258 181.108 0 -92.0648 -53.6518 9999.43 0 2212 6556 1 0 1
-289.626 181.466 0 236.345 224.87 9994.68 0 2212 6557 1 0 1
129.839 61.0659 0 -111.229 34.3847 9999.32 0 2212 6558 1 0 1
-292.278 -11.3202 0 -99.2084 -1049.32 9944.3 0 2212 6559 1 0 1
260.288 -62.6826 0 -57.8821 327.802 9994.46 0 2212 6560 1 0 1
774.132 38.2483 0 -113.536 -1.73376 9999.36 0 2212 6561 1 0 1
49.5001 -318.197 0 -117.426 389.572 9991.72 0 2212 6562 1 0 1
602.055 41.1434 0 284.218 -522.847 9982.28 0 2212 6563 1 0 1
558.022 -261.73 0 -276.933 -543.015 9981.4 0 2212 6564 1 0 1
-303.975 511.785 0 136.632 -355.017 9992.76 0 2212 6565 1 0 1
-102.792 439.357 0 -54.9777 148.125 9998.75 0 2212 6566 1 0 1
1316.5 210.534 0 206.745 -21.5353 9997.84 0 2212 6567 1 0 1
309.67 -168.673 0 278.272 401.635 9988.06 0 2212 6568 1 0 1
-31.7752 43.4671 0 395.773 -432.346 9982.81 0 2212 6569 1 0 1
-533.275 170.106 0 278.859 170.463 9994.66 0 2212 6570 1 0 1
52.5831 36.2628 0 217.72 100.758 9997.12 0 2212 6571 1 0 1
-990.301 -392.995 0 -129.839 218.167 9996.78 0 2212 6572 1 0 1
314.987 -291.919 0 62.0547 -342.739 9993.93 0 2212 6573 1 0 1
-328.55 371.295 0 -476.598 273.451 9984.89 0 2212 6574 1 0 1
1156.84 165.383 0 -140.027 542.662 9984.28 0 2212 6575 1 0 1
-288.855 -255.537 0 -94.2849 165.488 9998.19 0 2212 6576 1 0 1
-288.426 -22.0262 0 -87.852 -927.548 9956.5 0 2212 6577 1 0 1
-68.6928 75.7835 0 129.73 25.8011 9999.13 0 2212 6578 1 0 1
-364.298 503.943 0 38.1985 598.544 9982 0 2212 6579 1 0 1
597.117 111.598 0 -196.443 -362.398 9991.5 0 2212 6580 1 0 1
-837.793 -7.43359 0 268.042 -987.725 9947.49 0 2212 6581 1 0 1
-20.0164 -25.6699 0 311.174 -241.013 9992.25 0 2212 6582 1 0 1
295.542 174.933 0 266.501 2.69176 9996.45 0 2212 6583 1 0 1
952.781 -156.681 0 162.455 135.298 9997.76 0 2212 6584 1 0 1
-6.07539 29.1987 0 381.346 -559.859 9977.03 0 2212 6585 1 0 1
-296.705 -184.339 0 116.387 199.397 9997.33 0 2212 6586 1 0 1
552.766 -0.953905 0 56.9388 541.738 9985.15 0 2212 6587 1 0 1
756.122 -145.526 0 37.6283 282.416 9995.94 0 2212 6588 1 0 1
1005.34 198.865 0 26.3002 -377.964 9992.82 0 2212 6589 1 0 1
95.9553 271.268 0 -99.4043 342.387 9993.64 0 2212 6590 1 0 1
223.471 548.879 0 82.4829 -159.997 9998.38 0 2212 6591 1 0 1
133.791 -114.425 0 -195.838 71.2984 9997.83 0 2212 6592 1 0 1
-419.197 -78.0784 0 -50.234 561.846 9984.08 0 2212 6593 1 0 1
14.1097 157.848 0 -25.1783 33.3069 9999.91 0 2212 6594 1 0 1
-1755.1 311.334 0 326.439 -277.198 9990.83 0 2212 6595 1 0 1
1048.89 185.019 0 -17.8215 270.632 9996.32 0 2212 6596 1 0 1
-695.394 -171.582 0 70.5879 -273.097 9996.02 0 2212 6597 1 0 1
-229.081 -73.7117 0 348.472 715.48 9968.28 0 2212 6598 1 0 1
-306.788 -291.869 0 287.359 -316.491 9990.86 0 2212 6599 1 0 1
128.569 53.0614 0 -48.033 -116.665 9999.2 0 2212 6600 1 0 1
79.7884 -151.321 0 265.768 643.51 9975.73 0 2212 6601 1 0 1
-335.622 93.0819 0 -78.8888 -144.282 9998.65 0 2212 6602 1 0 1
200.202 162.85 0 49.7136 -15.0917 9999.87 0 2212 6603 1 0 1
510.174 633.456 0 -199.375 219.896 9995.59 0 2212 6604 1 0 1
261.584 313.14 0 -79.7452 414.739 9991.08 0 2212 6605 1 0 1
388.807 257.573 0 -396.426 -188.828 9990.35 0 2212 6606 1 0 1
-636.738 175.268 0 -84.4221 71.8279 9999.39 0 2212 6607 1 0 1
-556.757 -217.811 0 85.8373 559.152 9983.99 0 2212 6608 1 0 1
472.808 -121.19 0 -13.1345 415.786 9991.34 0 2212 6609 1 0 1
-327.12 220.175 0 46.054 81.2531 9999.56 0 2212 6610 1 0 1
-213.633 -233.946 0 235.784 287.719 9993.08 0 2212 6611 1 0 1
782.179 -85.8285 0 -291.566 -331.458 9990.25 0 2212 6612 1 0 1
-124.132 337.616 0 22.7091 -242.274 9997.04 0 2212 6613 1 0 1
382.304 -369.206 0 70.2409 45.7224 9999.65 0 2212 6614 1 0 1
802.205 0.700332 0 -176.279 -292.596 9994.16 0 2212 6615 1 0 1
454.089 -60.5317 0 -127.179 271.976 9995.49 0 2212 6616 1 0 1
351.133 3.92851 0 51.4216 -331.674 9994.37 0 2212 6617 1 0 1
-7.17009 459.865 0 -141.925 -457.002 9988.54 0 2212 6618 1 0 1
584.276 413.444 0 -238.814 514.829 9983.88 0 2212 6619 1 0 1
400.616 -302.234 0 37.2039 -240.487 9997.04 0 2212 6620 1 0 1
-247.503 306.628 0 75.0337 -207.358 9997.57 0 2212 6621 1 0 1
-538.004 -187.709 0 -371.076 761.946 9964.02 0 2212 6622 1 0 1
407.825 -320.66 0 16.4425 -121.321 9999.25 0 2212 6623 1 0 1
907.563 145.61 0 237.217 -311.631 9992.33 0 2212 6624 1 0 1
-608.485 -5.45891 0 161.707 66.8225 9998.47 0 2212 6625 1 0 1
317.004 -182.844 0 62.225 401.614 9991.74 0 2212 6626 1 0 1
31.1459 506.49 0 -49.9465 167.261 9998.48 0 2212 6627 1 0 1
-396.592 224.457 0 146.892 -463.445 9988.18 0 2212 6628 1 0 1
344.753 -450.402 0 310.782 93.1489 9994.74 0 2212 6629 1 0 1
-726.757 88.0831 0 -4.21628 220.721 9997.56 0 2212 6630 1 0 1
170.875 -80.9731 0 -97.4226 -469.35 9988.5 0 2212 6631 1 0 1
126.804 499.037 0 88.3403 -262.647 9996.16 0 2212 6632 1 0 1
-596.187 120.41 0 -77.5185 -370.484 9992.83 0 2212 6633 1 0 1
-477.145 10.1609 0 366.75 461.177 9982.63 0 2212 6634 1 0 1
419.53 346.49 0 -269.448 520.518 9982.81 0 2212 6635 1 0 1
301.387 426.553 0 -2.89673 119.851 9999.28 0 2212 6636 1 0 1
-466.584 280.101 0 -34.2669 811.523 9966.96 0 2212 6637 1 0 1
-524.587 29.8924 0 -16.6249 270.227 9996.33 0 2212 6638 1 0 1
274.455 -278.066 0 -106.887 -244.935 9996.43 0 2212 6639 1 0 1
-436.303 121.217 0 -253.699 -617.685 9977.68 0 2212 6640 1 0 1
-415.669 -177.404 0 -93.2479 -298.862 9995.1 0 2212 6641 1 0 1
-166.191 200.453 0 -12.294 1081.58 9941.33 0 2212 6642 1 0 1
40.1802 355.579 0 35.3874 314.844 9994.98 0 2212 6643 1 0 1
-46.0992 -177.23 0 -109.793 32.3945 9999.34 0 2212 6644 1 0 1
-147.249 226.352 0 -265.245 579.489 9979.67 0 2212 6645 1 0 1
186.785 -169.533 0 -497.286 146.832 9986.55 0 2212 6646 1 0 1
957.3 207.772 0 2.74195 76.7833 9999.7 0 2212 6647 1 0 1
407.573 -80.644 0 79.2745 -103.689 9999.15 0 2212 6648 1 0 1
-674.387 -67.4271 0 264.191 677.084 9973.55 0 2212 6649 1 0 1
-468.272 234.427 0 -146.398 363.047 9992.34 0 2212 6650 1 0 1
546.866 241.734 0 -49.4191 460.457 9989.27 0 2212 6651 1 0 1
519.061 155.043 0 80.9048 638.73 9979.25 0 2212 6652 1 0 1
-917.141 91.1421 0 -75.8245 -54.2406 9999.57 0 2212 6653 1 0 1
137.012 -309.172 0 89.7238 209.66 9997.4 0 2212 6654 1 0 1
245.877 164.059 0 -155.466 -131.581 9997.93 0 2212 6655 1 0 1
101.246 -359.704 0 -195.351 368.787 9991.29 0 2212 6656 1 0 1
-136.768 169.863 0 89.1628 -311.994 9994.73 0 2212 6657 1 0 1
-843.274 14.8215 0 -217.548 -82.478 9997.29 0 2212 6658 1 0 1
1052.62 64.6251 0 -10.6967 -163.851 9998.65 0 2212 6659 1 0 1
729.337 -144.646 0 -22.8557 226.411 9997.41 0 2212 6660 1 0 1
129.09 -97.1503 0 -371.324 386.231 9985.64 0 2212 6661 1 0 1
525.894 -615.921 0 -80.6782 405.892 9991.43 0 2212 6662 1 0 1
2.50938 -175.99 0 30.3937 647.854 9978.95 0 2212 6663 1 0 1
-294.541 50.6482 0 68.5434 834.579 9964.88 0 2212 6664 1 0 1
86.3618 -57.0844 0 -229.305 -250.829 9994.22 0 2212 6665 1 0 1
-398.179 -30.487 0 -106.05 911.85 9957.77 0 2212 6666 1 0 1
-598.059 122.027 0 -48.9201 169.945 9998.44 0 2212 6667 1 0 1
-526.269 635.229 0 2.34507 92.5221 9999.57 0 2212 6668 1 0 1
-477.622 105.213 0 19.4424 13.6269 9999.97 0 2212 6669 1 0 1
-434.77 171.323 0 7.69343 100.743 9999.49 0 2212 6670 1 0 1
110.648 203.859 0 -78.9763 105.377 9999.13 0 2212 6671 1 0 1
-191.675 -457.813 0 -131.569 91.6541 9998.71 0 2212 6672 1 0 1
-297.824 248.643 0 -84.5734 241.178 9996.73 0 2212 6673 1 0 1
-1014.33 -81.2008 0 -23.799 429.508 9990.74 0 2212 6674 1 0 1
-274.882 -97.5899 0 147.804 362.553 9992.33 0 2212 6675 1 0 1
224.398 79.1879 0 45.6547 869.941 9961.98 0 2212 6676 1 0 1
-740.95 -216.181 0 -149.48 312.873 9993.99 0 2212 6677 1 0 1
-166.713 -790.674 0 -8.22729 -168.842 9998.57 0 2212 6678 1 0 1
86.9364 -1.46633 0 -96.9407 116.162 9998.86 0 2212 6679 1 0 1
-94.7822 -192.567 0 -230.402 653.649 9975.95 0 2212 6680 1 0 1
-668.456 -381.94 0 -52.591 -115.749 9999.19 0 2212 6681 1 0 1
-343.161 327.98 0 -153.448 157.604 9997.58 0 2212 6682 1 0 1
-352.586 329.228 0 -179.942 -852.27 9961.99 0 2212 6683 1 0 1
161.562 -6.94289 0 19.5985 51.7994 9999.85 0 2212 6684 1 0 1
-555.62 361.017 0 -19.7248 817.424 9966.52 0 2212 6685 1 0 1
-996.761 269.421 0 164.935 -55.881 9998.48 0 2212 6686 1 0 1
584.957 3.34971 0 341.415 -746.425 9966.26 0 2212 6687 1 0 1
501.9 -60.3734 0 67.7399 -539.02 9985.23 0 2212 6688 1 0 1
668.339 -197.2 0 335.243 -393.848 9986.62 0 2212 6689 1 0 1
-326.2 -125.699 0 129.815 -21.7548 9999.13 0 2212 6690 1 0 1
780.262 78.2682 0 64.116 942.915 9955.24 0 2212 6691 1 0 1
238.863 85.9035 0 103.666 220.983 9997.02 0 2212 6692 1 0 1
-564.649 315.423 0 -44.9572 95.5478 9999.44 0 2212 6693 1 0 1
1330.26 -31.8956 0 154.242 336.823 9993.14 0 2212 6694 1 0 1
-79.6675 -282.946 0 -6.29875 -42.892 9999.91 0 2212 6695 1 0 1
-361.171 273.821 0 -136.208 34.5794 9999.01 0 2212 6696 1 0 1
306.024 52.5866 0 189.135 -35.6012 9998.15 0 2212 6697 1 0 1
208.812 -322.192 0 122.826 144.224 9998.21 0 2212 6698 1 0 1
525.652 80.3702 0 240.621 -47.3838 9996.99 0 2212 6699 1 0 1
-416.685 24.4284 0 -169.508 -285.289 9994.49 0 2212 6700 1 0 1
54.8939 -178.132 0 -12.2548 334.779 9994.39 0 2212 6701 1 0 1
-846.988 -124.786 0 -53.1593 -217.208 9997.5 0 2212 6702 1 0 1
-295.948 178.646 0 160.936 356.801 9992.34 0 2212 6703 1 0 1
-102.056 179.518 0 -101.004 -276.585 9995.66 0 2212 6704 1 0 1
808.067 104.562 0 -144.485 -44.666 9998.86 0 2212 6705 1 0 1
-1536.44 259.566 0 -43.9031 -1022.12 9947.53 0 2212 6706 1 0 1
-467.716 -318.394 0 -17.3788 831.177 9965.38 0 2212 6707 1 0 1
-942.655 -155.011 0 -83.291 -267.114 9996.08 0 2212 6708 1 0 1
-259.057 108.276 0 152.738 -333.116 9993.28 0 2212 6709 1 0 1
272.98 -51.6309 0 -177.231 -366.918 9991.69 0 2212 6710 1 0 1
1268.62 36.2979 0 87.7731 242.706 9996.67 0 2212 6711 1 0 1
-284.926 1.68126 0 151.101 -736.885 9971.67 0 2212 6712 1 0 1
341.542 1.51157 0 -13.7779 479.631 9988.48 0 2212 6713 1 0 1
-327.578 231.841 0 -101.319 437.821 9989.9 0 2212 6714 1 0 1
240.6 77.5624 0 -280.832 -64.8795 9995.85 0 2212 6715 1 0 1
-415.16 -9.88254 0 -36.5233 103.951 9999.39 0 2212 6716 1 0 1
-63.5951 113.824 0 -281.209 69.4248 9995.8 0 2212 6717 1 0 1
290.953 106.354 0 -13.1081 -133.406 9999.1 0 2212 6718 1 0 1
76.1505 -67.2587 0 -45.4693 234.511 9997.15 0 2212 6719 1 0 1
306.705 -218.332 0 13.1107 -165.714 9998.62 0 2212 6720 1 0 1
-764.559 174.404 0 -140.541 68.7284 9998.78 0 2212 6721 1 0 1
119.101 130.717 0 -143.442 195.458 9997.06 0 2212 6722 1 0 1
873.16 49.3295 0 191.29 472.208 9987.01 0 2212 6723 1 0 1
36.8508 234.488 0 66.6402 -6.74036 9999.78 0 2212 6724 1 0 1
545.903 -174.964 0 99.2567 -207.057 9997.36 0 2212 6725 1 0 1
-179.397 6.3621 0 25.5006 588.453 9982.64 0 2212 6726 1 0 1
-1232.3 29.6282 0 170.816 -299.122 9994.07 0 2212 6727 1 0 1
-624.993 -433.086 0 6.41198 102.511 9999.47 0 2212 6728 1 0 1
772.452 315.88 0 -105.374 239.74 9996.57 0 2212 6729 1 0 1
392.192 -105.691 0 -76.3086 179.264 9998.1 0 2212 6730 1 0 1
123.843 -114.212 0 -229.479 -406.515 9989.1 0 2212 6731 1 0 1
-251.208 -82.0465 0 3.02492 234.316 9997.25 0 2212 6732 1 0 1
-672.697 -28.9721 0 69.3866 -222.151 9997.29 0 2212 6733 1 0 1
-243.295 -221.049 0 68.4049 -463.032 9989.04 0 2212 6734 1 0 1
-173.074 -88.7838 0 203.387 -218.093 9995.55 0 2212 6735 1 0 1
-289.696 102.712 0 8.03475 -596.273 9982.2 0 2212 6736 1 0 1
-411.422 -190.788 0 -117.038 79.5856 9999 0 2212 6737 1 0 1
-49.2355 -0.727105 0 147.862 -532.128 9984.74 0 2212 6738 1 0 1
-271.416 391.022 0 -442.506 177.518 9988.63 0 2212 6739 1 0 1
134.615 -375.779 0 238.065 -653.767 9975.77 0 2212 6740 1 0 1
287.95 241.009 0 -259.925 192.835 9994.76 0 2212 6741 1 0 1
984.801 -563.131 0 72.7398 -490.949 9987.68 0 2212 6742 1 0 1
36.9885 -305.456 0 107.73 -605.081 9981.1 0 2212 6743 1 0 1
-77.5526 130.591 0 -211.522 3.93588 9997.76 0 2212 6744 1 0 1
172.31 -69.6077 0 226.486 987.158 9948.58 0 2212 6745 1 0 1
-326.457 52.3723 0 7.39036 91.0831 9999.58 0 2212 6746 1 0 1
-188.69 3.19659 0 50.2097 28.7863 9999.83 0 2212 6747 1 0 1
-402.048 242.462 0 -309.724 388.007 9987.67 0 2212 6748 1 0 1
210.25 151.21 0 57.5277 -89.6821 9999.43 0 2212 6749 1 0 1
51.1503 165.226 0 218.554 116.579 9996.93 0 2212 6750 1 0 1
8.44792 -68.1592 0 0.0674816 -5.86849 10000 0 2212 6751 1 0 1
829.995 347.243 0 -195.184 -47.4287 9997.98 0 2212 6752 1 0 1
23.7007 146.48 0 -175.439 -614.621 9979.55 0 2212 6753 1 0 1
830.098 455.566 0 -199.614 -88.6252 9997.61 0 2212 6754 1 0 1
709.538 -158.439 0 -163.287 -7.52136 9998.66 0 2212 6755 1 0 1
702.811 -489.139 0 -164.678 -183.112 9996.97 0 2212 6756 1 0 1
884.712 -6.37129 0 296.232 -220.034 9993.19 0 2212 6757 1 0 1
219.492 226.202 0 -80.512 359.675 9993.21 0 2212 6758 1 0 1
-313.69 533.179 0 236.529 178.14 9995.62 0 2212 6759 1 0 1
155.03 -569.875 0 -123.859 561.221 9983.47 0 2212 6760 1 0 1
137.117 -58.2559 0 20.8103 297.272 9995.56 0 2212 6761 1 0 1
57.5959 281.663 0 94.3988 528.405 9985.58 0 2212 6762 1 0 1
233.254 -367.464 0 271.985 121.692 9995.56 0 2212 6763 1 0 1
164.218 508.816 0 204.834 320.506 9992.76 0 2212 6764 1 0 1
-66.0333 -73.3097 0 -152.919 210.75 9996.61 0 2212 6765 1 0 1
462.801 108.377 0 7.17922 -289.045 9995.82 0 2212 6766 1 0 1
243.707 131.337 0 433.101 640.204 9970.08 0 2212 6767 1 0 1
676.837 292.129 0 58.59 338.7 9994.09 0 2212 6768 1 0 1
-1186.37 -86.9481 0 -48.5211 202.854 9997.82 0 2212 6769 1 0 1
481.696 -456.437 0 -57.5286 -501.117 9987.27 0 2212 6770 1 0 1
-542.807 359.448 0 156.253 668.695 9976.39 0 2212 6771 1 0 1
-923.531 -54.9057 0 -69.9125 258.807 9996.41 0 2212 6772 1 0 1
173.597 -32.2927 0 20.9739 38.1929 9999.91 0 2212 6773 1 0 1
-211.07 35.8317 0 182.727 -117.453 9997.64 0 2212 6774 1 0 1
-99.4362 -95.6305 0 -16.6287 -558.969 9984.35 0 2212 6775 1 0 1
-469.236 467.95 0 -342.772 -131.369 9993.26 0 2212 6776 1 0 1
-289.68 37.475 0 -84.2483 92.9654 9999.21 0 2212 6777 1 0 1
128.596 292.977 0 -138.771 219.008 9996.64 0 2212 6778 1 0 1
91.843 -199.462 0 72.5019 138.136 9998.78 0 2212 6779 1 0 1
494.866 282.359 0 -50.094 33.3309 9999.82 0 2212 6780 1 0 1
202.22 -408.637 0 24.9548 546.509 9985.02 0 2212 6781 1 0 1
-756.478 172.626 0 -68.9609 93.5598 9999.32 0 2212 6782 1 0 1
-111.368 118.39 0 70.8349 9.95683 9999.74 0 2212 6783 1 0 1
-483.568 -68.4351 0 -87.9522 -537.226 9985.17 0 2212 6784 1 0 1
356.017 -117.166 0 -157.36 23.9598 9998.73 0 2212 6785 1 0 1
396.629 -69.4698 0 -243.346 340.886 9991.23 0 2212 6786 1 0 1
1205.89 -290.619 0 -54.7434 204.696 9997.75 0 2212 6787 1 0 1
526.007 237.656 0 62.2437 436.766 9990.26 0 2212 6788 1 0 1
-32.5417 556.155 0 -9.06969 362.578 9993.42 0 2212 6789 1 0 1
-416.262 91.835 0 8.42531 -433.021 9990.62 0 2212 6790 1 0 1
240.055 269.899 0 51.0405 95.8514 9999.41 0 2212 6791 1 0 1
99.0358 -174.329 0 -92.3834 -303.663 9994.96 0 2212 6792 1 0 1
512.231 348.279 0 14.5403 -263.134 9996.53 0 2212 6793 1 0 1
-471.756 -99.6611 0 -182.831 -273.54 9994.59 0 2212 6794 1 0 1
166.26 -15.0798 0 -101.614 -1339.82 9909.32 0 2212 6795 1 0 1
143.953 -18.1156 0 -73.2976 33.6447 9999.67 0 2212 6796 1 0 1
-460.871 -140.669 0 -31.1506 36.8987 9999.88 0 2212 6797 1 0 1
-59.6461 511.113 0 22.7918 456.601 9989.54 0 2212 6798 1 0 1
-67.3918 125.03 0 -175.756 -200.624 9996.44 0 2212 6799 1 0 1
-579.15 -308.66 0 -82.2879 -53.4807 9999.52 0 2212 6800 1 0 1
-74.2681 -67.687 0 -217.485 21.3051 9997.61 0 2212 6801 1 0 1
-522.133 -59.3119 0 222.071 -35.7967 9997.47 0 2212 6802 1 0 1
213.499 137.582 0 -121.161 556.883 9983.75 0 2212 6803 1 0 1
745.224 -244.267 0 4.05898 -259.511 9996.63 0 2212 6804 1 0 1
23.4075 -169.702 0 108.637 258.19 9996.08 0 2212 6805 1 0 1
68.4858 622.767 0 225.995 625.551 9977.86 0 2212 6806 1 0 1
347.728 72.5168 0 75.1891 532.02 9985.55 0 2212 6807 1 0 1
-198.432 -298.348 0 -242.665 -738.268 9969.76 0 2212 6808 1 0 1
43.6826 -379.613 0 -43.284 481.644 9988.3 0 2212 6809 1 0 1
223.538 399.613 0 142.896 -17.4545 9998.96 0 2212 6810 1 0 1
-344.141 -106.304 0 255.211 333.406 9991.18 0 2212 6811 1 0 1
207.317 70.9022 0 -66.914 45.1532 9999.67 0 2212 6812 1 0 1
668.996 -298.732 0 290.943 -481.551 9984.16 0 2212 6813 1 0 1
254.665 -2.3106 0 140.458 572.989 9982.58 0 2212 6814 1 0 1
441.949 -56.5534 0 -148.491 364.974 9992.23 0 2212 6815 1 0 1
-586.165 333.021 0 10.1824 -550.79 9984.81 0 2212 6816 1 0 1
-0.230218 -273.367 0 282.106 175.845 9994.47 0 2212 6817 1 0 1
529.933 -89.7446 0 284.979 -225.786 9993.39 0 2212 6818 1 0 1
-476.124 -190.537 0 108.373 381.887 9992.12 0 2212 6819 1 0 1
750.417 -155.324 0 -10.4971 -346.068 9994 0 2212 6820 1 0 1
-50.6862 358.98 0 178.078 -495.941 9986.11 0 2212 6821 1 0 1
-204.222 108.028 0 298.954 183.925 9993.84 0 2212 6822 1 0 1
-532.354 205.166 0 -120.701 -447.708 9989.24 0 2212 6823 1 0 1
-378.87 129.468 0 44.3551 17.1206 9999.89 0 2212 6824 1 0 1
-136.727 83.2762 0 41.1395 54.244 9999.77 0 2212 6825 1 0 1
658.49 247.57 0 -2.85522 816.805 9966.59 0 2212 6826 1 0 1
-1.54861 521.295 0 52.2773 -86.2184 9999.49 0 2212 6827 1 0 1
117.769 175.072 0 185.338 -88.9439 9997.89 0 2212 6828 1 0 1
62.2791 8.08221 0 -0.382824 214.692 9997.7 0 2212 6829 1 0 1
-493.038 -106.469 0 177.29 218.881 9996.03 0 2212 6830 1 0 1
-604.139 65.4906 0 85.7539 -428.525 9990.45 0 2212 6831 1 0 1
165.591 -110.254 0 -201.364 -392.57 9990.26 0 2212 6832 1 0 1
-580.69 244.059 0 -74.4137 83.4959 9999.37 0 2212 6833 1 0 1
456.206 359.452 0 58.5976 -104.715 9999.28 0 2212 6834 1 0 1
307.268 152.576 0 5.75762 65.3423 9999.78 0 2212 6835 1 0 1
702.613 -432.042 0 -296.382 -124.132 9994.84 0 2212 6836 1 0 1
639.673 107.248 0 24.7225 -74.9052 9999.69 0 2212 6837 1 0 1
687.974 -205.925 0 -223.49 42.9469 9997.41 0 2212 6838 1 0 1
-770.475 269.678 0 -30.9364 -405.398 9991.73 0 2212 6839 1 0 1
-336.234 -163.692 0 0.836037 50.5278 9999.87 0 2212 6840 1 0 1
722.813 -92.099 0 -115.529 748.651 9971.27 0 2212 6841 1 0 1
540.999 -86.6188 0 -105.842 232.897 9996.73 0 2212 6842 1 0 1
303.415 -125.098 0 208.34 -133.531 9996.94 0 2212 6843 1 0 1
73.6541 361.57 0 473.517 -625.771 9969.16 0 2212 6844 1 0 1
-543.599 -99.2491 0 75.8393 -376.693 9992.61 0 2212 6845 1 0 1
-216.643 210.512 0 -65.8307 -543.347 9985.01 0 2212 6846 1 0 1
-329.372 -253.617 0 -132.43 -453.246 9988.85 0 2212 6847 1 0 1
109.318 227.269 0 -38.2649 53.9205 9999.78 0 2212 6848 1 0 1
-102.235 190.774 0 86.4125 -356.541 9993.27 0 2212 6849 1 0 1
812.817 -24.353 0 -407.074 200.915 9989.69 0 2212 6850 1 0 1
-919.85 -97.4199 0 -71.8302 -280.827 9995.8 0 2212 6851 1 0 1
653.529 240.352 0 33.009 182.745 9998.28 0 2212 6852 1 0 1
-306.13 -259.865 0 -132.556 -232.426 9996.42 0 2212 6853 1 0 1
-304.063 -8.71438 0 189.102 -110.63 9997.6 0 2212 6854 1 0 1
-461.648 -358.992 0 157.229 -341.746 9992.92 0 2212 6855 1 0 1
-1220.33 -98.3175 0 150.086 -663.587 9976.83 0 2212 6856 1 0 1
311.234 -500.332 0 347.578 333.742 9988.38 0 2212 6857 1 0 1
316.207 44.7976 0 103.604 -159.927 9998.18 0 2212 6858 1 0 1
91.7036 224.764 0 -32.0854 435.098 9990.48 0 2212 6859 1 0 1
343.246 -81.6134 0 148.119 495.35 9986.63 0 2212 6860 1 0 1
-238.028 123.59 0 237.826 -660.723 9975.31 0 2212 6861 1 0 1
115.831 218.197 0 40.4144 63.5471 9999.72 0 2212 6862 1 0 1
366.241 -313.6 0 -57.6126 446.448 9989.86 0 2212 6863 1 0 1
155.245 313.555 0 -304.71 497.485 9982.97 0 2212 6864 1 0 1
-976.869 128.054 0 -188.164 -475.045 9986.94 0 2212 6865 1 0 1
265.824 235.252 0 -146.849 9.44235 9998.92 0 2212 6866 1 0 1
-490.959 -505.02 0 -117.901 -27.6148 9999.27 0 2212 6867 1 0 1
-543.903 166.612 0 94.5483 213.494 9997.27 0 2212 6868 1 0 1
-575.752 -109.337 0 48.2375 522.046 9986.25 0 2212 6869 1 0 1
-95.4334 320.918 0 -203.701 376.108 9990.85 0 2212 6870 1 0 1
-401.599 -381.909 0 -81.5549 -418.576 9990.9 0 2212 6871 1 0 1
-382.502 -204.466 0 200.063 393.647 9990.25 0 2212 6872 1 0 1
-339.483 -327.49 0 85.817 -195.612 9997.72 0 2212 6873 1 0 1
-82.243 -211.208 0 120.546 -454.63 9988.93 0 2212 6874 1 0 1
696.743 -154.418 0 8.81615 498.632 9987.56 0 2212 6875 1 0 1
587.025 76.7985 0 312.312 416.95 9986.42 0 2212 6876 1 0 1
297.611 -104.096 0 9.0595 -196.721 9998.06 0 2212 6877 1 0 1
-788.708 -83.1062 0 46.0624 399.567 9991.91 0 2212 6878 1 0 1
-636.668 -204.016 0 130.466 -326.832 9993.81 0 2212 6879 1 0 1
251.976 219.283 0 -127.574 -676.558 9976.27 0 2212 6880 1 0 1
-1113.19 183.665 0 14.0193 372.917 9993.03 0 2212 6881 1 0 1
-7.61106 146.015 0 123.37 -134.063 9998.34 0 2212 6882 1 0 1
594.156 -137.793 0 209.115 250.131 9994.68 0 2212 6883 1 0 1
408.6 -177.297 0 -8.75129 573.292 9983.55 0 2212 6884 1 0 1
-168.265 302.059 0 -50.9203 -920.371 9957.43 0 2212 6885 1 0 1
-730.301 251.224 0 -18.7175 -25.349 9999.95 0 2212 6886 1 0 1
3.42767 -326.965 0 -253.149 210.741 9994.57 0 2212 6887 1 0 1
170.337 433.758 0 -118.782 781.259 9968.73 0 2212 6888 1 0 1
-152.71 -193.115 0 -296.972 437.132 9986.03 0 2212 6889 1 0 1
488.398 -56.487 0 -133.041 271.475 9995.43 0 2212 6890 1 0 1
-167.683 256.965 0 27.3038 -261.269 9996.55 0 2212 6891 1 0 1
-142.439 139.933 0 -166.971 250.401 9995.47 0 2212 6892 1 0 1
568.043 8.07936 0 14.2458 47.9094 9999.88 0 2212 6893 1 0 1
-893.397 -155.171 0 34.1932 -147.848 9998.85 0 2212 6894 1 0 1
-106.664 -186.207 0 -227.738 -575.2 9980.85 0 2212 6895 1 0 1
171.939 490.197 0 -20.9946 39.584 9999.9 0 2212 6896 1 0 1
-86.2239 -71.3575 0 -201.077 -416.291 9989.31 0 2212 6897 1 0 1
457.249 -92.9321 0 -145.141 733.396 9972.01 0 2212 6898 1 0 1
374.752 125.856 0 223.052 525.461 9983.69 0 2212 6899 1 0 1
-7.93936 -146.547 0 140.161 -549.391 9983.91 0 2212 6900 1 0 1
948.817 51.9748 0 103.567 349.571 9993.35 0 2212 6901 1 0 1
-1006.62 180.262 0 206.515 -53.1874 9997.73 0 2212 6902 1 0 1
596.482 -205.133 0 307.069 520.711 9981.71 0 2212 6903 1 0 1
681.769 137.734 0 -58.6544 -145.462 9998.77 0 2212 6904 1 0 1
690.452 -24.1884 0 -13.2913 -275.623 9996.19 0 2212 6905 1 0 1
108.355 -103.994 0 192.616 10.6165 9998.14 0 2212 6906 1 0 1
250.961 21.2177 0 -45.5736 99.3042 9999.4 0 2212 6907 1 0 1
-1044 -213.573 0 -75.2752 649.32 9978.61 0 2212 6908 1 0 1
-575.801 -209.472 0 168.996 220.144 9996.15 0 2212 6909 1 0 1
369.676 -245.205 0 91.7507 -27.9753 9999.54 0 2212 6910 1 0 1
-441.799 -231.318 0 13.5796 -141.137 9998.99 0 2212 6911 1 0 1
-40.9091 21.3372 0 214.034 -38.0423 9997.64 0 2212 6912 1 0 1
-705.227 -199.389 0 -235.726 165.53 9995.85 0 2212 6913 1 0 1
-341.59 107.899 0 -82.6261 -193.772 9997.78 0 2212 6914 1 0 1
687.898 80.6094 0 53.7166 -627.378 9980.16 0 2212 6915 1 0 1
486.534 -91.7091 0 148.205 7.70926 9998.9 0 2212 6916 1 0 1
771.563 -222.198 0 -141.954 172.113 9997.51 0 2212 6917 1 0 1
-79.5984 155.511 0 46.1085 516.759 9986.53 0 2212 6918 1 0 1
581.369 157.811 0 179.592 -538.224 9983.89 0 2212 6919 1 0 1
963.488 -185 0 138.137 402.441 9990.94 0 2212 6920 1 0 1
1018.52 340.338 0 -113.561 413.441 9990.8 0 2212 6921 1 0 1
-156.949 145.669 0 281.045 -916.569 9953.94 0 2212 6922 1 0 1
5.99363 34.341 0 -52.1271 -667.654 9977.55 0 2212 6923 1 0 1
567.327 -64.0223 0 -55.4298 -691.269 9975.92 0 2212 6924 1 0 1
-95.4468 39.1166 0 -86.0338 -63.1471 9999.43 0 2212 6925 1 0 1
-305.628 -240.149 0 -175.771 -70.7365 9998.2 0 2212 6926 1 0 1
-228.676 -40.7814 0 61.9892 193.987 9997.93 0 2212 6927 1 0 1
-414.687 -338.013 0 183.124 -651.096 9977.1 0 2212 6928 1 0 1
-563.234 -67.4883 0 -142.967 -66.5076 9998.76 0 2212 6929 1 0 1
396.145 72.4981 0 -448.191 81.2073 9989.62 0 2212 6930 1 0 1
-283.143 -400.944 0 -329.453 3.29144 9994.57 0 2212 6931 1 0 1
106.55 379.409 0 14.0666 471.648 9988.86 0 2212 6932 1 0 1
-941.902 -172.982 0 -292.966 104.313 9995.16 0 2212 6933 1 0 1
-95.9711 50.2831 0 239.942 126.596 9996.32 0 2212 6934 1 0 1
-245.457 287.713 0 366.707 282.271 9989.29 0 2212 6935 1 0 1
-392.941 -588.353 0 183.85 146.912 9997.23 0 2212 6936 1 0 1
-22.4707 109.754 0 2.7503 49.5771 9999.88 0 2212 6937 1 0 1
-576.717 183.366 0 17.3367 -1036.07 9946.17 0 2212 6938 1 0 1
145.904 -30.2688 0 101.926 -559.596 9983.81 0 2212 6939 1 0 1
1372.89 123.637 0 -89.0282 -537.846 9985.13 0 2212 6940 1 0 1
292.673 36.8957 0 118.662 467.868 9988.34 0 2212 6941 1 0 1
684.362 -176.358 0 -146.249 -614.142 9980.05 0 2212 6942 1 0 1
347.406 96.6731 0 338.244 155.483 9993.07 0 2212 6943 1 0 1
-5.05892 -83.4843 0 -149.873 205.479 9996.77 0 2212 6944 1 0 1
-47.2054 361.546 0 87.9985 -317.132 9994.58 0 2212 6945 1 0 1
355.887 -95.8813 0 -17.6493 -52.0317 9999.85 0 2212 6946 1 0 1
-88.6684 -371.51 0 70.2813 363.427 9993.15 0 2212 6947 1 0 1
482.635 267.986 0 -155.075 -105.238 9998.24 0 2212 6948 1 0 1
232.279 -124.786 0 -94.1855 153.708 9998.38 0 2212 6949 1 0 1
-267.455 165.667 0 -32.7806 -814.844 9966.69 0 2212 6950 1 0 1
-409.173 46.8235 0 -76.3114 -394.929 9991.91 0 2212 6951 1 0 1
-1113.34 212.397 0 -166.965 376.144 9991.53 0 2212 6952 1 0 1
149.937 217.759 0 -164.89 -320.808 9993.49 0 2212 6953 1 0 1
32.9636 -184.11 0 84.3299 104.956 9999.09 0 2212 6954 1 0 1
-961.423 349.817 0 -289.271 -48.64 9995.7 0 2212 6955 1 0 1
-598.343 143.258 0 77.354 38.6048 9999.63 0 2212 6956 1 0 1
-549.107 241.663 0 19.5597 592.382 9982.42 0 2212 6957 1 0 1
167.727 -288.471 0 -65.0798 332.416 9994.26 0 2212 6958 1 0 1
660.363 -95.0235 0 21.9109 -446.939 9989.98 0 2212 6959 1 0 1
337.271 318.773 0 21.3868 -10.0671 9999.97 0 2212 6960 1 0 1
-692.928 195.617 0 182.773 -310.635 9993.5 0 2212 6961 1 0 1
1029.21 -235.443 0 -133.047 121.441 9998.38 0 2212 6962 1 0 1
183.281 -406.863 0 -121.445 470.656 9988.18 0 2212 6963 1 0 1
-385.057 -145.524 0 48.3935 717.706 9974.09 0 2212 6964 1 0 1
190.784 432.323 0 -77.9518 -862.488 9962.43 0 2212 6965 1 0 1
-546.35 -75.3293 0 -9.03179 -97.4027 9999.52 0 2212 6966 1 0 1
566.307 132.743 0 -185.289 -272.828 9994.56 0 2212 6967 1 0 1
224.314 82.3104 0 239.168 -44.023 9997.04 0 2212 6968 1 0 1
-717.736 11.382 0 168.051 371.291 9991.69 0 2212 6969 1 0 1
-396.897 174.13 0 251.655 -65.7503 9996.62 0 2212 6970 1 0 1
720.497 346 0 74.6532 145.459 9998.66 0 2212 6971 1 0 1
183.713 -16.2076 0 -50.201 248.64 9996.78 0 2212 6972 1 0 1
522.026 89.9846 0 -180.609 -123.37 9997.61 0 2212 6973 1 0 1
-185.263 579.722 0 -120.45 11.8752 9999.27 0 2212 6974 1 0 1
729.622 -159.592 0 217.956 47.7502 9997.51 0 2212 6975 1 0 1
-538.88 135.958 0 -110.22 133.133 9998.51 0 2212 6976 1 0 1
-756.422 67.1824 0 -171.757 594.999 9980.81 0 2212 6977 1 0 1
-994.94 -94.3668 0 -213.696 -603.292 9979.5 0 2212 6978 1 0 1
145.395 554.377 0 -1.5514 169.303 9998.57 0 2212 6979 1 0 1
-734.808 484.55 0 -350.681 5.8754 9993.85 0 2212 6980 1 0 1
-324.861 -145.06 0 -146.85 -231.227 9996.25 0 2212 6981 1 0 1
-500.691 200.363 0 109.099 213.586 9997.12 0 2212 6982 1 0 1
568.294 -196.738 0 221.534 70.7878 9997.3 0 2212 6983 1 0 1
-191.675 105.328 0 -9.95418 -1111.64 9938.02 0 2212 6984 1 0 1
1123.26 -108.314 0 -101.331 -82.8293 9999.14 0 2212 6985 1 0 1
-382.685 -79.5823 0 199.616 -156.376 9996.78 0 2212 6986 1 0 1
-42.0791 18.595 0 -237.944 -22.8036 9997.14 0 2212 6987 1 0 1
-253.427 -123.882 0 -220.228 492.413 9985.44 0 2212 6988 1 0 1
1083.51 85.6091 0 -67.182 731.93 9972.95 0 2212 6989 1 0 1
291.941 -104.551 0 241.734 -105.524 9996.52 0 2212 6990 1 0 1
-585.407 -2.90789 0 -265.022 -10.7296 9996.48 0 2212 6991 1 0 1
680.844 -282.336 0 -130.542 161.77 9997.84 0 2212 6992 1 0 1
1109.68 -9.07868 0 105.173 72.6021 9999.18 0 2212 6993 1 0 1
775.181 -93.8305 0 -7.51443 456.716 9989.56 0 2212 6994 1 0 1
-488.581 46.339 0 -522.918 -205.71 9984.2 0 2212 6995 1 0 1
34.3188 -298.646 0 58.0925 -222.22 9997.36 0 2212 6996 1 0 1
-594.37 -352.552 0 -220.039 140.002 9996.6 0 2212 6997 1 0 1
-259.302 -398.972 0 211.654 315.887 9992.77 0 2212 6998 1 0 1
-192.353 -94.6753 0 -93.0503 -140.643 9998.58 0 2212 6999 1 0 1
257.352 235.114 0 58.6155 270.083 9996.18 0 2212 7000 1 0 1
173.413 -398.078 0 -238.798 -641.249 9976.56 0 2212 7001 1 0 1
648.631 37.3502 0 -131.385 -375.561 9992.08 0 2212 7002 1 0 1
796.388 -592.348 0 41.086 330.83 9994.44 0 2212 7003 1 0 1
289.433 -102.228 0 405.153 80.3897 9991.47 0 2212 7004 1 0 1
205.559 162.368 0 103.605 44.926 9999.36 0 2212 7005 1 0 1
295.62 -116.024 0 -15.9118 -60.3605 9999.81 0 2212 7006 1 0 1
-1015.9 285.436 0 124.255 -167.74 9997.82 0 2212 7007 1 0 1
-350.637 287.605 0 285.785 541.884 9981.22 0 2212 7008 1 0 1
-220.405 -151.222 0 151.413 -693.267 9974.79 0 2212 7009 1 0 1
-528.924 -161.639 0 7.80256 377.909 9992.85 0 2212 7010 1 0 1
49.5488 472.38 0 -17.5302 -672.535 9977.34 0 2212 7011 1 0 1
464.203 82.9928 0 120.627 -46.6792 9999.16 0 2212 7012 1 0 1
-279.164 -370.214 0 56.8719 -315.098 9994.87 0 2212 7013 1 0 1
527.323 -19.2939 0 128.951 -654.572 9977.72 0 2212 7014 1 0 1
287.129 62.6447 0 -140.265 -370.888 9992.14 0 2212 7015 1 0 1
-542.734 160.815 0 -386.485 245.638 9989.51 0 2212 7016 1 0 1
9.25217 513.354 0 -37.6946 145.862 9998.87 0 2212 7017 1 0 1
-938.269 -106.952 0 -63.8993 413.018 9991.26 0 2212 7018 1 0 1
308.628 -40.4477 0 322.002 314.132 9989.88 0 2212 7019 1 0 1
-307.281 -29.1826 0 -73.7649 387.308 9992.22 0 2212 7020 1 0 1
421.783 261.739 0 -42.9501 92.0749 9999.48 0 2212 7021 1 0 1
391.309 290.552 0 81.7092 309.462 9994.88 0 2212 7022 1 0 1
-450.364 -50.7546 0 -227.222 311.595 9992.56 0 2212 7023 1 0 1
-1081.58 81.7479 0 8.16532 97.8211 9999.52 0 2212 7024 1 0 1
198.006 82.9466 0 -113.565 222.456 9996.88 0 2212 7025 1 0 1
-559.313 -27.3974 0 -247.88 -762.469 9967.81 0 2212 7026 1 0 1
-41.4419 -223.494 0 -62.3107 1083.03 9940.98 0 2212 7027 1 0 1
304.611 142.736 0 95.4611 85.0499 9999.18 0 2212 7028 1 0 1
885.46 -14.7404 0 206.723 -654.452 9976.42 0 2212 7029 1 0 1
302.994 -137.273 0 -79.2566 114.624 9999.03 0 2212 7030 1 0 1
10.3892 -414.446 0 330.551 -528.151 9980.57 0 2212 7031 1 0 1
-190.601 340.096 0 53.2067 -525.575 9986.04 0 2212 7032 1 0 1
-353.081 -92.6991 0 -112.299 96.882 9998.9 0 2212 7033 1 0 1
185.91 287.973 0 -94.4443 -164.2 9998.21 0 2212 7034 1 0 1
781.709 -348.954 0 -255.098 -448.049 9986.7 0 2212 7035 1 0 1
-260.371 183.201 0 -5.45667 -624.934 9980.45 0 2212 7036 1 0 1
-930.13 169.457 0 -46.8308 -277.705 9996.03 0 2212 7037 1 0 1
516.385 -18.3845 0 -159.705 59.2252 9998.55 0 2212 7038 1 0 1
-1052.21 -187.625 0 241.194 323.723 9991.85 0 2212 7039 1 0 1
487.922 -67.6519 0 -39.8402 -280.919 9995.97 0 2212 7040 1 0 1
542.772 479.554 0 336.331 -410.769 9985.9 0 2212 7041 1 0 1
-76.3377 -174.775 0 -76.8204 -279.189 9995.81 0 2212 7042 1 0 1
-433.222 405.414 0 21.0902 -209.632 9997.78 0 2212 7043 1 0 1
912.676 229.791 0 148.998 -353.081 9992.65 0 2212 7044 1 0 1
237.612 393.11 0 450.924 428.087 9980.65 0 2212 7045 1 0 1
299.008 106.828 0 129.012 494.294 9986.94 0 2212 7046 1 0 1
444.409 124.312 0 -227.98 674.018 9974.65 0 2212 7047 1 0 1
-241.921 -301.462 0 162.628 231.868 9995.99 0 2212 7048 1 0 1
12.6923 -94.1911 0 -185.085 260.882 9994.88 0 2212 7049 1 0 1
-389.54 -64.6 0 -43.2184 620.102 9980.66 0 2212 7050 1 0 1
-444.893 244.586 0 20.5256 -305.435 9995.31 0 2212 7051 1 0 1
-223.415 -37.2687 0 124.142 79.3399 9998.91 0 2212 7052 1 0 1
-156.418 9.12792 0 148.102 -778.787 9968.53 0 2212 7053 1 0 1
259.412 -118.262 0 376.01 -21.9751 9992.9 0 2212 7054 1 0 1
14.1131 -176.374 0 -107.702 -908.478 9958.07 0 2212 7055 1 0 1
703.156 -239.087 0 -167.77 258.759 9995.24 0 2212 7056 1 0 1
-1146.62 -90.7562 0 -73.7601 1071.65 9942.14 0 2212 7057 1 0 1
-114.252 -315.896 0 -325.703 357.753 9988.29 0 2212 7058 1 0 1
23.8872 143.605 0 65.2889 -402.335 9991.69 0 2212 7059 1 0 1
-497.54 -88.2319 0 4.72081 626.017 9980.38 0 2212 7060 1 0 1
-251.919 -131.791 0 291.655 74.9165 9995.47 0 2212 7061 1 0 1
-273.807 242.465 0 -200.688 141.959 9996.98 0 2212 7062 1 0 1
60.4334 145.38 0 78.0972 -242.683 9996.75 0 2212 7063 1 0 1
464.759 352.78 0 277.32 59.3113 9995.98 0 2212 7064 1 0 1
-1164.38 -240.856 0 -128.1 350.71 9993.03 0 2212 7065 1 0 1
-753.021 -126.364 0 -99.1173 -314.298 9994.57 0 2212 7066 1 0 1
-389.748 -27.5991 0 -84.2197 -698.099 9975.25 0 2212 7067 1 0 1
942.169 80.8243 0 -407.278 518.604 9978.24 0 2212 7068 1 0 1
-104.392 102.679 0 72.979 -175.693 9998.19 0 2212 7069 1 0 1
325.104 -332.05 0 -246.442 -203.287 9994.9 0 2212 7070 1 0 1
-1017.67 -33.7184 0 192.718 347.554 9992.1 0 2212 7071 1 0 1
-218.526 332.984 0 -248.449 254.692 9993.67 0 2212 7072 1 0 1
-200.113 -175.908 0 -74.3805 208.39 9997.55 0 2212 7073 1 0 1
-368.28 9.28819 0 -84.6284 -158.566 9998.38 0 2212 7074 1 0 1
310.806 -39.6049 0 80.4192 -423.637 9990.7 0 2212 7075 1 0 1
1403.36 -1.36211 0 -25.5182 -248.188 9996.89 0 2212 7076 1 0 1
-60.3057 172.834 0 -31.7052 -84.5206 9999.59 0 2212 7077 1 0 1
490.198 100.292 0 -117.325 952.401 9953.85 0 2212 7078 1 0 1
344.748 -313.068 0 -472.116 -19.9257 9988.83 0 2212 7079 1 0 1
86.6384 222.562 0 307.52 932.512 9951.68 0 2212 7080 1 0 1
-229.581 127.115 0 18.1023 155.622 9998.77 0 2212 7081 1 0 1
409.493 24.7513 0 -124.137 105.52 9998.67 0 2212 7082 1 0 1
-147.961 135.012 0 252.153 389.441 9989.23 0 2212 7083 1 0 1
1032.75 258.902 0 117.767 79.8073 9998.99 0 2212 7084 1 0 1
-139.448 -445.459 0 -56.7833 -23.1699 9999.81 0 2212 7085 1 0 1
596.305 -212.959 0 -97.3957 -707.632 9974.46 0 2212 7086 1 0 1
328.669 166.364 0 -321.233 30.7494 9994.79 0 2212 7087 1 0 1
-428.391 256.069 0 -109.005 -78.4961 9999.1 0 2212 7088 1 0 1
-188.924 -14.371 0 64.6781 726.79 9973.34 0 2212 7089 1 0 1
-354.908 -433.39 0 -28.7817 415.994 9991.3 0 2212 7090 1 0 1
780.6 209.315 0 -165.234 -256.751 9995.34 0 2212 7091 1 0 1
-986.631 270.982 0 1.35126 348.527 9993.92 0 2212 7092 1 0 1
-712.981 24.4688 0 -267.588 113.892 9995.77 0 2212 7093 1 0 1
-237.736 116.995 0 -70.442 17.6101 9999.74 0 2212 7094 1 0 1
-1001.2 6.34741 0 -260.036 -318.547 9991.54 0 2212 7095 1 0 1
-1493.79 -99.9791 0 -224.337 -370.581 9990.61 0 2212 7096 1 0 1
-258.366 -34.423 0 -127.552 343.055 9993.3 0 2212 7097 1 0 1
-799.011 -33.0942 0 2.11007 149.245 9998.89 0 2212 7098 1 0 1
1233.95 -88.4162 0 -221.041 470.865 9986.46 0 2212 7099 1 0 1
-143.355 -376.025 0 -66.4717 -464.354 9988.99 0 2212 7100 1 0 1
-222.849 165.773 0 88.425 -221.934 9997.15 0 2212 7101 1 0 1
-686.884 -44.392 0 116.609 -104.866 9998.77 0 2212 7102 1 0 1
309.104 -42.114 0 154.679 -89.2529 9998.41 0 2212 7103 1 0 1
450.024 489.26 0 -289.546 -690.784 9971.91 0 2212 7104 1 0 1
1005.59 29.6677 0 73.9931 7.65201 9999.72 0 2212 7105 1 0 1
505.072 -181.124 0 -8.24069 -192.615 9998.14 0 2212 7106 1 0 1
366.725 -354.358 0 -200.464 -191.184 9996.16 0 2212 7107 1 0 1
-848.503 -330.627 0 146.269 -321.02 9993.78 0 2212 7108 1 0 1
-113.768 -294.167 0 22.9275 48.9472 9999.85 0 2212 7109 1 0 1
623.936 159.331 0 -179.98 -288.104 9994.23 0 2212 7110 1 0 1
-258.27 -155.429 0 -77.2443 -235.818 9996.92 0 2212 7111 1 0 1
-105.392 321.01 0 -120.567 -761.967 9970.2 0 2212 7112 1 0 1
722.024 217.992 0 -149.604 155.475 9997.67 0 2212 7113 1 0 1
-143.191 211.376 0 53.3875 547.108 9984.88 0 2212 7114 1 0 1
-589.687 -413.711 0 59.1147 391.267 9992.17 0 2212 7115 1 0 1
295.101 -66.1336 0 -265.865 293.857 9992.15 0 2212 7116 1 0 1
-189.04 339.661 0 -61.3277 -727.122 9973.34 0 2212 7117 1 0 1
-117.308 -116.368 0 228.288 -836.481 9962.34 0 2212 7118 1 0 1
-1584.03 -127.356 0 223.049 -331.218 9992.02 0 2212 7119 1 0 1
437.826 -91.7339 0 -286.182 -1033.46 9942.34 0 2212 7120 1 0 1
432.52 93.8669 0 -423.847 -835.755 9956 0 2212 7121 1 0 1
62.3804 -9.69853 0 338.21 421.735 9985.38 0 2212 7122 1 0 1
-181.602 -126.767 0 -65.6273 351.153 9993.62 0 2212 7123 1 0 1
-391.294 243.34 0 186.923 -770.577 9968.51 0 2212 7124 1 0 1
-560.13 -193.655 0 -148.147 -636.888 9978.6 0 2212 7125 1 0 1
179.099 321.108 0 -366.982 -248.971 9990.16 0 2212 7126 1 0 1
-16.3986 -2.69397 0 -172.04 440.832 9988.8 0 2212 7127 1 0 1
-128.043 530.592 0 40.9031 -116.445 9999.24 0 2212 7128 1 0 1
-641.954 339.865 0 175.502 -1.96554 9998.46 0 2212 7129 1 0 1
-641.251 244.209 0 -20.7112 -390.141 9992.37 0 2212 7130 1 0 1
378.176 -103.708 0 -49.7196 -853.068 9963.42 0 2212 7131 1 0 1
49.8645 -267.233 0 -151.743 -628.967 9979.05 0 2212 7132 1 0 1
575.655 -22.4105 0 165.454 54.3787 9998.48 0 2212 7133 1 0 1
505.491 -42.6675 0 9.12333 47.2888 9999.88 0 2212 7134 1 0 1
83.7631 -118.709 0 39.9664 136.849 9998.98 0 2212 7135 1 0 1
-66.7923 -552.632 0 46.2111 399.621 9991.91 0 2212 7136 1 0 1
-601.834 -161.447 0 10.314 -546.299 9985.06 0 2212 7137 1 0 1
111.383 -620.149 0 -81.8843 1269.74 9918.72 0 2212 7138 1 0 1
161.319 119.185 0 41.8103 -118.312 9999.21 0 2212 7139 1 0 1
-732.199 21.5462 0 81.8333 616.042 9980.67 0 2212 7140 1 0 1
297.51 71.1514 0 123.043 207.678 9997.09 0 2212 7141 1 0 1
154.12 -181.355 0 137.465 -683.424 9975.67 0 2212 7142 1 0 1
158.177 -75.8161 0 295.325 -588.941 9978.27 0 2212 7143 1 0 1
472.77 206.669 0 352.816 -244.07 9990.79 0 2212 7144 1 0 1
-582.82 -447.284 0 99.9971 -713.528 9974.01 0 2212 7145 1 0 1
601.516 -6.39309 0 -190.638 485.961 9986.37 0 2212 7146 1 0 1
1080.75 -187.141 0 152.555 -6.70321 9998.83 0 2212 7147 1 0 1
311.045 98.4504 0 -141.102 649.97 9977.86 0 2212 7148 1 0 1
343.909 -139.89 0 -139.984 44.6046 9998.92 0 2212 7149 1 0 1
50.8702 -65.6621 0 -361.485 133.969 9992.57 0 2212 7150 1 0 1
636.303 14.5532 0 -90.0776 194.082 9997.71 0 2212 7151 1 0 1
-967.07 -25.3853 0 99.5473 -733.829 9972.54 0 2212 7152 1 0 1
-526.563 -268.881 0 46.517 89.0835 9999.5 0 2212 7153 1 0 1
-783.411 400.587 0 -1.71255 166.669 9998.61 0 2212 7154 1 0 1
382.519 90.1664 0 -34.6413 -30.4314 9999.89 0 2212 7155 1 0 1
206.58 -304.053 0 -340.275 402.364 9986.11 0 2212 7156 1 0 1
-265.93 173.725 0 -27.6298 -67.4201 9999.73 0 2212 7157 1 0 1
422.476 -141.212 0 140.055 161.453 9997.72 0 2212 7158 1 0 1
-515.76 -119.713 0 71.7078 206.421 9997.61 0 2212 7159 1 0 1
438.547 62.5787 0 70.7857 322.285 9994.55 0 2212 7160 1 0 1
46.3682 -694.871 0 -151.806 126.307 9998.05 0 2212 7161 1 0 1
453.034 -224.828 0 -12.3763 150.377 9998.86 0 2212 7162 1 0 1
-119.046 233.464 0 -63.9986 -186.557 9998.05 0 2212 7163 1 0 1
-392.396 245.738 0 -21.3606 -181.76 9998.33 0 2212 7164 1 0 1
-231.836 -179.029 0 -38.0325 389.073 9992.36 0 2212 7165 1 0 1
-191.105 366.095 0 -48.0471 -75.6841 9999.6 0 2212 7166 1 0 1
-481.423 -18.8132 0 132.371 107.461 9998.55 0 2212 7167 1 0 1
319.443 79.2704 0 35.6651 493.917 9987.73 0 2212 7168 1 0 1
625.555 94.2798 0 -75.0297 409.636 9991.32 0 2212 7169 1 0 1
-690.582 -270.959 0 -50.5867 128.787 9999.04 0 2212 7170 1 0 1
440.577 297.851 0 -42.7598 -351.155 9993.74 0 2212 7171 1 0 1
-460.781 -136.443 0 -88.7245 73.741 9999.33 0 2212 7172 1 0 1
-154.124 45.9029 0 -212.697 -471.508 9986.61 0 2212 7173 1 0 1
999.791 -219.357 0 41.84 562.498 9984.08 0 2212 7174 1 0 1
-812.267 60.2589 0 29.4736 31.2221 9999.91 0 2212 7175 1 0 1
-338.824 20.8687 0 -50.0011 -339.806 9994.1 0 2212 7176 1 0 1
100.714 -75.9335 0 91.6164 -61.1231 9999.39 0 2212 7177 1 0 1
37.6772 56.1829 0 153.651 317.57 9993.78 0 2212 7178 1 0 1
-58.7693 -90.5164 0 -35.6263 669.868 9977.48 0 2212 7179 1 0 1
-95.0105 236.117 0 -153.417 -60.6665 9998.64 0 2212 7180 1 0 1
-92.357 -144.074 0 -215.548 -348.082 9991.62 0 2212 7181 1 0 1
339.794 441.773 0 -97.8524 -340.874 9993.71 0 2212 7182 1 0 1
-774.506 -71.4817 0 114.927 -152.895 9998.17 0 2212 7183 1 0 1
-1111.64 327.128 0 -396.195 -388.942 9984.58 0 2212 7184 1 0 1
-356.423 193.303 0 80.1486 337.487 9993.98 0 2212 7185 1 0 1
-291.915 208.588 0 -196.137 -793.776 9966.52 0 2212 7186 1 0 1
-352.341 341.773 0 239.259 1427.4 9894.71 0 2212 7187 1 0 1
854.401 -144.628 0 -143.254 -78.8755 9998.66 0 2212 7188 1 0 1
-32.4944 18.1355 0 -50.5366 281.5 9995.91 0 2212 7189 1 0 1
933.036 334.922 0 155.1 -515.126 9985.52 0 2212 7190 1 0 1
-63.0143 5.62061 0 163.583 652.734 9977.33 0 2212 7191 1 0 1
-335.639 -135.198 0 -3.31352 -77.5216 9999.7 0 2212 7192 1 0 1
104.71 31.7722 0 -7.61938 60.3123 9999.82 0 2212 7193 1 0 1
-56.2251 -427.931 0 175.804 7.48275 9998.45 0 2212 7194 1 0 1
-168.025 74.5861 0 -20.0597 -289.136 9995.8 0 2212 7195 1 0 1
542.652 120.954 0 -466.099 -212.064 9986.88 0 2212 7196 1 0 1
-827.944 8.63061 0 -275.653 103.218 9995.67 0 2212 7197 1 0 1
-173.901 443.895 0 177.589 -35.7452 9998.36 0 2212 7198 1 0 1
706.949 95.6887 0 -205.789 -479.086 9986.4 0 2212 7199 1 0 1
-1193.1 -136.925 0 72.7017 325.054 9994.45 0 2212 7200 1 0 1
-82.4369 -33.2654 0 253.041 137.144 9995.86 0 2212 7201 1 0 1
24.0327 -404.741 0 182.056 321.668 9993.17 0 2212 7202 1 0 1
-202.873 -61.2454 0 3.31011 -605.45 9981.65 0 2212 7203 1 0 1
1227.34 -174.022 0 -104.015 -362.003 9992.9 0 2212 7204 1 0 1
1233.83 537.725 0 -428.613 -684.646 9967.32 0 2212 7205 1 0 1
82.9781 444.546 0 6.37289 -169.645 9998.56 0 2212 7206 1 0 1
-73.8129 114.695 0 -45.7515 -1.47209 9999.9 0 2212 7207 1 0 1
1083.23 528.869 0 128.92 -855.753 9962.48 0 2212 7208 1 0 1
-382.699 -57.3957 0 259.707 501.458 9984.04 0 2212 7209 1 0 1
-599.973 145.732 0 129.167 -345.389 9993.2 0 2212 7210 1 0 1
1035.12 -22.2243 0 75.9036 -541.795 9985.02 0 2212 7211 1 0 1
-268.934 59.5911 0 -181.638 -382.641 9991.03 0 2212 7212 1 0 1
-836.218 -32.067 0 -354.035 -207.428 9991.58 0 2212 7213 1 0 1
-80.9793 356.712 0 -224.963 -223.949 9994.96 0 2212 7214 1 0 1
-214.036 -84.0779 0 52.1343 553.961 9984.51 0 2212 7215 1 0 1
-879.971 -114.117 0 166.335 -117.697 9997.92 0 2212 7216 1 0 1
624.375 -99.4709 0 -242.651 -325.308 9991.76 0 2212 7217 1 0 1
348.261 -217.918 0 62.5547 -374.013 9992.81 0 2212 7218 1 0 1
-621.175 156.462 0 381.456 -327.319 9987.36 0 2212 7219 1 0 1
-796.025 171.247 0 -132.397 -772.994 9969.2 0 2212 7220 1 0 1
-570.891 26.4732 0 -267.054 -593.733 9978.79 0 2212 7221 1 0 1
-254.987 208.185 0 30.3248 355.106 9993.65 0 2212 7222 1 0 1
-1186.5 39.6433 0 163.028 185.485 9996.95 0 2212 7223 1 0 1
-155.861 163.05 0 -8.58479 -65.6965 9999.78 0 2212 7224 1 0 1
-859.495 -148.527 0 -21.8407 382.28 9992.67 0 2212 7225 1 0 1
868.238 171.129 0 309.895 168.052 9993.78 0 2212 7226 1 0 1
-373.681 -47.2006 0 -67.654 -66.1715 9999.55 0 2212 7227 1 0 1
-383.657 47.4522 0 484.457 -598.944 9970.28 0 2212 7228 1 0 1
-134.232 -181.903 0 137.306 -330.323 9993.6 0 2212 7229 1 0 1
-905.101 573.907 0 -182.923 -755.369 9969.75 0 2212 7230 1 0 1
-517.596 54.2383 0 -81.0832 -22.6148 9999.65 0 2212 7231 1 0 1
24.5174 -25.62 0 -32.9078 361.687 9993.4 0 2212 7232 1 0 1
-1395.28 221.699 0 -141.052 267.856 9995.42 0 2212 7233 1 0 1
196.207 138.718 0 181.316 534.244 9984.07 0 2212 7234 1 0 1
515.124 94.8912 0 7.85624 -49.5361 9999.87 0 2212 7235 1 0 1
-155.976 -237.37 0 -165.105 -153.638 9997.46 0 2212 7236 1 0 1
-109.865 -405.849 0 -239.083 -31.2586 9997.09 0 2212 7237 1 0 1
-793.383 -1.46759 0 31.5596 -72.1883 9999.69 0 2212 7238 1 0 1
372.103 135.279 0 337.788 566.863 9978.2 0 2212 7239 1 0 1
-18.6588 153.923 0 279.617 -236.8 9993.28 0 2212 7240 1 0 1
580.581 71.8241 0 453.799 -88.8169 9989.3 0 2212 7241 1 0 1
-593.016 182.772 0 62.481 -311.009 9994.97 0 2212 7242 1 0 1
-201.186 3.32182 0 121.457 -64.874 9999.05 0 2212 7243 1 0 1
-935.196 -372.045 0 64.6434 457.101 9989.34 0 2212 7244 1 0 1
-879.565 436.951 0 206.916 115.517 9997.19 0 2212 7245 1 0 1
378.553 24.6652 0 -290.146 140.346 9994.8 0 2212 7246 1 0 1
-210.37 49.3618 0 -72.5954 406.661 9991.46 0 2212 7247 1 0 1
320.635 73.5067 0 -86.1979 -263.775 9996.15 0 2212 7248 1 0 1
-1211.09 -417.783 0 28.4853 -230.466 9997.3 0 2212 7249 1 0 1
-568.344 -257.999 0 -87.0165 95.3786 9999.17 0 2212 7250 1 0 1
-313.106 175.845 0 213.136 -72.4268 9997.47 0 2212 7251 1 0 1
1077.14 -227.298 0 65.0349 58.9671 9999.61 0 2212 7252 1 0 1
234.325 -291.023 0 140.401 443.12 9989.19 0 2212 7253 1 0 1
818.841 51.9537 0 215.067 -349.918 9991.56 0 2212 7254 1 0 1
-299.152 160.3 0 -100.601 -557.996 9983.91 0 2212 7255 1 0 1
792.548 102.755 0 221.832 25.8123 9997.51 0 2212 7256 1 0 1
-727.084 -136.861 0 -111.709 -19.0435 9999.36 0 2212 7257 1 0 1
-280.187 -302.386 0 -286.341 305.131 9991.24 0 2212 7258 1 0 1
-1087.16 21.0137 0 -181.646 -44.0049 9998.25 0 2212 7259 1 0 1
-428.867 -90.5166 0 -203.284 -238.011 9995.1 0 2212 7260 1 0 1
-59.9775 37.456 0 108.787 258.81 9996.06 0 2212 7261 1 0 1
-165.758 -212.81 0 103.248 -839.714 9964.15 0 2212 7262 1 0 1
475.939 125.129 0 248.496 17.7055 9996.9 0 2212 7263 1 0 1
-140.479 -314.123 0 234.094 -73.0716 9996.99 0 2212 7264 1 0 1
-418.42 161.337 0 -221.952 335.334 9991.91 0 2212 7265 1 0 1
-231.474 15.3776 0 -63.6329 313.851 9994.87 0 2212 7266 1 0 1
113.289 390.581 0 -86.2207 -42.238 9999.54 0 2212 7267 1 0 1
-43.9316 84.6145 0 16.4281 330.65 9994.52 0 2212 7268 1 0 1
-451.062 78.0649 0 -213.607 308.343 9992.96 0 2212 7269 1 0 1
-160.825 430.648 0 -129.378 -517.871 9985.74 0 2212 7270 1 0 1
661.973 378 0 -56.1684 -676.713 9976.92 0 2212 7271 1 0 1
-565.687 -127.658 0 -4.00112 577.002 9983.34 0 2212 7272 1 0 1
-382.013 313.091 0 77.5166 234.179 9996.96 0 2212 7273 1 0 1
643.225 -151.345 0 81.8078 -58.3126 9999.5 0 2212 7274 1 0 1
-150.618 231.027 0 -256.248 -293.688 9992.4 0 2212 7275 1 0 1
-219.792 510.43 0 182.422 28.8616 9998.29 0 2212 7276 1 0 1
2.62927 151.707 0 182.99 -120.816 9997.6 0 2212 7277 1 0 1
433.471 85.5818 0 -107.579 66.6763 9999.2 0 2212 7278 1 0 1
229.482 -264.854 0 156.525 -385.378 9991.35 0 2212 7279 1 0 1
-723.487 -382.771 0 -73.068 49.7905 9999.61 0 2212 7280 1 0 1
390.806 -29.401 0 -205.648 133.869 9996.99 0 2212 7281 1 0 1
243.147 -42.1229 0 -65.4495 449.321 9989.69 0 2212 7282 1 0 1
-400.493 218.082 0 157.508 -973.927 9951.21 0 2212 7283 1 0 1
-429.133 -142.929 0 89.0618 326.699 9994.27 0 2212 7284 1 0 1
151.65 -488.802 0 -15.8807 -7.10775 9999.98 0 2212 7285 1 0 1
-24.1424 245.177 0 23.7074 -382.727 9992.65 0 2212 7286 1 0 1
-65.0467 -152.454 0 85.4663 63.3385 9999.43 0 2212 7287 1 0 1
109.134 -264.829 0 -217.479 -105.35 9997.08 0 2212 7288 1 0 1
168.14 144.369 0 241.281 -225.473 9994.55 0 2212 7289 1 0 1
299.952 10.934 0 141.385 317.552 9993.96 0 2212 7290 1 0 1
142.65 -168.229 0 -99.6146 168.827 9998.08 0 2212 7291 1 0 1
-170.464 -549.83 0 -26.8344 273.647 9996.22 0 2212 7292 1 0 1
-103.51 327.305 0 -32.0249 1100.43 9939.22 0 2212 7293 1 0 1
-195.702 -315.066 0 482.967 -676.038 9965.43 0 2212 7294 1 0 1
146.187 -62.3634 0 -105.413 -228.605 9996.83 0 2212 7295 1 0 1
-497.002 87.9264 0 -169.778 424.511 9989.54 0 2212 7296 1 0 1
-164.767 -20.0579 0 -197.532 304.276 9993.42 0 2212 7297 1 0 1
-120.935 135.992 0 202.788 576.04 9981.34 0 2212 7298 1 0 1
-557.527 148.915 0 -410.858 -8.93638 9991.55 0 2212 7299 1 0 1
-1170.19 289.64 0 -75.0449 107.215 9999.14 0 2212 7300 1 0 1
63.1968 -6.55535 0 -111.888 101.855 9998.86 0 2212 7301 1 0 1
539.991 139.819 0 2.26156 406.664 9991.73 0 2212 7302 1 0 1
-9.19926 -571.106 0 37.875 -3.99144 9999.93 0 2212 7303 1 0 1
538.275 -154.573 0 8.47774 109.899 9999.39 0 2212 7304 1 0 1
28.5227 383.95 0 219.782 642.366 9976.93 0 2212 7305 1 0 1
115.624 -208.557 0 301.336 -143.21 9994.43 0 2212 7306 1 0 1
475.351 -339.86 0 49.3274 232.311 9997.18 0 2212 7307 1 0 1
757.337 42.0153 0 181.864 -46.8325 9998.24 0 2212 7308 1 0 1
-395.228 -178.772 0 116.151 -409.883 9990.92 0 2212 7309 1 0 1
1215.92 -216.917 0 -181.663 682.502 9975.03 0 2212 7310 1 0 1
-498.719 342.794 0 92.1809 -137.613 9998.63 0 2212 7311 1 0 1
1059.76 254.378 0 -34.6215 -372.157 9993.01 0 2212 7312 1 0 1
22.0915 -24.3417 0 -74.5565 -220.6 9997.29 0 2212 7313 1 0 1
487.183 -22.2077 0 -100.841 -166.721 9998.1 0 2212 7314 1 0 1
-611.952 -63.6234 0 109.707 -275.641 9995.6 0 2212 7315 1 0 1
491.194 -134.56 0 -203.379 92.9941 9997.5 0 2212 7316 1 0 1
1689.57 84.1261 0 -299.478 87.8719 9995.13 0 2212 7317 1 0 1
581.942 -28.8342 0 170.053 -112.185 9997.92 0 2212 7318 1 0 1
237.906 -100.717 0 91.7856 -299.906 9995.08 0 2212 7319 1 0 1
-358.753 85.1453 0 466.968 183.153 9987.41 0 2212 7320 1 0 1
420.086 63.8607 0 202.663 -15.063 9997.93 0 2212 7321 1 0 1
961.041 -270.441 0 1.67226 153.88 9998.82 0 2212 7322 1 0 1
222.425 10.5871 0 106.351 169.887 9997.99 0 2212 7323 1 0 1
-852.176 -350.888 0 261.449 -7.15369 9996.58 0 2212 7324 1 0 1
169.113 223.561 0 -46.0755 -241.567 9996.98 0 2212 7325 1 0 1
173.693 -18.8069 0 310.555 451.088 9984.99 0 2212 7326 1 0 1
-773.271 -14.9242 0 67.2593 -415.514 9991.14 0 2212 7327 1 0 1
-422.362 -291.585 0 -294.768 79.3942 9995.34 0 2212 7328 1 0 1
-575.994 143.398 0 213.573 17.6594 9997.7 0 2212 7329 1 0 1
-114.295 183.858 0 54.0639 400.696 9991.82 0 2212 7330 1 0 1
461.618 -234.908 0 -69.2139 393.115 9992.03 0 2212 7331 1 0 1
56.7971 60.3617 0 61.4284 -41.7113 9999.72 0 2212 7332 1 0 1
156.017 -18.3508 0 78.1973 706.085 9974.73 0 2212 7333 1 0 1
-935.08 122.925 0 200.001 -759.713 9969.09 0 2212 7334 1 0 1
-731.87 -388.291 0 47.4615 316.933 9994.86 0 2212 7335 1 0 1
895.616 102.235 0 360.344 -51.0292 9993.38 0 2212 7336 1 0 1
701.659 29.7845 0 -337.943 88.1934 9993.9 0 2212 7337 1 0 1
78.4143 -225.241 0 -32.7972 95.9745 9999.49 0 2212 7338 1 0 1
-49.0971 55.1126 0 -107.686 -28.7146 9999.38 0 2212 7339 1 0 1
190.198 173.889 0 -53.6125 899.993 9959.27 0 2212 7340 1 0 1
-932.569 384.222 0 124.244 43.505 9999.13 0 2212 7341 1 0 1
810.204 -375.887 0 17.0418 255.768 9996.71 0 2212 7342 1 0 1
453.001 195.709 0 -93.656 -549.681 9984.44 0 2212 7343 1 0 1
-174.574 -400.038 0 -208.663 203.279 9995.76 0 2212 7344 1 0 1
372.473 -0.348244 0 -7.63695 392.823 9992.28 0 2212 7345 1 0 1
120.979 -163.545 0 -24.098 1.00443 9999.97 0 2212 7346 1 0 1
120.416 -19.2287 0 -215.923 -418.233 9988.92 0 2212 7347 1 0 1
-239.608 263.934 0 -172.809 700.15 9973.96 0 2212 7348 1 0 1
482.738 -129.809 0 -79.0385 393.797 9991.93 0 2212 7349 1 0 1
-659.205 45.6966 0 202.166 71.6491 9997.7 0 2212 7350 1 0 1
299.671 324.067 0 -146.978 -275.743 9995.12 0 2212 7351 1 0 1
156.014 -256.764 0 -111.222 -201.016 9997.36 0 2212 7352 1 0 1
110.331 36.9498 0 29.6147 439.163 9990.31 0 2212 7353 1 0 1
383.489 -61.2007 0 138.22 49.9557 9998.92 0 2212 7354 1 0 1
162.483 57.9407 0 74.7045 111.061 9999.1 0 2212 7355 1 0 1
-448.448 -270.669 0 13.41 -155.324 9998.78 0 2212 7356 1 0 1
-632.071 -155.455 0 109.881 736.895 9972.21 0 2212 7357 1 0 1
-496.034 -146.025 0 -241.978 398.525 9989.13 0 2212 7358 1 0 1
-285.618 4.6952 0 76.0956 -52.2683 9999.57 0 2212 7359 1 0 1
954.52 413.566 0 207.072 13.3257 9997.85 0 2212 7360 1 0 1
140.733 410.99 0 -132.046 -509.853 9986.12 0 2212 7361 1 0 1
894.284 -24.4731 0 34.1767 364.168 9993.31 0 2212 7362 1 0 1
-316.251 -42.9868 0 52.2706 -4.25404 9999.86 0 2212 7363 1 0 1
-1615.05 -153.395 0 23.9482 148.697 9998.87 0 2212 7364 1 0 1
1010.28 440.894 0 167.328 517.626 9985.19 0 2212 7365 1 0 1
-1322.47 517.127 0 185.154 -597.652 9980.41 0 2212 7366 1 0 1
402.344 -70.8076 0 -38.121 -1077.15 9941.74 0 2212 7367 1 0 1
153.293 -32.9909 0 22.2281 -522.848 9986.3 0 2212 7368 1 0 1
815.456 317.003 0 -58.6447 94.5495 9999.38 0 2212 7369 1 0 1
654.61 357.562 0 -30.8198 845.693 9964.13 0 2212 7370 1 0 1
-492.143 -54.4603 0 -307.465 -30.0204 9995.23 0 2212 7371 1 0 1
203.212 368.985 0 2.12782 335.419 9994.37 0 2212 7372 1 0 1
-102.174 -71.358 0 14.1808 433.954 9990.57 0 2212 7373 1 0 1
606.342 -364.298 0 288.235 289.957 9991.64 0 2212 7374 1 0 1
1463.67 219.577 0 84.8849 -806.83 9967.04 0 2212 7375 1 0 1
13.7047 -357.604 0 -148.813 -49.1846 9998.77 0 2212 7376 1 0 1
248.87 -134.56 0 53.3169 50.8982 9999.73 0 2212 7377 1 0 1
-432.554 -234.903 0 20.6282 -114.175 9999.33 0 2212 7378 1 0 1
-350.14 -141.122 0 -172.844 443.441 9988.67 0 2212 7379 1 0 1
-140.465 480.07 0 68.1694 -92.2344 9999.34 0 2212 7380 1 0 1
181.878 -55.7881 0 -84.9162 -281.055 9995.69 0 2212 7381 1 0 1
-123.34 -246.363 0 -79.0471 294.6 9995.35 0 2212 7382 1 0 1
823.662 -77.5952 0 14.754 -10.8767 9999.98 0 2212 7383 1 0 1
336.042 -182.27 0 -68.8765 -329.424 9994.34 0 2212 7384 1 0 1
312.6 81.9559 0 -96.7836 -166.035 9998.15 0 2212 7385 1 0 1
-8.97182 -3.52788 0 -118.587 -243.511 9996.33 0 2212 7386 1 0 1
843.042 -234.029 0 48.1646 109.619 9999.28 0 2212 7387 1 0 1
535.553 -206.464 0 -24.4825 -37.7268 9999.9 0 2212 7388 1 0 1
-139.51 164.861 0 -260.46 -695.19 9972.41 0 2212 7389 1 0 1
-36.9983 116.579 0 -76.005 1099.82 9939.05 0 2212 7390 1 0 1
185.573 148.127 0 93.6899 159.141 9998.29 0 2212 7391 1 0 1
904.533 72.5838 0 -279.067 125.813 9995.31 0 2212 7392 1 0 1
-910.678 -324.417 0 -137.063 -134.433 9998.16 0 2212 7393 1 0 1
465.096 -501.86 0 253.629 -250.981 9993.63 0 2212 7394 1 0 1
108.32 -292.847 0 -18.4508 -194.231 9998.1 0 2212 7395 1 0 1
555.292 -58.4043 0 60.3848 -576.618 9983.18 0 2212 7396 1 0 1
-8.10198 -470.637 0 176.615 -384.583 9991.04 0 2212 7397 1 0 1
814.816 -104.204 0 -3.02631 -10.1821 9999.99 0 2212 7398 1 0 1
894.147 296.544 0 -60.1986 -100.495 9999.31 0 2212 7399 1 0 1
-301.985 194.678 0 -8.53483 -327.911 9994.62 0 2212 7400 1 0 1
-940.152 394.457 0 -343.347 -259.462 9990.74 0 2212 7401 1 0 1
26.4387 -170.152 0 -167.179 311.834 9993.74 0 2212 7402 1 0 1
-547.159 -19.5402 0 130.217 210.488 9996.94 0 2212 7403 1 0 1
-76.3746 232.827 0 -94.5712 -161.585 9998.25 0 2212 7404 1 0 1
155.17 200.197 0 -49.7265 557.294 9984.34 0 2212 7405 1 0 1
1896.17 -10.9984 0 330.31 -334.533 9988.94 0 2212 7406 1 0 1
253.449 -164.396 0 -113.54 582.24 9982.39 0 2212 7407 1 0 1
162.302 -227.304 0 -18.1969 -397.689 9992.07 0 2212 7408 1 0 1
-658.253 9.09277 0 18.6798 324.12 9994.73 0 2212 7409 1 0 1
1563.78 -474.273 0 -344.06 -160.349 9992.79 0 2212 7410 1 0 1
785.546 93.1626 0 -105.979 -76.9686 9999.14 0 2212 7411 1 0 1
-629.228 248.303 0 -157.301 125.889 9997.97 0 2212 7412 1 0 1
-839.283 73.5228 0 156.949 15.6153 9998.76 0 2212 7413 1 0 1
429.936 -241.564 0 48.4462 312.47 9995 0 2212 7414 1 0 1
-686.232 185.063 0 -528.101 -883.457 9946.89 0 2212 7415 1 0 1
1024.86 54.2054 0 -217.073 454.191 9987.32 0 2212 7416 1 0 1
-973.035 183.356 0 199.09 -961.468 9951.68 0 2212 7417 1 0 1
335.323 406.863 0 39.7088 -80.3759 9999.6 0 2212 7418 1 0 1
418.213 -278.168 0 -144.255 -94.4604 9998.51 0 2212 7419 1 0 1
434.522 -164.859 0 88.424 -147.225 9998.53 0 2212 7420 1 0 1
-472.197 179.697 0 160.848 690.069 9974.87 0 2212 7421 1 0 1
-977.569 -440.056 0 113.05 266.967 9995.8 0 2212 7422 1 0 1
-447.216 246.837 0 -66.5941 -143.523 9998.75 0 2212 7423 1 0 1
-354.1 227.141 0 -202.984 699.394 9973.45 0 2212 7424 1 0 1
-141.104 138.345 0 191.483 -239.933 9995.29 0 2212 7425 1 0 1
11.5978 48.3132 0 180.032 -554.553 9982.99 0 2212 7426 1 0 1
-80.0683 -162.055 0 -145.73 296.565 9994.54 0 2212 7427 1 0 1
662.496 169.888 0 109.424 -166.948 9998.01 0 2212 7428 1 0 1
-760.694 -246.207 0 88.3417 758.551 9970.8 0 2212 7429 1 0 1
-315.171 175.631 0 -117.94 68.6977 9999.07 0 2212 7430 1 0 1
322.094 325.115 0 -157.339 233.101 9996.04 0 2212 7431 1 0 1
-379.312 338.223 0 112.269 -58.6583 9999.2 0 2212 7432 1 0 1
294.183 25.6596 0 59.7538 -56.1306 9999.66 0 2212 7433 1 0 1
1443.62 -298.729 0 -228.829 -393.333 9989.64 0 2212 7434 1 0 1
118.679 -36.3373 0 -235.798 -200.773 9995.2 0 2212 7435 1 0 1
-299.691 125.16 0 -86.4791 36.1292 9999.56 0 2212 7436 1 0 1
1187.65 -388.378 0 -7.03049 -17.3448 9999.98 0 2212 7437 1 0 1
-219.7 -74.7797 0 109.708 1290.72 9915.74 0 2212 7438 1 0 1
307.69 -135.907 0 -287.306 88.0985 9995.48 0 2212 7439 1 0 1
376.095 -103.38 0 221.407 -345.337 9991.58 0 2212 7440 1 0 1
-303.341 -286.929 0 -327.476 797.488 9962.77 0 2212 7441 1 0 1
905.687 139.099 0 -110.582 -260.692 9995.99 0 2212 7442 1 0 1
-74.3832 -124.393 0 -102.121 362.885 9992.89 0 2212 7443 1 0 1
451.543 -136.466 0 89.9815 -216.595 9997.25 0 2212 7444 1 0 1
888.275 -179.44 0 -34.5742 244.879 9996.94 0 2212 7445 1 0 1
422.508 -108.883 0 324.69 1039.66 9940.51 0 2212 7446 1 0 1
-687.287 -283.102 0 -27.1528 213.812 9997.68 0 2212 7447 1 0 1
-176.215 68.7248 0 94.2499 -553.557 9984.22 0 2212 7448 1 0 1
561.238 255.363 0 -126.806 430.016 9989.95 0 2212 7449 1 0 1
-201.602 156.431 0 96.7583 -241.225 9996.62 0 2212 7450 1 0 1
-56.4211 -210.645 0 12.0804 -180.894 9998.36 0 2212 7451 1 0 1
-517.324 210.175 0 -10.3852 336.503 9994.33 0 2212 7452 1 0 1
-192.639 -162.625 0 165.115 300.087 9994.13 0 2212 7453 1 0 1
-328.154 -112.867 0 40.1231 -232.679 9997.21 0 2212 7454 1 0 1
-53.9696 32.7411 0 229.054 248.09 9994.3 0 2212 7455 1 0 1
-0.72124 235.116 0 91.3976 440.354 9989.88 0 2212 7456 1 0 1
650.945 -191.393 0 -115.581 284.293 9995.29 0 2212 7457 1 0 1
710.423 -12.1947 0 -229.403 -866.167 9959.78 0 2212 7458 1 0 1
-1416.7 -483.993 0 45.8293 -799.265 9967.9 0 2212 7459 1 0 1
658.269 -100.512 0 -61.5756 -71.4713 9999.56 0 2212 7460 1 0 1
834.487 81.1614 0 185.809 -323.282 9993.05 0 2212 7461 1 0 1
-464.675 -11.3362 0 97.0931 -70.8589 9999.28 0 2212 7462 1 0 1
507.332 -543.26 0 -296.895 1134.35 9931.02 0 2212 7463 1 0 1
840.105 -179.993 0 88.9025 -1039.96 9945.38 0 2212 7464 1 0 1
-263.322 211.061 0 221.023 503.213 9984.88 0 2212 7465 1 0 1
200.295 474.228 0 -79.0906 -66.7285 9999.46 0 2212 7466 1 0 1
-1143.99 423.178 0 128.539 -70.2149 9998.93 0 2212 7467 1 0 1
-271.939 -132.28 0 188.149 274.17 9994.47 0 2212 7468 1 0 1
952.877 -293.016 0 145.052 416.503 9990.27 0 2212 7469 1 0 1
-662.33 -192.712 0 -2.0235 22.3951 9999.97 0 2212 7470 1 0 1
-402.374 56.0943 0 337.743 12.9447 9994.29 0 2212 7471 1 0 1
1057.81 181.467 0 26.2108 418.63 9991.2 0 2212 7472 1 0 1
-746.855 -312.034 0 58.2085 -205.196 9997.73 0 2212 7473 1 0 1
-222.884 -65.9097 0 49.5373 64.0625 9999.67 0 2212 7474 1 0 1
-911.195 132.645 0 241.601 -104.674 9996.53 0 2212 7475 1 0 1
149.615 -101.339 0 -150.879 -309.69 9994.06 0 2212 7476 1 0 1
992.413 -109.315 0 235.072 276.584 9993.41 0 2212 7477 1 0 1
-688.441 354.655 0 61.5892 -446.841 9989.82 0 2212 7478 1 0 1
894.343 -303.527 0 -94.5406 -350.59 9993.41 0 2212 7479 1 0 1
356.595 -139.679 0 -37.8718 -275.359 9996.14 0 2212 7480 1 0 1
-35.1945 -223.421 0 -86.824 -124.647 9998.85 0 2212 7481 1 0 1
-114.45 -307.994 0 81.5665 9.52123 9999.66 0 2212 7482 1 0 1
-833.851 13.4709 0 175.061 -15.8033 9998.46 0 2212 7483 1 0 1
-226.738 -321.318 0 -256.367 9.9533 9996.71 0 2212 7484 1 0 1
-341.006 76.0924 0 -110.851 396.342 9991.53 0 2212 7485 1 0 1
1096.52 -39.5774 0 127.669 -136.114 9998.26 0 2212 7486 1 0 1
-814.927 -244.765 0 296.893 134.451 9994.69 0 2212 7487 1 0 1
647.382 -228.022 0 26.9213 -158.507 9998.71 0 2212 7488 1 0 1
-691.981 -49.1642 0 136.574 -171.895 9997.59 0 2212 7489 1 0 1
-683.154 387.126 0 236.752 116.008 9996.52 0 2212 7490 1 0 1
34.6739 149.46 0 -16.6432 -76.294 9999.7 0 2212 7491 1 0 1
-1050.58 -68.0029 0 -47.7552 -327.585 9994.52 0 2212 7492 1 0 1
415.235 -29.3843 0 -96.9156 603.5 9981.3 0 2212 7493 1 0 1
384.391 -31.2467 0 -6.74902 -26.4816 9999.96 0 2212 7494 1 0 1
241.73 -477.182 0 155.61 -732.231 9971.94 0 2212 7495 1 0 1
-42.4569 20.3553 0 293.306 312.65 9990.81 0 2212 7496 1 0 1
82.4458 263.63 0 84.6923 311.177 9994.8 0 2212 7497 1 0 1
286.816 32.4375 0 168.424 -70.2949 9998.33 0 2212 7498 1 0 1
396.353 105.33 0 60.8799 -474.04 9988.57 0 2212 7499 1 0 1
265.164 -114.328 0 -186.328 96.7644 9997.8 0 2212 7500 1 0 1
-48.0039 29.0679 0 -135.519 302.81 9994.5 0 2212 7501 1 0 1
-221.117 -366.519 0 192.216 -227.279 9995.57 0 2212 7502 1 0 1
-129.018 -81.1379 0 366.39 -110.303 9992.68 0 2212 7503 1 0 1
-1386.7 298.625 0 111.297 184.4 9997.68 0 2212 7504 1 0 1
467.311 93.0939 0 -311.912 538.528 9980.62 0 2212 7505 1 0 1
40.677 15.0078 0 -57.6695 356.055 9993.49 0 2212 7506 1 0 1
260.675 197.809 0 109.309 227.03 9996.82 0 2212 7507 1 0 1
397.019 348.082 0 -231.646 402.075 9989.23 0 2212 7508 1 0 1
-49.4521 -253.929 0 -328.154 348.862 9988.52 0 2212 7509 1 0 1
549.518 -116.665 0 171.426 -453.094 9988.26 0 2212 7510 1 0 1
-773.77 -24.5466 0 -126.4 -621.873 9979.84 0 2212 7511 1 0 1
-290.684 -195.482 0 27.3729 -2.18803 9999.96 0 2212 7512 1 0 1
281.456 157.035 0 92.3399 229.927 9996.93 0 2212 7513 1 0 1
1107.37 -4.4069 0 -41.4729 -330.318 9994.46 0 2212 7514 1 0 1
-256.535 -169.648 0 -135.397 161.305 9997.78 0 2212 7515 1 0 1
-38.5399 401.652 0 -38.8435 -619.574 9980.71 0 2212 7516 1 0 1
-539.122 165.848 0 -14.8685 -418.948 9991.21 0 2212 7517 1 0 1
-335.126 -275.372 0 -10.7351 -429.072 9990.78 0 2212 7518 1 0 1
15.6692 -249.398 0 104.434 -390.001 9991.85 0 2212 7519 1 0 1
521.472 -148.699 0 85.4266 632.946 9979.58 0 2212 7520 1 0 1
212.806 57.7091 0 -3.41375 -717.907 9974.2 0 2212 7521 1 0 1
30.2432 -68.5844 0 82.0896 -256.035 9996.38 0 2212 7522 1 0 1
229.658 99.4466 0 53.3372 -28.2308 9999.82 0 2212 7523 1 0 1
141.593 148.078 0 -13.128 693.174 9975.94 0 2212 7524 1 0 1
1183.78 409.927 0 62.0465 1095.6 9939.61 0 2212 7525 1 0 1
-498.033 507.442 0 192.718 223.999 9995.63 0 2212 7526 1 0 1
68.6599 -259.555 0 -90.162 -500.22 9987.07 0 2212 7527 1 0 1
-375.991 175.884 0 -220.311 453.29 9987.29 0 2212 7528 1 0 1
-345.192 362.572 0 10.2537 -102.999 9999.46 0 2212 7529 1 0 1
124.111 -55.6447 0 -146.484 56.0357 9998.77 0 2212 7530 1 0 1
-338.64 220.527 0 -111.628 -804.063 9967 0 2212 7531 1 0 1
557.589 -262.566 0 99.0997 -418.233 9990.76 0 2212 7532 1 0 1
-367.214 181.733 0 191.244 -134.039 9997.27 0 2212 7533 1 0 1
107.426 271.236 0 -39.1205 259.32 9996.56 0 2212 7534 1 0 1
253.443 -393.502 0 -248.011 -109.479 9996.32 0 2212 7535 1 0 1
-231.352 -370.392 0 -153.938 -2.97624 9998.81 0 2212 7536 1 0 1
-328.775 -121.17 0 362.126 -463.636 9982.68 0 2212 7537 1 0 1
555.998 60.1683 0 165.155 219.077 9996.24 0 2212 7538 1 0 1
580.607 -18.0867 0 108.779 588.839 9982.06 0 2212 7539 1 0 1
-344.395 -137.026 0 35.6086 -444.574 9990.05 0 2212 7540 1 0 1
137.09 144.533 0 171.341 -390.103 9990.92 0 2212 7541 1 0 1
3.14276 463.93 0 -5.31385 -271.263 9996.32 0 2212 7542 1 0 1
978.35 323.984 0 -392.834 459.351 9981.72 0 2212 7543 1 0 1
-346.166 -226.326 0 321.883 -79.3427 9994.5 0 2212 7544 1 0 1
573.821 -69.5482 0 -251.006 98.3109 9996.37 0 2212 7545 1 0 1
150.782 499.061 0 196.721 -141.982 9997.06 0 2212 7546 1 0 1
-771.35 245.427 0 218.057 118.329 9996.92 0 2212 7547 1 0 1
360.014 -55.8727 0 -29.5979 450.571 9989.8 0 2212 7548 1 0 1
80.5396 -77.6719 0 -4.47909 776.037 9969.84 0 2212 7549 1 0 1
-25.2238 -109.286 0 5.14156 454.064 9989.68 0 2212 7550 1 0 1
-460.938 -310.133 0 21.2587 -25.3768 9999.95 0 2212 7551 1 0 1
194.55 612.644 0 229.989 -855.423 9960.69 0 2212 7552 1 0 1
315.919 124.701 0 -473.677 -241.132 9985.86 0 2212 7553 1 0 1
-898.074 -6.46321 0 -40.4064 -911.549 9958.29 0 2212 7554 1 0 1
-265.286 -170.252 0 249.541 357.348 9990.5 0 2212 7555 1 0 1
531.045 -181.028 0 -36.7634 -514.548 9986.69 0 2212 7556 1 0 1
-396.077 234.669 0 155.845 -17.0887 9998.77 0 2212 7557 1 0 1
608.949 -62.4237 0 -274.611 -191.873 9994.39 0 2212 7558 1 0 1
404.189 -4.31192 0 61.6592 1073.94 9941.97 0 2212 7559 1 0 1
474.332 -382.834 0 -151.204 -314.557 9993.91 0 2212 7560 1 0 1
437.914 -233.299 0 -193.834 515.061 9984.85 0 2212 7561 1 0 1
-511.978 -63.2739 0 -160.374 137.209 9997.77 0 2212 7562 1 0 1
-533.9 -397.365 0 -12.5632 -297.514 9995.57 0 2212 7563 1 0 1
-291.746 -232.469 0 78.9921 -854.268 9963.13 0 2212 7564 1 0 1
-152.371 -140.413 0 23.1523 43.176 9999.88 0 2212 7565 1 0 1
-677.679 -377.741 0 -127.487 -553.641 9983.85 0 2212 7566 1 0 1
-136.515 -217.228 0 15.9521 74.1124 9999.71 0 2212 7567 1 0 1
131.832 130.551 0 -86.888 113.718 9998.98 0 2212 7568 1 0 1
-408.013 88.3551 0 172.728 -237.214 9995.69 0 2212 7569 1 0 1
526.897 49.0041 0 30.0105 148.393 9998.85 0 2212 7570 1 0 1
252.441 265.665 0 212.283 -161.152 9996.45 0 2212 7571 1 0 1
1438.84 59.1527 0 42.9948 -799.618 9967.89 0 2212 7572 1 0 1
-212.295 108.276 0 111.064 -492.722 9987.24 0 2212 7573 1 0 1
407.744 195.897 0 -123.564 -128.69 9998.41 0 2212 7574 1 0 1
145.179 135.307 0 21.2121 -225.55 9997.43 0 2212 7575 1 0 1
4.15143 -63.7107 0 -113.307 -209.386 9997.17 0 2212 7576 1 0 1
567.442 48.2066 0 -3.77739 395.529 9992.17 0 2212 7577 1 0 1
607.366 65.4166 0 187.378 -192.249 9996.4 0 2212 7578 1 0 1
638.287 304.444 0 -135.437 -126.138 9998.29 0 2212 7579 1 0 1
-764.033 590.027 0 74.1378 7.46821 9999.72 0 2212 7580 1 0 1
-146.485 -134.964 0 31.0451 110.056 9999.35 0 2212 7581 1 0 1
299.524 25.7988 0 102.804 -140.875 9998.48 0 2212 7582 1 0 1
1486.11 -22.6849 0 -41.966 -61.0985 9999.73 0 2212 7583 1 0 1
-702.177 19.926 0 117.758 -265.035 9995.79 0 2212 7584 1 0 1
354.145 -80.5672 0 -86.4194 486.893 9987.77 0 2212 7585 1 0 1
654.681 227.589 0 312.78 278.534 9991.23 0 2212 7586 1 0 1
443.646 -142.284 0 -313.313 -112.225 9994.46 0 2212 7587 1 0 1
-475.445 -125.512 0 185.712 -482.783 9986.61 0 2212 7588 1 0 1
-5.48377 75.8734 0 -81.149 -4.55125 9999.67 0 2212 7589 1 0 1
599.564 189.486 0 -51.9306 -371.845 9992.95 0 2212 7590 1 0 1
363.153 218.874 0 186.413 281.046 9994.31 0 2212 7591 1 0 1
-657.785 178.523 0 -27.266 -121.77 9999.22 0 2212 7592 1 0 1
37.6557 -136.58 0 -51.2063 1044.89 9945.13 0 2212 7593 1 0 1
-11.1084 57.6548 0 472.517 -364.967 9982.16 0 2212 7594 1 0 1
208.232 96.4847 0 206.022 -248.186 9994.8 0 2212 7595 1 0 1
-57.8466 463.281 0 -24.594 -363.71 9993.35 0 2212 7596 1 0 1
-198.228 -1.82606 0 53.8059 25.8241 9999.82 0 2212 7597 1 0 1
917.015 30.3429 0 16.6175 143.105 9998.96 0 2212 7598 1 0 1
-594.178 -54.2178 0 3.434 -66.1707 9999.78 0 2212 7599 1 0 1
-993.48 -380.338 0 55.2655 -981.826 9951.53 0 2212 7600 1 0 1
356.67 265.315 0 -26.055 -264.32 9996.47 0 2212 7601 1 0 1
-851.038 172.429 0 5.3782 -229.16 9997.37 0 2212 7602 1 0 1
26.1479 -493.375 0 247.722 200.11 9994.93 0 2212 7603 1 0 1
576.921 -91.0856 0 69.5859 -213.172 9997.49 0 2212 7604 1 0 1
722.7 43.7434 0 5.19025 184.85 9998.29 0 2212 7605 1 0 1
969.915 235.271 0 75.6267 96.2491 9999.25 0 2212 7606 1 0 1
-432.761 -136.527 0 159.457 369.564 9991.9 0 2212 7607 1 0 1
193.006 342.055 0 -120.425 218.106 9996.9 0 2212 7608 1 0 1
96.943 77.8878 0 -67.4569 430.728 9990.49 0 2212 7609 1 0 1
-656.762 145.782 0 -31.7524 -344.463 9994.02 0 2212 7610 1 0 1
549.538 -344.397 0 105.985 213.88 9997.15 0 2212 7611 1 0 1
-69.8188 240.819 0 93.0909 90.9539 9999.15 0 2212 7612 1 0 1
-510.543 -13.7149 0 -87.8495 450.104 9989.48 0 2212 7613 1 0 1
335.198 262.362 0 -121.457 287.472 9995.13 0 2212 7614 1 0 1
-1022.48 -161.285 0 -40.8015 1027 9947.04 0 2212 7615 1 0 1
595.932 -218.731 0 45.0408 580.409 9983.04 0 2212 7616 1 0 1
820.707 242.63 0 187.051 270.475 9994.59 0 2212 7617 1 0 1
-471.743 8.03097 0 -24.1102 35.0865 9999.91 0 2212 7618 1 0 1
387.513 156.093 0 -271.498 62.0422 9996.12 0 2212 7619 1 0 1
976.045 -112.003 0 -199.18 -200.524 9996.01 0 2212 7620 1 0 1
-718.874 131.307 0 -272.403 208.325 9994.12 0 2212 7621 1 0 1
785.507 -426.44 0 264.362 -462.875 9985.78 0 2212 7622 1 0 1
1154.99 -141.072 0 -304.289 146.74 9994.29 0 2212 7623 1 0 1
539.838 -139.879 0 -78.3842 628.58 9979.92 0 2212 7624 1 0 1
755.099 79.4899 0 -71.6407 770.786 9969.99 0 2212 7625 1 0 1
48.2055 -3.26774 0 70.3831 311.912 9994.89 0 2212 7626 1 0 1
-663.927 181.1 0 -186.999 -349.193 9992.15 0 2212 7627 1 0 1
-660.983 107.371 0 75.1797 -177.98 9998.13 0 2212 7628 1 0 1
735.091 -120.586 0 -150.661 -391.538 9991.2 0 2212 7629 1 0 1
-986.141 119.605 0 4.6795 559.051 9984.36 0 2212 7630 1 0 1
-90.0885 329.383 0 -112.343 -133.08 9998.48 0 2212 7631 1 0 1
770.018 160.179 0 -70.998 -264.183 9996.26 0 2212 7632 1 0 1
-433.402 36.9141 0 -14.7318 -341.166 9994.17 0 2212 7633 1 0 1
82.3955 -143.942 0 139.321 -20.1852 9999.01 0 2212 7634 1 0 1
321.663 -240.311 0 44.3195 84.017 9999.55 0 2212 7635 1 0 1
86.3338 287.02 0 -55.7264 109.859 9999.24 0 2212 7636 1 0 1
98.8339 383.843 0 50.1084 332.936 9994.33 0 2212 7637 1 0 1
271.178 -204.931 0 255.86 -92.9677 9996.29 0 2212 7638 1 0 1
-498.176 -117.34 0 -82.1374 -217.776 9997.29 0 2212 7639 1 0 1
505.306 -188.373 0 116.331 -169.901 9997.88 0 2212 7640 1 0 1
65.9027 -269.676 0 2.23387 -453.571 9989.71 0 2212 7641 1 0 1
176.304 -370.962 0 -370.432 241.36 9990.22 0 2212 7642 1 0 1
461.988 563.139 0 299.384 -64.8795 9995.31 0 2212 7643 1 0 1
906.123 436.753 0 37.4639 -489.416 9987.95 0 2212 7644 1 0 1
206.737 49.4667 0 8.33947 29.7893 9999.95 0 2212 7645 1 0 1
246.105 -20.8098 0 152.619 560.352 9983.12 0 2212 7646 1 0 1
43.4004 188.362 0 145.616 -61.0759 9998.75 0 2212 7647 1 0 1
-55.2163 293.77 0 -83.3806 510.858 9986.59 0 2212 7648 1 0 1
32.4672 -429.751 0 -62.4351 -140.24 9998.82 0 2212 7649 1 0 1
-1582.95 -43.5847 0 210.182 -369.526 9990.96 0 2212 7650 1 0 1
158.404 87.3639 0 -274.128 -135.879 9995.32 0 2212 7651 1 0 1
-76.8582 897.575 0 12.8178 589.227 9982.62 0 2212 7652 1 0 1
511.88 -104.274 0 107.131 -352.237 9993.22 0 2212 7653 1 0 1
537.394 85.4073 0 -180.709 21.9544 9998.34 0 2212 7654 1 0 1
710.975 297.903 0 -300.834 -244.259 9992.49 0 2212 7655 1 0 1
215.886 -606.328 0 67.9892 859.124 9962.79 0 2212 7656 1 0 1
-264.911 -419.672 0 119.076 3.90828 9999.29 0 2212 7657 1 0 1
431.719 -19.6514 0 -46.9048 -267.106 9996.32 0 2212 7658 1 0 1
550.57 -1.98781 0 174.828 -831.539 9963.83 0 2212 7659 1 0 1
-596.797 -462.08 0 51.7821 99.5227 9999.37 0 2212 7660 1 0 1
703.623 -83.4541 0 53.9089 50.2869 9999.73 0 2212 7661 1 0 1
-520.765 114.782 0 -39.0801 -451.6 9989.72 0 2212 7662 1 0 1
-786.476 -77.5979 0 69.3157 188.705 9997.98 0 2212 7663 1 0 1
-969.239 -79.6838 0 79.7742 68.2676 9999.45 0 2212 7664 1 0 1
-913.923 444.233 0 -36.2491 -245.909 9996.91 0 2212 7665 1 0 1
29.5522 -88.2392 0 164.976 125.813 9997.85 0 2212 7666 1 0 1
-95.5895 -63.1982 0 94.3438 -262.211 9996.12 0 2212 7667 1 0 1
246.899 131.019 0 -57.9749 326.649 9994.5 0 2212 7668 1 0 1
-484.672 -79.7939 0 -21.4155 -518.451 9986.53 0 2212 7669 1 0 1
180.271 212.185 0 265.425 -374.03 9989.48 0 2212 7670 1 0 1
-1220.53 -379.865 0 -50.6627 389.174 9992.3 0 2212 7671 1 0 1
638.626 -315.127 0 150.852 64.9291 9998.65 0 2212 7672 1 0 1
-149.83 327.247 0 12.5197 -124.281 9999.22 0 2212 7673 1 0 1
543.381 -7.74818 0 -195.532 218.912 9995.69 0 2212 7674 1 0 1
279.77 -252.101 0 -352.483 -205.749 9991.67 0 2212 7675 1 0 1
132.764 2.3148 0 -387.545 -41.1814 9992.4 0 2212 7676 1 0 1
-581.27 -25.8852 0 9.58402 443.111 9990.17 0 2212 7677 1 0 1
267.632 -268.443 0 -18.2113 338.588 9994.25 0 2212 7678 1 0 1
-294.428 -166.651 0 -9.15388 -207.064 9997.85 0 2212 7679 1 0 1
-490.935 433.461 0 138.815 -187.071 9997.29 0 2212 7680 1 0 1
-28.1706 147.831 0 -146.081 294.606 9994.59 0 2212 7681 1 0 1
119.334 -169.998 0 -130.973 337.273 9993.45 0 2212 7682 1 0 1
77.2921 -256.468 0 85.5098 -612.552 9980.86 0 2212 7683 1 0 1
-289.459 -441.5 0 -251.2 -15.8654 9996.83 0 2212 7684 1 0 1
-377.898 84.1338 0 4.0222 -372.601 9993.06 0 2212 7685 1 0 1
-403.687 185.591 0 -23.4867 -10.5301 9999.97 0 2212 7686 1 0 1
-16.7019 26.4176 0 -109.638 -658.047 9977.72 0 2212 7687 1 0 1
-311.336 23.6595 0 -22.468 -198.179 9998.01 0 2212 7688 1 0 1
-861.892 -141.917 0 -40.3467 544.022 9985.11 0 2212 7689 1 0 1
669.571 -1.24028 0 -115.262 584.027 9982.27 0 2212 7690 1 0 1
173.402 246.627 0 -76.8211 -710.829 9974.41 0 2212 7691 1 0 1
340.415 19.9947 0 233.152 -175.964 9995.73 0 2212 7692 1 0 1
-231.284 5.09171 0 30.967 -35.9081 9999.89 0 2212 7693 1 0 1
257.125 141.268 0 66.5843 -41.686 9999.69 0 2212 7694 1 0 1
671.432 -36.8057 0 -139.713 -488.897 9987.06 0 2212 7695 1 0 1
-351.622 -5.75628 0 70.5998 -1224.48 9924.5 0 2212 7696 1 0 1
434.918 202.545 0 174.776 237.193 9995.66 0 2212 7697 1 0 1
-227.2 70.5916 0 101.982 -49.6004 9999.36 0 2212 7698 1 0 1
-1304.3 242.118 0 -2.32456 -235.256 9997.23 0 2212 7699 1 0 1
-1225.75 53.2042 0 213.781 -175.307 9996.18 0 2212 7700 1 0 1
514.231 -397.822 0 -14.2714 62.2199 9999.8 0 2212 7701 1 0 1
-422.002 134.727 0 31.7598 -45.508 9999.85 0 2212 7702 1 0 1
-559.525 -396.097 0 13.308 584.919 9982.87 0 2212 7703 1 0 1
-477.239 -39.5911 0 132.228 182.219 9997.47 0 2212 7704 1 0 1
181.482 105.569 0 -48.4434 -351.081 9993.72 0 2212 7705 1 0 1
-829.134 48.3399 0 122.386 157.551 9998.01 0 2212 7706 1 0 1
795.672 -25.1368 0 -189.104 418.012 9989.47 0 2212 7707 1 0 1
-394.143 -434.157 0 15.8687 321.335 9994.82 0 2212 7708 1 0 1
219.244 -42.3316 0 56.8925 264.509 9996.34 0 2212 7709 1 0 1
942.423 -211.586 0 41.7895 -91.2206 9999.5 0 2212 7710 1 0 1
405.074 -238.257 0 -26.146 -34.9819 9999.9 0 2212 7711 1 0 1
736.962 -289.346 0 133.651 -201.049 9997.09 0 2212 7712 1 0 1
436.989 713.08 0 19.0476 557.327 9984.44 0 2212 7713 1 0 1
352.399 26.5363 0 -166.6 -85.2749 9998.25 0 2212 7714 1 0 1
-615.471 -234.976 0 -76.9617 -186.344 9997.97 0 2212 7715 1 0 1
-876.551 -442.218 0 -308.646 562.502 9979.4 0 2212 7716 1 0 1
-106.843 -198.881 0 115.956 -82.1597 9998.99 0 2212 7717 1 0 1
407.785 234.482 0 24.5829 221.287 9997.52 0 2212 7718 1 0 1
474.663 -60.8891 0 94.8606 330.47 9994.09 0 2212 7719 1 0 1
854.501 -34.0845 0 313.936 152.472 9993.91 0 2212 7720 1 0 1
798.768 152.888 0 -82.7739 116.623 9998.98 0 2212 7721 1 0 1
0.617107 -98.0008 0 255.243 14.8717 9996.73 0 2212 7722 1 0 1
-1145.22 77.3449 0 -60.9787 -164.661 9998.46 0 2212 7723 1 0 1
-155.223 28.19 0 49.4791 43.7911 9999.78 0 2212 7724 1 0 1
-224.169 -42.5087 0 -253.026 279.118 9992.9 0 2212 7725 1 0 1
-534.067 -132.324 0 40.9991 -292.315 9995.64 0 2212 7726 1 0 1
-95.1357 37.8765 0 -332.322 543.16 9979.71 0 2212 7727 1 0 1
-70.1918 178.809 0 32.1256 386.059 9992.49 0 2212 7728 1 0 1
1148.08 99.5222 0 72.9521 157.73 9998.49 0 2212 7729 1 0 1
10.5475 12.9129 0 407.633 329.832 9986.24 0 2212 7730 1 0 1
1084.63 145.007 0 193.394 30.8228 9998.08 0 2212 7731 1 0 1
1088.65 516.31 0 -107.646 -218.313 9997.04 0 2212 7732 1 0 1
-58.9901 -65.8583 0 123.025 -288.611 9995.08 0 2212 7733 1 0 1
1260.35 -93.1354 0 -123.132 142.163 9998.23 0 2212 7734 1 0 1
925.266 29.4183 0 314.294 -291.45 9990.81 0 2212 7735 1 0 1
85.8599 138.58 0 159.822 -353.144 9992.48 0 2212 7736 1 0 1
-102.018 74.2248 0 67.0622 -234.463 9997.03 0 2212 7737 1 0 1
-938.962 -397.254 0 -422.321 -1029.38 9937.91 0 2212 7738 1 0 1
280.352 224.594 0 27.11 -324.91 9994.68 0 2212 7739 1 0 1
-310.936 -190.77 0 -23.2308 91.7262 9999.55 0 2212 7740 1 0 1
270.116 192.557 0 -11.3048 268.497 9996.39 0 2212 7741 1 0 1
-803.8 -137.128 0 -6.20422 -9.17273 9999.99 0 2212 7742 1 0 1
226.545 162.335 0 -166.026 590.882 9981.15 0 2212 7743 1 0 1
-407.655 -116.819 0 -32.7758 380.725 9992.7 0 2212 7744 1 0 1
390.483 96.3007 0 66.6038 125.712 9998.99 0 2212 7745 1 0 1
566.453 49.0051 0 152.661 296.759 9994.43 0 2212 7746 1 0 1
1129.84 -181.689 0 58.8176 77.5398 9999.53 0 2212 7747 1 0 1
-100.086 -243.265 0 -201.894 -210.137 9995.75 0 2212 7748 1 0 1
266.511 228.536 0 -9.71404 426.166 9990.91 0 2212 7749 1 0 1
-112.722 -465.536 0 8.35172 5.22147 10000 0 2212 7750 1 0 1
245.274 -20.0177 0 -92.6511 517.695 9986.16 0 2212 7751 1 0 1
268.21 595.272 0 71.729 212.214 9997.49 0 2212 7752 1 0 1
207.623 -262.246 0 60.34 259.149 9996.46 0 2212 7753 1 0 1
453.272 41.1124 0 -150.627 -259.671 9995.49 0 2212 7754 1 0 1
-48.9057 -110.381 0 -150.209 -502.698 9986.23 0 2212 7755 1 0 1
576.3 -320.335 0 36.9995 696.135 9975.67 0 2212 7756 1 0 1
547.048 -47.054 0 -39.3361 651.475 9978.68 0 2212 7757 1 0 1
465.98 70.9077 0 -195.058 94.1116 9997.65 0 2212 7758 1 0 1
954.651 191.821 0 -199.38 339.372 9992.25 0 2212 7759 1 0 1
-701.782 -71.4789 0 -46.5573 615.819 9980.91 0 2212 7760 1 0 1
-340.065 417.642 0 98.2335 56.9264 9999.36 0 2212 7761 1 0 1
217.569 -53.998 0 108.36 -311.281 9994.57 0 2212 7762 1 0 1
-627.47 -64.7039 0 22.4977 -244.553 9996.98 0 2212 7763 1 0 1
500.128 -94.9781 0 -321.958 17.8204 9994.8 0 2212 7764 1 0 1
-154.47 72.1711 0 169.418 -279.181 9994.67 0 2212 7765 1 0 1
-252.054 317.52 0 -21.9116 256.46 9996.69 0 2212 7766 1 0 1
430.447 437.571 0 56.0481 -559.101 9984.2 0 2212 7767 1 0 1
-850.602 -89.2286 0 169.806 149.786 9997.44 0 2212 7768 1 0 1
43.1435 -386.788 0 55.8729 166.681 9998.45 0 2212 7769 1 0 1
599.595 107.753 0 -61.0562 473.481 9988.6 0 2212 7770 1 0 1
-511.656 55.6348 0 92.2011 274.232 9995.81 0 2212 7771 1 0 1
493.41 169.803 0 -269.34 -308.567 9991.61 0 2212 7772 1 0 1
-940.345 388.258 0 223.803 25.1157 9997.46 0 2212 7773 1 0 1
272.57 -514.19 0 318.561 -560.867 9979.18 0 2212 7774 1 0 1
-149.588 322.611 0 144.211 61.7402 9998.77 0 2212 7775 1 0 1
405.409 -9.41745 0 247.819 95.7477 9996.47 0 2212 7776 1 0 1
725.525 -20.8064 0 52.5142 610.443 9981.21 0 2212 7777 1 0 1
-74.9429 -56.4961 0 -240.051 304.049 9992.49 0 2212 7778 1 0 1
335.892 -78.0517 0 -161.013 280.02 9994.78 0 2212 7779 1 0 1
-253.516 273.751 0 256.844 64.9535 9996.49 0 2212 7780 1 0 1
617.889 -439.278 0 254.633 -240.425 9993.87 0 2212 7781 1 0 1
513.412 213.488 0 -146.613 585.806 9981.75 0 2212 7782 1 0 1
-48.4929 -249.125 0 -188.407 138.209 9997.27 0 2212 7783 1 0 1
118.861 142.279 0 200.247 698.493 9973.57 0 2212 7784 1 0 1
-896.924 -385.363 0 206.553 -79.5927 9997.55 0 2212 7785 1 0 1
-339.307 -525.756 0 164.891 -724.615 9972.35 0 2212 7786 1 0 1
182.916 -101.309 0 -269.782 30.4753 9996.31 0 2212 7787 1 0 1
-313.887 -462.229 0 77.4198 -362.245 9993.14 0 2212 7788 1 0 1
286.555 113.433 0 147.156 222.427 9996.44 0 2212 7789 1 0 1
115.671 211.343 0 275.583 650.888 9974.99 0 2212 7790 1 0 1
-1074.48 -121.731 0 -9.78669 -243.099 9997.04 0 2212 7791 1 0 1
273.561 246.554 0 -6.35245 726.417 9973.58 0 2212 7792 1 0 1
83.2941 164.169 0 -239.949 600.082 9979.09 0 2212 7793 1 0 1
270.439 286.801 0 114.384 -221.862 9996.88 0 2212 7794 1 0 1
1282.18 404.287 0 -57.247 376.174 9992.76 0 2212 7795 1 0 1
-1130.42 102.136 0 -163.568 -472.557 9987.49 0 2212 7796 1 0 1
-28.1506 70.7562 0 36.301 -304.237 9995.3 0 2212 7797 1 0 1
-1269.58 -65.2545 0 -102.191 78.9238 9999.17 0 2212 7798 1 0 1
-855.491 -354.967 0 -43.9088 385.203 9992.48 0 2212 7799 1 0 1
-80.9257 -106.997 0 213.381 -261.681 9994.3 0 2212 7800 1 0 1
469.545 -190.892 0 -209.516 415.74 9989.16 0 2212 7801 1 0 1
-78.5524 -388.156 0 183.832 -740.106 9970.88 0 2212 7802 1 0 1
-692.35 -387.569 0 477.975 196.626 9986.63 0 2212 7803 1 0 1
-167.787 414.189 0 -25.535 -253.298 9996.76 0 2212 7804 1 0 1
-53.5622 17.8492 0 84.4556 585.53 9982.49 0 2212 7805 1 0 1
56.8721 273.014 0 33.1284 313.932 9995.02 0 2212 7806 1 0 1
132.743 -147.753 0 110.981 17.5937 9999.37 0 2212 7807 1 0 1
432.704 259.358 0 -124.721 -128.146 9998.4 0 2212 7808 1 0 1
-172.503 44.4309 0 90.9583 67.2921 9999.36 0 2212 7809 1 0 1
-1803.01 33.3052 0 98.5433 37.5612 9999.44 0 2212 7810 1 0 1
619.041 -78.1978 0 42.6471 -47.4715 9999.8 0 2212 7811 1 0 1
87.4485 -143.615 0 94.7872 -121.71 9998.81 0 2212 7812 1 0 1
964.988 134.596 0 -479.507 372.126 9981.56 0 2212 7813 1 0 1
191.728 -680.939 0 95.5694 64.3624 9999.34 0 2212 7814 1 0 1
877.47 -226.561 0 177.601 -386.952 9990.93 0 2212 7815 1 0 1
-787.378 -39.8888 0 134.192 -1.67697 9999.1 0 2212 7816 1 0 1
-166.856 158.479 0 181.852 -30.0228 9998.3 0 2212 7817 1 0 1
386.267 -303.177 0 -222.384 391.483 9989.86 0 2212 7818 1 0 1
580.462 -43.3952 0 29.7848 -260.626 9996.56 0 2212 7819 1 0 1
-780.536 225.514 0 549.84 -229.566 9982.23 0 2212 7820 1 0 1
-200.995 258.139 0 -75.0345 84.4192 9999.36 0 2212 7821 1 0 1
74.2308 -67.0471 0 -23.59 10.3784 9999.97 0 2212 7822 1 0 1
-515.943 268.969 0 123.96 -677.283 9976.27 0 2212 7823 1 0 1
600.62 -251.453 0 -171.305 -127.869 9997.71 0 2212 7824 1 0 1
92.9663 -236.142 0 -258.485 373.479 9989.68 0 2212 7825 1 0 1
-271.256 298.531 0 237.902 402.119 9989.08 0 2212 7826 1 0 1
-260.833 371.287 0 173.231 -724.698 9972.2 0 2212 7827 1 0 1
-532.757 11.0426 0 -279.602 227.208 9993.51 0 2212 7828 1 0 1
639.909 143.123 0 76.5371 33.3016 9999.65 0 2212 7829 1 0 1
-60.5912 186.42 0 34.9604 55.144 9999.79 0 2212 7830 1 0 1
57.3693 240.744 0 109.688 78.5121 9999.09 0 2212 7831 1 0 1
53.2539 -245.669 0 -126.133 386.278 9991.74 0 2212 7832 1 0 1
-1139.9 269.129 0 -84.209 -591.652 9982.13 0 2212 7833 1 0 1
-140.623 -86.876 0 96.9025 -633.028 9979.47 0 2212 7834 1 0 1
83.6226 -288.822 0 201.808 297.181 9993.55 0 2212 7835 1 0 1
340.502 -376.613 0 38.6752 -302.192 9995.36 0 2212 7836 1 0 1
1446.82 -164.384 0 -72.8987 -315.738 9994.75 0 2212 7837 1 0 1
-247.05 175.188 0 164.214 -50.4394 9998.52 0 2212 7838 1 0 1
1826.67 -741.005 0 122.728 -130.335 9998.4 0 2212 7839 1 0 1
159.514 -231.6 0 -118.518 -729.535 9972.65 0 2212 7840 1 0 1
-52.3442 190.871 0 119.325 -285.105 9995.22 0 2212 7841 1 0 1
560.599 263.891 0 47.6574 130.23 9999.04 0 2212 7842 1 0 1
-95.0857 191.63 0 -267.38 118.831 9995.72 0 2212 7843 1 0 1
-143.294 -122.891 0 -43.6496 684.9 9976.42 0 2212 7844 1 0 1
-139.719 298.501 0 -221.269 -384.082 9990.17 0 2212 7845 1 0 1
38.9879 -247.585 0 10.693 711.835 9974.63 0 2212 7846 1 0 1
409.084 252.764 0 118.121 -156.569 9998.08 0 2212 7847 1 0 1
-1719.4 -8.11836 0 51.4916 -807.638 9967.2 0 2212 7848 1 0 1
-30.5616 -222.34 0 -113.793 754.507 9970.85 0 2212 7849 1 0 1
-439.355 -58.5626 0 93.9924 -207.204 9997.41 0 2212 7850 1 0 1
14.3812 -10.1277 0 -103.404 323.719 9994.22 0 2212 7851 1 0 1
-58.809 -283.746 0 -45.0071 214.321 9997.6 0 2212 7852 1 0 1
-877.637 57.0481 0 76.8884 -329.173 9994.29 0 2212 7853 1 0 1
901.502 1.06619 0 113.282 158.542 9998.1 0 2212 7854 1 0 1
-645.39 17.8573 0 147.185 -204.63 9996.82 0 2212 7855 1 0 1
-1187.89 160.469 0 209.691 23.28 9997.77 0 2212 7856 1 0 1
-696.444 -42.2038 0 -154.234 -267.093 9995.24 0 2212 7857 1 0 1
211.618 -195.52 0 150.616 72.5695 9998.6 0 2212 7858 1 0 1
-623.34 177.34 0 -135.454 224.269 9996.57 0 2212 7859 1 0 1
328.225 170.036 0 88.5871 365.109 9992.94 0 2212 7860 1 0 1
678.859 14.9806 0 54.9084 19.2696 9999.83 0 2212 7861 1 0 1
-476.795 -318.885 0 -229.085 182.633 9995.71 0 2212 7862 1 0 1
-36.1622 114.017 0 147.755 -826.978 9964.65 0 2212 7863 1 0 1
477.677 -444.243 0 73.2996 -114.729 9999.07 0 2212 7864 1 0 1
219.603 57.5814 0 12.3553 189.639 9998.19 0 2212 7865 1 0 1
1142.66 -52.2626 0 -226.542 -89.3258 9997.03 0 2212 7866 1 0 1
-843.367 -216.047 0 111.371 569.161 9983.17 0 2212 7867 1 0 1
791.55 -167.652 0 -269.984 -177.14 9994.79 0 2212 7868 1 0 1
-624.86 59.2974 0 -19.3723 167.38 9998.58 0 2212 7869 1 0 1
312.105 -87.458 0 36.2857 912.98 9958.17 0 2212 7870 1 0 1
-643.37 137.376 0 -206.444 -100.101 9997.37 0 2212 7871 1 0 1
9.84407 -346.083 0 127.59 -72.9674 9998.92 0 2212 7872 1 0 1
639.059 57.4853 0 67.905 -0.406252 9999.77 0 2212 7873 1 0 1
-563.674 -473.928 0 -4.6564 -482.765 9988.34 0 2212 7874 1 0 1
-988.892 375.234 0 126.034 488.698 9987.26 0 2212 7875 1 0 1
854.519 90.1505 0 22.8972 -304.046 9995.35 0 2212 7876 1 0 1
133.344 121.389 0 134.836 147.829 9998 0 2212 7877 1 0 1
-667.593 285.751 0 -32.0363 102.651 9999.42 0 2212 7878 1 0 1
136.342 -102.281 0 145.005 158.623 9997.69 0 2212 7879 1 0 1
713.69 -386.287 0 343.549 -271.902 9990.4 0 2212 7880 1 0 1
-266.781 -464.966 0 -1.84335 -628.107 9980.25 0 2212 7881 1 0 1
-520.345 250.897 0 74.3648 159.861 9998.45 0 2212 7882 1 0 1
-336.972 -147.258 0 6.13801 -246.509 9996.96 0 2212 7883 1 0 1
-756.364 -363.088 0 112.714 59.2209 9999.19 0 2212 7884 1 0 1
4.51731 199.536 0 186.908 516.988 9984.88 0 2212 7885 1 0 1
39.6368 240.798 0 -127.476 74.6595 9998.91 0 2212 7886 1 0 1
63.0209 44.5683 0 -147.984 -77.687 9998.6 0 2212 7887 1 0 1
-409.217 -32.2472 0 -95.651 129.871 9998.7 0 2212 7888 1 0 1
-254.315 377.042 0 -44.3562 24.1481 9999.87 0 2212 7889 1 0 1
656.78 -76.2075 0 -310.795 88.4422 9994.78 0 2212 7890 1 0 1
75.8039 59.806 0 206.147 257.651 9994.55 0 2212 7891 1 0 1
-343.229 171.367 0 46.2748 49.3215 9999.77 0 2212 7892 1 0 1
365.491 -458.471 0 -137.573 -463.617 9988.3 0 2212 7893 1 0 1
645.62 56.1482 0 -282.401 204.09 9993.93 0 2212 7894 1 0 1
-940.578 -230.227 0 192.246 -212.118 9995.9 0 2212 7895 1 0 1
-55.5206 -211.484 0 -114.171 778.475 9969 0 2212 7896 1 0 1
-735.747 96.6981 0 99.2121 183.441 9997.83 0 2212 7897 1 0 1
-226.085 144.973 0 -70.9098 97.5102 9999.27 0 2212 7898 1 0 1
-607.135 86.2684 0 29.6367 482.152 9988.33 0 2212 7899 1 0 1
-466.237 249.391 0 -73.2451 -549.289 9984.63 0 2212 7900 1 0 1
647.998 -228.492 0 11.9421 -285.334 9995.92 0 2212 7901 1 0 1
638.776 70.6419 0 -222.768 344.459 9991.58 0 2212 7902 1 0 1
-531.32 -187.665 0 69.7634 -498.105 9987.34 0 2212 7903 1 0 1
-1010.31 413.035 0 -142.377 577.783 9982.28 0 2212 7904 1 0 1
540.525 430.874 0 -50.9539 -676.488 9976.96 0 2212 7905 1 0 1
816.638 105.124 0 -113.561 -315.625 9994.37 0 2212 7906 1 0 1
1557.32 -161.291 0 -143.278 6.04527 9998.97 0 2212 7907 1 0 1
485.817 166.019 0 -65.8567 -476.834 9988.41 0 2212 7908 1 0 1
125.794 -161.419 0 -153.612 121.868 9998.08 0 2212 7909 1 0 1
790.552 -343.045 0 240.903 -29.4706 9997.05 0 2212 7910 1 0 1
963.155 -61.3238 0 131.012 283.033 9995.14 0 2212 7911 1 0 1
501.254 222.574 0 -112.201 348.625 9993.29 0 2212 7912 1 0 1
436.621 32.1179 0 68.4921 282.111 9995.79 0 2212 7913 1 0 1
251.169 -363.255 0 36.144 -661.571 9978.03 0 2212 7914 1 0 1
-101.076 166.724 0 51.4864 101.365 9999.35 0 2212 7915 1 0 1
501.738 -141.27 0 7.03862 111.918 9999.37 0 2212 7916 1 0 1
265.058 33.697 0 28.4263 -591.418 9982.46 0 2212 7917 1 0 1
225.372 85.1691 0 -191.825 -261.573 9994.74 0 2212 7918 1 0 1
103.095 -229.427 0 -54.4778 186.551 9998.11 0 2212 7919 1 0 1
-413.934 -527.243 0 104.841 -126.995 9998.64 0 2212 7920 1 0 1
-840.621 40.0399 0 173.291 -224.629 9995.97 0 2212 7921 1 0 1
108.823 666.717 0 493.901 259.151 9984.43 0 2212 7922 1 0 1
1086.72 272.817 0 252.456 324.663 9991.54 0 2212 7923 1 0 1
173.734 275.369 0 74.5992 -848.356 9963.67 0 2212 7924 1 0 1
911.01 71.769 0 78.0138 535.97 9985.32 0 2212 7925 1 0 1
287.623 472.707 0 240.217 37.6185 9997.04 0 2212 7926 1 0 1
-157.026 131.852 0 230.74 664.658 9975.22 0 2212 7927 1 0 1
21.7151 37.7611 0 145.077 486.406 9987.11 0 2212 7928 1 0 1
568.257 140.7 0 -330.25 172.388 9993.06 0 2212 7929 1 0 1
-367.984 199.316 0 247.849 510.5 9983.89 0 2212 7930 1 0 1
-314.536 -404.61 0 -8.82946 -147.421 9998.91 0 2212 7931 1 0 1
-227.366 -7.76057 0 -216.092 -61.1583 9997.48 0 2212 7932 1 0 1
-1036.85 -239.14 0 -191.365 483.685 9986.46 0 2212 7933 1 0 1
972.923 -174.819 0 -126.617 542.057 9984.5 0 2212 7934 1 0 1
615.664 233.998 0 -60.1598 369.311 9993 0 2212 7935 1 0 1
686.355 84.7466 0 139.935 155.878 9997.81 0 2212 7936 1 0 1
-205.809 263.656 0 30.2772 -205.978 9997.83 0 2212 7937 1 0 1
224.989 8.78958 0 -240.826 234.203 9994.36 0 2212 7938 1 0 1
381.975 52.796 0 -175.912 279.172 9994.55 0 2212 7939 1 0 1
220.115 229.116 0 257.295 497.703 9984.29 0 2212 7940 1 0 1
432.982 -212.363 0 -149.449 422.674 9989.95 0 2212 7941 1 0 1
143.606 -601.546 0 -61.3503 785.05 9968.95 0 2212 7942 1 0 1
307.479 129.043 0 168.89 95.0594 9998.12 0 2212 7943 1 0 1
91.0141 265.52 0 217.795 556.212 9982.14 0 2212 7944 1 0 1
662.852 -259.941 0 47.4206 96.6517 9999.42 0 2212 7945 1 0 1
-207.686 -164.371 0 245.089 -134.711 9996.09 0 2212 7946 1 0 1
-292.517 -626.469 0 -311.07 -110.97 9994.54 0 2212 7947 1 0 1
1035.56 45.6113 0 36.3219 -15.7011 9999.92 0 2212 7948 1 0 1
-456.177 173.37 0 -216.16 -334.56 9992.06 0 2212 7949 1 0 1
85.3052 -70.6715 0 148.057 548.621 9983.84 0 2212 7950 1 0 1
542.639 471.813 0 201.664 -812.026 9964.94 0 2212 7951 1 0 1
-523.914 212.926 0 -265.874 561.403 9980.69 0 2212 7952 1 0 1
-45.8259 51.826 0 58.469 -1059.46 9943.55 0 2212 7953 1 0 1
-366.053 64.2624 0 112.176 74.3624 9999.09 0 2212 7954 1 0 1
193.69 116.723 0 157.707 -957.177 9952.84 0 2212 7955 1 0 1
-391.252 -345.392 0 189.058 -28.5609 9998.17 0 2212 7956 1 0 1
-641.794 94.091 0 -72.9548 -272.622 9996.02 0 2212 7957 1 0 1
358.864 -9.52566 0 271.318 -355.366 9990 0 2212 7958 1 0 1
-101.319 79.0688 0 36.5737 128.945 9999.1 0 2212 7959 1 0 1
-72.1341 -20.4702 0 402.584 871.983 9953.77 0 2212 7960 1 0 1
-571.254 303.539 0 202.62 -543.296 9983.17 0 2212 7961 1 0 1
-216.577 100.753 0 319.158 -603.503 9976.67 0 2212 7962 1 0 1
-884.952 -502.449 0 -169.613 52.9559 9998.42 0 2212 7963 1 0 1
-849.717 -15.6093 0 -124.919 -222.371 9996.75 0 2212 7964 1 0 1
45.7048 -10.0533 0 196.986 -111.363 9997.44 0 2212 7965 1 0 1
-262.56 -18.3488 0 220.817 -1183.17 9927.3 0 2212 7966 1 0 1
690.94 -16.4266 0 6.21326 64.3791 9999.79 0 2212 7967 1 0 1
-272.899 314.468 0 -49.4667 -282.06 9995.9 0 2212 7968 1 0 1
-349.897 199.095 0 181.232 -162.203 9997.04 0 2212 7969 1 0 1
101.959 294.267 0 -183.556 -384.362 9990.92 0 2212 7970 1 0 1
-517.897 -104.018 0 -215.908 -149.772 9996.55 0 2212 7971 1 0 1
-66.9062 63.4281 0 77.5417 260.379 9996.31 0 2212 7972 1 0 1
991.693 368.514 0 86.8552 374.02 9992.63 0 2212 7973 1 0 1
238.283 0.937243 0 71.9081 14.5151 9999.73 0 2212 7974 1 0 1
-1042.93 28.6861 0 220.221 -152.159 9996.42 0 2212 7975 1 0 1
308.543 130.29 0 -320.82 1505.72 9880.78 0 2212 7976 1 0 1
24.6499 -444.536 0 -130.14 -356.587 9992.79 0 2212 7977 1 0 1
-1029.44 -70.2953 0 80.8713 30.8257 9999.63 0 2212 7978 1 0 1
-836.644 73.8797 0 -237.003 690.433 9973.32 0 2212 7979 1 0 1
59.9712 309.997 0 144.266 -281.55 9994.99 0 2212 7980 1 0 1
-129.374 -136.237 0 -25.6225 -763 9970.82 0 2212 7981 1 0 1
-871.429 177.907 0 -232.221 -255.354 9994.04 0 2212 7982 1 0 1
-780.778 -153.762 0 -101.87 391.01 9991.83 0 2212 7983 1 0 1
16.3439 -177.258 0 47.7947 363.652 9993.27 0 2212 7984 1 0 1
409.54 -113.342 0 -95.7895 -404.467 9991.36 0 2212 7985 1 0 1
451.613 -275.671 0 -59.883 397.154 9991.93 0 2212 7986 1 0 1
107.286 14.2629 0 49.4128 -86.6744 9999.5 0 2212 7987 1 0 1
-84.4074 134.941 0 -92.7453 -159.655 9998.3 0 2212 7988 1 0 1
-386.668 -161.924 0 218.197 98.4228 9997.13 0 2212 7989 1 0 1
520.746 -176.982 0 -209.384 500.995 9985.25 0 2212 7990 1 0 1
-61.2386 -438.758 0 17.6155 -82.1086 9999.65 0 2212 7991 1 0 1
-179.697 -139.728 0 106.425 354.558 9993.15 0 2212 7992 1 0 1
-609.033 43.9371 0 132.49 -318.796 9994.04 0 2212 7993 1 0 1
479.87 -226.952 0 -85.1168 460.876 9989.01 0 2212 7994 1 0 1
287.051 -423.283 0 -314.867 -135.03 9994.13 0 2212 7995 1 0 1
340.628 63.2974 0 38.4969 -261.019 9996.52 0 2212 7996 1 0 1
302.679 237.304 0 -112.201 227.838 9996.77 0 2212 7997 1 0 1
1217.05 186.158 0 115.097 179.918 9997.72 0 2212 7998 1 0 1
566.673 374.755 0 -159.957 -287.417 9994.59 0 2212 7999 1 0 1
141.359 88.4452 0 -89.4598 -164.583 9998.25 0 2212 8000 1 0 1
-483.448 -74.1853 0 -28.1279 -283.774 9995.93 0 2212 8001 1 0 1
-158.536 321.335 0 38.2041 920.322 9957.49 0 2212 8002 1 0 1
-32.2599 -203.07 0 -54.5784 422.486 9990.92 0 2212 8003 1 0 1
-306.898 399.191 0 264.149 247.511 9993.45 0 2212 8004 1 0 1
-453.49 -212.653 0 -301.874 -308.872 9990.67 0 2212 8005 1 0 1
-829.672 -17.094 0 240.692 -3.55462 9997.1 0 2212 8006 1 0 1
466.737 -441.172 0 59.7644 -7.28252 9999.82 0 2212 8007 1 0 1
303.36 -79.5724 0 107.936 25.2016 9999.39 0 2212 8008 1 0 1
-322.751 21.2993 0 565.604 205.307 9981.88 0 2212 8009 1 0 1
86.6216 76.9737 0 -132.812 77.6286 9998.82 0 2212 8010 1 0 1
417.16 186.096 0 94.1167 -423.313 9990.59 0 2212 8011 1 0 1
160.102 115.425 0 215.401 -700.585 9973.1 0 2212 8012 1 0 1
-672.813 6.39239 0 -108.369 196.82 9997.48 0 2212 8013 1 0 1
117.828 -174.211 0 -207.847 -755.217 9969.28 0 2212 8014 1 0 1
-895.092 -462.96 0 61.0563 -53.1644 9999.67 0 2212 8015 1 0 1
-157.993 160.948 0 212.868 55.3537 9997.58 0 2212 8016 1 0 1
640.583 170.628 0 99.9026 394.423 9991.72 0 2212 8017 1 0 1
-517.015 186.783 0 208.218 96.8633 9997.36 0 2212 8018 1 0 1
536.08 1.40762 0 -192.038 -20.0019 9998.14 0 2212 8019 1 0 1
459.522 -126.77 0 -61.5834 -18.8382 9999.79 0 2212 8020 1 0 1
935.422 277.556 0 81.7312 -880.16 9960.86 0 2212 8021 1 0 1
460.316 -35.8152 0 43.2988 -124.169 9999.14 0 2212 8022 1 0 1
499.978 0.341112 0 147.425 -220.015 9996.49 0 2212 8023 1 0 1
-69.534 70.9727 0 -51.1466 50.6194 9999.74 0 2212 8024 1 0 1
684.004 -426.42 0 20.9366 569.6 9983.74 0 2212 8025 1 0 1
320.902 -153.178 0 -168.6 -983.443 9950.1 0 2212 8026 1 0 1
-190.116 551.445 0 -18.3185 147.347 9998.9 0 2212 8027 1 0 1
-1441.43 250.206 0 -45.9588 -448.952 9989.81 0 2212 8028 1 0 1
-764.707 219.942 0 52.6267 -105.967 9999.3 0 2212 8029 1 0 1
-95.0934 136.538 0 235.563 352.144 9991.02 0 2212 8030 1 0 1
93.6415 30.9496 0 1.58782 -161.015 9998.7 0 2212 8031 1 0 1
458.41 126.101 0 -114.958 207.693 9997.18 0 2212 8032 1 0 1
6.81313 53.0424 0 -167.58 -521.423 9984.99 0 2212 8033 1 0 1
-567.213 -77.1621 0 -11.0133 -287.551 9995.86 0 2212 8034 1 0 1
-518.715 177.081 0 -37.9768 -126.456 9999.13 0 2212 8035 1 0 1
500.987 -347.607 0 -145.994 -95.027 9998.48 0 2212 8036 1 0 1
-322.12 184.398 0 -52.8145 90.9211 9999.45 0 2212 8037 1 0 1
-402.933 12.1568 0 -33.3678 278.885 9996.05 0 2212 8038 1 0 1
407.216 -249.462 0 90.0091 -363.83 9992.97 0 2212 8039 1 0 1
1228.79 -29.1949 0 -22.3658 700.355 9975.42 0 2212 8040 1 0 1
-737.636 381.647 0 -229.918 -146.733 9996.28 0 2212 8041 1 0 1
-307.846 -211.493 0 196.413 -110.398 9997.46 0 2212 8042 1 0 1
-122.237 220.061 0 -5.72566 -214.402 9997.7 0 2212 8043 1 0 1
-574.221 258.855 0 78.3211 -267.753 9996.11 0 2212 8044 1 0 1
167.025 -411.466 0 -12.5955 -239.987 9997.11 0 2212 8045 1 0 1
-233.505 121.397 0 -360.184 186.167 9991.78 0 2212 8046 1 0 1
-497.317 -48.6988 0 -219.576 424.882 9988.56 0 2212 8047 1 0 1
37.7536 218.686 0 391.674 -233.52 9989.6 0 2212 8048 1 0 1
-235.664 343.992 0 301.501 -344.169 9989.53 0 2212 8049 1 0 1
-627.821 -257.386 0 -340.832 352.882 9987.96 0 2212 8050 1 0 1
633.598 85.9007 0 -136.973 -249.724 9995.94 0 2212 8051 1 0 1
-255.434 -204.814 0 3.80563 -310.834 9995.17 0 2212 8052 1 0 1
-278.121 438.864 0 -206.851 408.123 9989.53 0 2212 8053 1 0 1
171.112 -107.598 0 102.742 169.468 9998.04 0 2212 8054 1 0 1
-306.89 42.4348 0 36.1405 -136.961 9999 0 2212 8055 1 0 1
-70.4414 -383.174 0 217.547 193.733 9995.76 0 2212 8056 1 0 1
590.127 100.058 0 -325.236 205.696 9992.59 0 2212 8057 1 0 1
260.343 -58.9839 0 -343.613 231.998 9991.4 0 2212 8058 1 0 1
-605.229 -261.793 0 -162.669 77.1516 9998.38 0 2212 8059 1 0 1
737.35 293.934 0 86.551 21.6701 9999.6 0 2212 8060 1 0 1
-563.555 -51.8405 0 -153.728 318.877 9993.73 0 2212 8061 1 0 1
-455.865 -280.852 0 345.738 925.639 9951.06 0 2212 8062 1 0 1
597.412 107.004 0 -362.084 -70.2703 9993.2 0 2212 8063 1 0 1
444.386 537.53 0 54.46 95.6184 9999.39 0 2212 8064 1 0 1
-221.634 240.246 0 31.91 -44.8852 9999.85 0 2212 8065 1 0 1
-251.916 1.28139 0 -71.8355 -12.5093 9999.73 0 2212 8066 1 0 1
742.917 -148.145 0 -4.60576 -298.151 9995.55 0 2212 8067 1 0 1
-14.0275 -203.134 0 140.778 171.497 9997.54 0 2212 8068 1 0 1
-2.31775 -415.981 0 -218.73 -316.135 9992.61 0 2212 8069 1 0 1
357.506 230.599 0 266.05 -458.846 9985.92 0 2212 8070 1 0 1
-279.581 -123.098 0 149.439 -332.659 9993.35 0 2212 8071 1 0 1
354.707 257.57 0 -176.475 441.694 9988.68 0 2212 8072 1 0 1
618.275 240.094 0 58.1843 -746.323 9971.94 0 2212 8073 1 0 1
337.349 -287.605 0 176.611 -500.366 9985.91 0 2212 8074 1 0 1
334.132 -222.011 0 -23.823 -117.887 9999.28 0 2212 8075 1 0 1
-607.09 -347.903 0 178.683 776.178 9968.23 0 2212 8076 1 0 1
-380.23 458.064 0 -79.909 -680.449 9976.5 0 2212 8077 1 0 1
219.627 -529.756 0 241.257 -915.739 9955.06 0 2212 8078 1 0 1
-916.391 104.289 0 113.566 -902.535 9958.54 0 2212 8079 1 0 1
-576.274 -473.87 0 156.453 -5.22958 9998.77 0 2212 8080 1 0 1
-501.899 120.87 0 -82.2382 71.4339 9999.41 0 2212 8081 1 0 1
857.891 -92.311 0 -166.746 21.2957 9998.59 0 2212 8082 1 0 1
162.998 137.355 0 -145.608 194.863 9997.04 0 2212 8083 1 0 1
-742.864 62.8574 0 -249.812 8.91848 9996.88 0 2212 8084 1 0 1
-10.8132 -305.915 0 21.7671 484.718 9988.22 0 2212 8085 1 0 1
242.527 44.9769 0 -104.092 71.4957 9999.2 0 2212 8086 1 0 1
-130.896 -395.048 0 5.89367 -18.8786 9999.98 0 2212 8087 1 0 1
-573.657 51.8842 0 71.5025 -47.2542 9999.63 0 2212 8088 1 0 1
-625.018 183.979 0 55.9896 -139.066 9998.88 0 2212 8089 1 0 1
546.541 13.6012 0 -27.0214 153.331 9998.79 0 2212 8090 1 0 1
109.933 262.562 0 175.478 -370.045 9991.61 0 2212 8091 1 0 1
-228.418 370.876 0 -51.6955 88.5049 9999.47 0 2212 8092 1 0 1
-517.117 275.318 0 84.7346 -226.154 9997.08 0 2212 8093 1 0 1
-24.7831 -113.707 0 55.3192 -621.403 9980.52 0 2212 8094 1 0 1
-69.1917 -308.197 0 -18.7716 -1208.72 9926.66 0 2212 8095 1 0 1
-862.747 -312.303 0 135.764 -452.227 9988.85 0 2212 8096 1 0 1
476.912 -241.475 0 -54.302 454.416 9989.52 0 2212 8097 1 0 1
66.1987 334.496 0 68.594 -149.542 9998.65 0 2212 8098 1 0 1
329.673 179.171 0 167.414 -99.1211 9998.11 0 2212 8099 1 0 1
240.963 -304.899 0 121.178 -96.3432 9998.8 0 2212 8100 1 0 1
-456.874 204.92 0 57.9911 863.714 9962.46 0 2212 8101 1 0 1
-15.857 370.969 0 50.4068 689.313 9976.09 0 2212 8102 1 0 1
-775.29 -57.9678 0 -271.915 -282.822 9992.3 0 2212 8103 1 0 1
-265.746 180.593 0 -87.7196 117.423 9998.93 0 2212 8104 1 0 1
756.019 180.032 0 232.677 795.209 9965.62 0 2212 8105 1 0 1
171.523 388.88 0 92.652 -885.081 9960.32 0 2212 8106 1 0 1
437.821 374.802 0 -127.079 -109.928 9998.59 0 2212 8107 1 0 1
-1029.36 166.895 0 89.7219 562.014 9983.79 0 2212 8108 1 0 1
594.944 -141.923 0 84.1921 154.427 9998.45 0 2212 8109 1 0 1
-310.182 249.7 0 42.763 737.338 9972.69 0 2212 8110 1 0 1
441.133 -47.9496 0 -135.696 -637.988 9978.71 0 2212 8111 1 0 1
-150.491 -189.015 0 328.753 -177.447 9993.02 0 2212 8112 1 0 1
363.313 96.8122 0 86.7664 362.356 9993.06 0 2212 8113 1 0 1
-305.753 236.622 0 -199.077 50.5895 9997.89 0 2212 8114 1 0 1
226.014 -253.809 0 -497.884 -760.008 9958.64 0 2212 8115 1 0 1
-83.7078 -354.585 0 39.9767 341.576 9994.08 0 2212 8116 1 0 1
-69.4927 30.9975 0 -216.641 -421.192 9988.78 0 2212 8117 1 0 1
-360.124 275.437 0 -130.853 -500.421 9986.61 0 2212 8118 1 0 1
280.305 44.3871 0 13.8384 98.7344 9999.5 0 2212 8119 1 0 1
-647.376 34.1514 0 81.6498 -54.9713 9999.52 0 2212 8120 1 0 1
-132.668 -72.8167 0 140.728 141.058 9998.01 0 2212 8121 1 0 1
366.686 69.0231 0 -186.465 52.4918 9998.12 0 2212 8122 1 0 1
549.439 -1.65983 0 -148.353 -76.6887 9998.61 0 2212 8123 1 0 1
400.008 4.62041 0 116.187 -722.1 9973.22 0 2212 8124 1 0 1
529.293 -535.991 0 144.183 324.4 9993.7 0 2212 8125 1 0 1
-285.173 145.922 0 52.5704 -459.323 9989.31 0 2212 8126 1 0 1
-529.091 -110.694 0 258.359 519.046 9983.18 0 2212 8127 1 0 1
-286.102 -55.758 0 -76.795 -230.32 9997.05 0 2212 8128 1 0 1
-174.612 -110.07 0 -211.186 400.423 9989.75 0 2212 8129 1 0 1
167.806 -97.2864 0 -208.909 174.04 9996.3 0 2212 8130 1 0 1
714.717 -434.109 0 -79.5162 -315.729 9994.7 0 2212 8131 1 0 1
536.874 -224.422 0 -129.63 54.5312 9999.01 0 2212 8132 1 0 1
200.587 -109.87 0 -48.0692 -52.0687 9999.75 0 2212 8133 1 0 1
-395.592 262.836 0 -14.8445 183.01 9998.31 0 2212 8134 1 0 1
530.409 -359.677 0 443.013 -7.29749 9990.18 0 2212 8135 1 0 1
653.585 -7.14029 0 130.679 64.3698 9998.94 0 2212 8136 1 0 1
639.47 91.9861 0 139.9 -53.0858 9998.88 0 2212 8137 1 0 1
211.547 482.36 0 -146.784 86.6397 9998.55 0 2212 8138 1 0 1
1331.48 -230.861 0 -185.039 31.8083 9998.24 0 2212 8139 1 0 1
705.772 -119.448 0 -57.0587 -303.223 9995.24 0 2212 8140 1 0 1
417.086 -213.858 0 -24.9224 244.267 9996.99 0 2212 8141 1 0 1
828.465 -132.626 0 -104.642 361.03 9992.93 0 2212 8142 1 0 1
-247.341 -42.565 0 27.5032 -182.581 9998.3 0 2212 8143 1 0 1
-332.771 -19.0548 0 -60.6912 425.215 9990.77 0 2212 8144 1 0 1
-750.409 -74.2067 0 36.0643 121.677 9999.19 0 2212 8145 1 0 1
414.932 8.4081 0 14.6405 425.031 9990.95 0 2212 8146 1 0 1
569.32 320.52 0 75.6099 -211.902 9997.47 0 2212 8147 1 0 1
180.786 -248.621 0 27.5125 -65.4129 9999.75 0 2212 8148 1 0 1
-267.005 51.6459 0 6.70153 -192.588 9998.14 0 2212 8149 1 0 1
168.706 82.5449 0 51.8015 -33.6355 9999.81 0 2212 8150 1 0 1
-762.599 672.127 0 -45.2662 464.843 9989.09 0 2212 8151 1 0 1
514.803 -83.6457 0 156.269 478.477 9987.32 0 2212 8152 1 0 1
263.005 -369.041 0 -132.135 518.221 9985.69 0 2212 8153 1 0 1
-251.916 -44.8878 0 210.015 4.65799 9997.79 0 2212 8154 1 0 1
-362.84 -66.3948 0 -259.223 19.2533 9996.62 0 2212 8155 1 0 1
-144.179 -223.359 0 -64.0235 338.134 9994.08 0 2212 8156 1 0 1
-63.6837 -288.569 0 246.27 -102.265 9996.44 0 2212 8157 1 0 1
-711.179 533.5 0 103.932 -242.427 9996.52 0 2212 8158 1 0 1
-386.096 384.954 0 217.22 -254.366 9994.4 0 2212 8159 1 0 1
807.63 236.791 0 -53.4622 106.371 9999.29 0 2212 8160 1 0 1
-736.557 83.1874 0 243.203 221.499 9994.59 0 2212 8161 1 0 1
-212.901 205.406 0 10.9034 -612.943 9981.19 0 2212 8162 1 0 1
-174.299 141.789 0 2.62752 -47.0683 9999.89 0 2212 8163 1 0 1
488.295 -43.2652 0 162.684 -70.2136 9998.43 0 2212 8164 1 0 1
1020.45 -254.982 0 -110.892 292.692 9995.1 0 2212 8165 1 0 1
431.659 -487.631 0 -130.835 -697.176 9974.81 0 2212 8166 1 0 1
701.386 -79.9111 0 93.0573 227.62 9996.98 0 2212 8167 1 0 1
184.216 127.223 0 -70.3029 -7.42137 9999.75 0 2212 8168 1 0 1
-290.054 118.232 0 -114.56 -314.472 9994.4 0 2212 8169 1 0 1
196.085 153.106 0 188.537 -119.91 9997.5 0 2212 8170 1 0 1
-426.006 -131.147 0 16.0445 -154.588 9998.79 0 2212 8171 1 0 1
135.203 -72.344 0 108.181 -314.012 9994.48 0 2212 8172 1 0 1
315.048 186.555 0 -229.489 -89.5343 9996.97 0 2212 8173 1 0 1
532.931 -203.092 0 164.357 150.839 9997.51 0 2212 8174 1 0 1
-422.03 -106.804 0 -209.408 629.655 9977.96 0 2212 8175 1 0 1
-500.93 40.3641 0 121.734 -373.235 9992.29 0 2212 8176 1 0 1
868.408 314.459 0 -130.636 399.93 9991.15 0 2212 8177 1 0 1
-1341.69 138.428 0 -0.35625 -477.967 9988.57 0 2212 8178 1 0 1
-100.972 460.596 0 -12.9982 339.741 9994.22 0 2212 8179 1 0 1
-311.048 -261.077 0 174.477 189.356 9996.68 0 2212 8180 1 0 1
229.026 -142.805 0 -266.195 -862.035 9959.22 0 2212 8181 1 0 1
-177.067 -245.102 0 -214.35 457.097 9987.25 0 2212 8182 1 0 1
103.064 52.4922 0 -136.835 93.2202 9998.63 0 2212 8183 1 0 1
-554.465 108.022 0 283.753 162.682 9994.65 0 2212 8184 1 0 1
-17.2123 -258.681 0 -268.391 -139.953 9995.42 0 2212 8185 1 0 1
1139.52 -196.812 0 -150.613 134.163 9997.97 0 2212 8186 1 0 1
542.944 122.816 0 -295.104 -75.7895 9995.36 0 2212 8187 1 0 1
-1105.42 353.219 0 -318.45 547.709 9979.91 0 2212 8188 1 0 1
236.437 -421.739 0 -265.62 974.061 9948.9 0 2212 8189 1 0 1
-28.3602 -89.7067 0 -382.1 -107.746 9992.12 0 2212 8190 1 0 1
-1069.17 153.544 0 -111.249 511.792 9986.28 0 2212 8191 1 0 1
547.581 26.1726 0 -183.837 16.4375 9998.3 0 2212 8192 1 0 1
1065.89 -149.967 0 95.2303 994.85 9949.93 0 2212 8193 1 0 1
236.953 -212.801 0 -197.987 511.18 9984.96 0 2212 8194 1 0 1
-118.227 160.573 0 -34.3491 -190.712 9998.12 0 2212 8195 1 0 1
-504.623 458.219 0 22.8367 -147.363 9998.89 0 2212 8196 1 0 1
-480.148 -30.1601 0 128.745 -465.254 9988.34 0 2212 8197 1 0 1
-614.795 53.1812 0 -144.992 -664.573 9976.84 0 2212 8198 1 0 1
712.359 -84.7183 0 -65.3727 251.335 9996.63 0 2212 8199 1 0 1
-586.304 30.6741 0 142.217 -668.182 9976.64 0 2212 8200 1 0 1
-456.157 111.372 0 439.952 -17.3758 9990.3 0 2212 8201 1 0 1
851.205 -389.19 0 -187.221 236.153 9995.46 0 2212 8202 1 0 1
546.655 312.601 0 -82.9488 -218.412 9997.27 0 2212 8203 1 0 1
-135.762 189.998 0 -129.173 166.556 9997.78 0 2212 8204 1 0 1
-371.771 -99.7964 0 124.639 -187.61 9997.46 0 2212 8205 1 0 1
-78.6123 -482.836 0 -196.443 -111.623 9997.45 0 2212 8206 1 0 1
-1180.63 -221.228 0 -94.7727 963.138 9953.06 0 2212 8207 1 0 1
-518.638 -494.923 0 71.2128 -559.073 9984.11 0 2212 8208 1 0 1
215.892 -157.515 0 -85.7346 -339.425 9993.87 0 2212 8209 1 0 1
719.197 160.281 0 -290.964 121.986 9995.02 0 2212 8210 1 0 1
354.039 -138.803 0 -48.2945 -4.88795 9999.88 0 2212 8211 1 0 1
1017.01 222.77 0 -160.114 -237.312 9995.9 0 2212 8212 1 0 1
668.757 -39.5831 0 -128.451 -36.1996 9999.11 0 2212 8213 1 0 1
358.183 -424.035 0 159.839 -79.8248 9998.4 0 2212 8214 1 0 1
-431.172 15.9487 0 256.304 -743.518 9969.03 0 2212 8215 1 0 1
94.4307 -478.642 0 129.686 612.583 9980.38 0 2212 8216 1 0 1
-540.387 -22.8058 0 161.69 -782.568 9968.02 0 2212 8217 1 0 1
793.631 90.516 0 17.6234 35.818 9999.92 0 2212 8218 1 0 1
59.8231 52.325 0 -118.064 563.995 9983.38 0 2212 8219 1 0 1
-188.054 -10.4455 0 -53.3654 392.693 9992.14 0 2212 8220 1 0 1
462.719 64.8974 0 -140.413 -510.542 9985.97 0 2212 8221 1 0 1
-407.658 -460.201 0 -71.6606 265.64 9996.21 0 2212 8222 1 0 1
-146.24 353.664 0 -174.961 279.993 9994.55 0 2212 8223 1 0 1
171.219 -230.825 0 -229.947 -121.481 9996.62 0 2212 8224 1 0 1
-1159.17 136.87 0 277.444 138.618 9995.19 0 2212 8225 1 0 1
88.6409 -20.1077 0 -174.454 101.917 9997.96 0 2212 8226 1 0 1
900.437 -161.409 0 -18.8493 390.638 9992.35 0 2212 8227 1 0 1
-390.447 -368.908 0 124.355 222.362 9996.75 0 2212 8228 1 0 1
442.612 516.238 0 -35.8258 -439.182 9990.29 0 2212 8229 1 0 1
-195.415 -84.6255 0 -29.1442 0.211456 9999.96 0 2212 8230 1 0 1
357.289 606.154 0 67.3675 -275.547 9995.98 0 2212 8231 1 0 1
-860.826 -167.775 0 -175.005 163.372 9997.13 0 2212 8232 1 0 1
162.478 116.19 0 -150.561 55.8854 9998.71 0 2212 8233 1 0 1
1004.9 482.602 0 -42.5438 129.503 9999.07 0 2212 8234 1 0 1
160.63 -56.0668 0 -2.47739 38.6972 9999.92 0 2212 8235 1 0 1
305.681 41.1623 0 32.6132 -262.449 9996.5 0 2212 8236 1 0 1
-261.727 152.456 0 -4.86081 32.2989 9999.95 0 2212 8237 1 0 1
538.378 -246.83 0 -48.2587 -183.592 9998.2 0 2212 8238 1 0 1
556.776 82.3641 0 -188.186 780.143 9967.75 0 2212 8239 1 0 1
108.286 -241.541 0 -93.9851 284.311 9995.52 0 2212 8240 1 0 1
22.1743 334.165 0 85.6275 -38.8494 9999.56 0 2212 8241 1 0 1
317.183 13.7311 0 -15.8516 335.03 9994.37 0 2212 8242 1 0 1
-62.0055 41.1013 0 -168.154 92.4345 9998.16 0 2212 8243 1 0 1
-328.696 191.322 0 -180.498 -505.853 9985.57 0 2212 8244 1 0 1
161.915 -3.90116 0 293.125 1064.64 9938.84 0 2212 8245 1 0 1
-1733.69 206.566 0 -137.804 368.215 9992.27 0 2212 8246 1 0 1
509.795 149.772 0 24.4401 33.4074 9999.91 0 2212 8247 1 0 1
-519.304 -501.312 0 -5.6746 37.8375 9999.93 0 2212 8248 1 0 1
-1398.51 202.549 0 71.7295 459.434 9989.18 0 2212 8249 1 0 1
-162.521 110.626 0 -33.925 -617.295 9980.87 0 2212 8250 1 0 1
-283.083 -23.2947 0 185.515 287.257 9994.15 0 2212 8251 1 0 1
-313.371 -616.481 0 211.579 -520.746 9984.19 0 2212 8252 1 0 1
69.5509 165.152 0 161.011 77.6267 9998.4 0 2212 8253 1 0 1
-376.441 210.428 0 -208.448 -960.071 9951.62 0 2212 8254 1 0 1
1169.32 53.19 0 165.275 252.238 9995.45 0 2212 8255 1 0 1
-0.851002 215.376 0 122.921 -942.77 9954.7 0 2212 8256 1 0 1
824.433 365.739 0 -73.8064 -161.767 9998.42 0 2212 8257 1 0 1
-223.679 -264.559 0 -17.8997 -18.5474 9999.97 0 2212 8258 1 0 1
-240.91 101.287 0 40.6203 166.354 9998.53 0 2212 8259 1 0 1
-838.175 -288.726 0 -118.96 688.17 9975.58 0 2212 8260 1 0 1
305.091 408.657 0 -90.1927 -523.49 9985.88 0 2212 8261 1 0 1
-114.314 149.972 0 22.5622 140.156 9998.99 0 2212 8262 1 0 1
-29.5652 -31.3029 0 -272.141 -35.1395 9996.23 0 2212 8263 1 0 1
-321.776 -212.972 0 311.345 -36.6475 9995.08 0 2212 8264 1 0 1
-94.2272 -165.721 0 -225.121 83.9592 9997.11 0 2212 8265 1 0 1
452.855 365.604 0 43.1467 -485.978 9988.09 0 2212 8266 1 0 1
-496.218 302.503 0 272.937 -114.468 9995.62 0 2212 8267 1 0 1
-215.551 -446.441 0 88.8105 45.1311 9999.5 0 2212 8268 1 0 1
-440.034 -369.245 0 -84.2895 -381.388 9992.37 0 2212 8269 1 0 1
1066.25 68.5151 0 316.876 36.6186 9994.91 0 2212 8270 1 0 1
44.8708 -285.953 0 -37.1032 555.417 9984.49 0 2212 8271 1 0 1
-43.7592 -106.197 0 68.1864 -70.5394 9999.52 0 2212 8272 1 0 1
-618.214 188.053 0 128.163 124.569 9998.4 0 2212 8273 1 0 1
72.8063 -155.214 0 240.183 112.613 9996.48 0 2212 8274 1 0 1
-181.917 280.606 0 122.557 -96.2217 9998.79 0 2212 8275 1 0 1
454.035 -284.21 0 127.939 17.2186 9999.17 0 2212 8276 1 0 1
634.995 348.953 0 -70.2331 64.2798 9999.55 0 2212 8277 1 0 1
55.1663 -130.528 0 40.3033 -71.8478 9999.66 0 2212 8278 1 0 1
-133.168 46.8757 0 170.405 544.644 9983.7 0 2212 8279 1 0 1
-59.6083 131.444 0 -176.225 59.4265 9998.27 0 2212 8280 1 0 1
919.321 14.57 0 209.1 -6.83953 9997.81 0 2212 8281 1 0 1
-341.145 -98.313 0 -79.6096 -445.275 9989.76 0 2212 8282 1 0 1
715.959 47.8728 0 -176.652 -110.485 9997.83 0 2212 8283 1 0 1
-562.933 -4.35429 0 -224.485 271.233 9993.8 0 2212 8284 1 0 1
160.028 246.088 0 -136.779 -3.01296 9999.06 0 2212 8285 1 0 1
807.889 400.835 0 -164.095 203.383 9996.58 0 2212 8286 1 0 1
-688.064 -286.248 0 159.727 -768.385 9969.16 0 2212 8287 1 0 1
-110.716 -288.759 0 155.352 -603.479 9980.57 0 2212 8288 1 0 1
-160.928 2.15804 0 -218.713 -167.96 9996.2 0 2212 8289 1 0 1
898.879 -160.705 0 -203.188 422.885 9988.99 0 2212 8290 1 0 1
347.588 92.0735 0 100.237 -371.734 9992.59 0 2212 8291 1 0 1
482.24 -68.6624 0 -76.62 772.726 9969.81 0 2212 8292 1 0 1
226.765 -30.5638 0 196.51 -176.336 9996.51 0 2212 8293 1 0 1
556.341 114.089 0 -206.522 -177.058 9996.3 0 2212 8294 1 0 1
145.685 312.147 0 65.5413 98.5685 9999.3 0 2212 8295 1 0 1
-451.201 49.4169 0 119.582 -276.088 9995.47 0 2212 8296 1 0 1
49.1198 186.795 0 151.963 477.58 9987.43 0 2212 8297 1 0 1
503.748 97.2135 0 288.813 32.2162 9995.78 0 2212 8298 1 0 1
363.137 26.3052 0 -107.723 494.508 9987.18 0 2212 8299 1 0 1
485.363 -302.351 0 -56.6469 -240.15 9996.96 0 2212 8300 1 0 1
523.363 72.7435 0 -15.0337 197.075 9998.05 0 2212 8301 1 0 1
-234.161 -338.063 0 82.1392 -499.817 9987.16 0 2212 8302 1 0 1
484.687 -11.9009 0 115.548 -1107.53 9937.81 0 2212 8303 1 0 1
-428.65 -29.9785 0 -45.0635 -110.119 9999.29 0 2212 8304 1 0 1
-33.6351 45.5378 0 -204.114 420.703 9989.06 0 2212 8305 1 0 1
799.751 3.02975 0 -220.278 73.9997 9997.3 0 2212 8306 1 0 1
-184.725 351.483 0 -22.3061 -391.915 9992.29 0 2212 8307 1 0 1
-723.348 237.77 0 110.095 193.594 9997.52 0 2212 8308 1 0 1
-51.6621 -178.398 0 77.258 -323.519 9994.47 0 2212 8309 1 0 1
-123.693 403.593 0 -31.9895 225.447 9997.41 0 2212 8310 1 0 1
-273.672 40.9 0 -232.667 -5.26147 9997.29 0 2212 8311 1 0 1
-143.194 294.738 0 135.318 422.12 9990.17 0 2212 8312 1 0 1
750.808 227.132 0 -96.5342 375.036 9992.5 0 2212 8313 1 0 1
-436.787 51.6167 0 153.259 26.5274 9998.79 0 2212 8314 1 0 1
113.716 130.1 0 69.4864 342.391 9993.9 0 2212 8315 1 0 1
880.358 -213.85 0 -49.56 167.804 9998.47 0 2212 8316 1 0 1
-52.771 -250.301 0 -40.4979 252.074 9996.74 0 2212 8317 1 0 1
559.73 216.667 0 68.3299 74.0331 9999.49 0 2212 8318 1 0 1
-714.732 214.554 0 22.8754 394.544 9992.19 0 2212 8319 1 0 1
1144.95 -118.271 0 -162.435 -186.937 9996.93 0 2212 8320 1 0 1
-529.647 -43.622 0 157.133 381.285 9991.49 0 2212 8321 1 0 1
379.823 213.962 0 -200.119 254.339 9994.76 0 2212 8322 1 0 1
-585.036 256.869 0 -144.735 -208.632 9996.78 0 2212 8323 1 0 1
324.921 -47.2058 0 209.25 -300.49 9993.29 0 2212 8324 1 0 1
94.7171 52.9235 0 67.5392 -312.544 9994.89 0 2212 8325 1 0 1
243.172 -53.433 0 -89.963 -16.1038 9999.58 0 2212 8326 1 0 1
-439.828 -444.988 0 -98.206 -156.639 9998.29 0 2212 8327 1 0 1
-8.10459 -81.0772 0 435.531 287.693 9986.37 0 2212 8328 1 0 1
-34.6592 -28.0078 0 342.984 329.192 9988.69 0 2212 8329 1 0 1
365.587 -153.485 0 -55.1513 157.433 9998.61 0 2212 8330 1 0 1
-368.569 -278.659 0 -215.995 -518.946 9984.19 0 2212 8331 1 0 1
-52.1154 -366.008 0 175.929 58.2763 9998.28 0 2212 8332 1 0 1
-359.877 133.804 0 1.52879 -86.8712 9999.62 0 2212 8333 1 0 1
658.674 296.258 0 -190.986 284.625 9994.12 0 2212 8334 1 0 1
-86.3821 44.3017 0 -245.544 286.534 9992.88 0 2212 8335 1 0 1
986.967 -46.9798 0 -79.5951 -72.1891 9999.42 0 2212 8336 1 0 1
366.422 -202.032 0 -19.9409 -516.734 9986.62 0 2212 8337 1 0 1
247.179 219.36 0 -89.8751 -55.0329 9999.44 0 2212 8338 1 0 1
361.748 287.929 0 -110.849 -97.1534 9998.91 0 2212 8339 1 0 1
-349.963 219.219 0 -38.3078 328.341 9994.53 0 2212 8340 1 0 1
-294.162 -166.237 0 -99.1479 -143.247 9998.48 0 2212 8341 1 0 1
-214.429 -60.6142 0 150.292 -762.219 9969.78 0 2212 8342 1 0 1
366.383 -301.516 0 -8.21235 -365.781 9993.3 0 2212 8343 1 0 1
473.148 -86.5579 0 -109.924 -295.19 9995.04 0 2212 8344 1 0 1
-424.118 83.0928 0 40.0779 -841.829 9964.42 0 2212 8345 1 0 1
-360.756 297.367 0 -22.5604 -218.145 9997.59 0 2212 8346 1 0 1
-67.1909 190.255 0 -45.7408 261.641 9996.47 0 2212 8347 1 0 1
132.38 330.826 0 241.614 -452.634 9986.83 0 2212 8348 1 0 1
-249.735 -107.076 0 -182.511 -219.923 9995.92 0 2212 8349 1 0 1
-473.431 -367.113 0 84.1006 0.230554 9999.65 0 2212 8350 1 0 1
-478.105 -235.377 0 -24.0898 15.4517 9999.96 0 2212 8351 1 0 1
797.916 165.855 0 229.625 41.6281 9997.28 0 2212 8352 1 0 1
112.559 -33.313 0 -345.988 -217.688 9991.64 0 2212 8353 1 0 1
-67.4456 272.486 0 174.598 262.762 9995.02 0 2212 8354 1 0 1
210.591 6.4312 0 190.849 -580.775 9981.3 0 2212 8355 1 0 1
69.1903 -301.485 0 21.5566 611.358 9981.27 0 2212 8356 1 0 1
-30.5942 137.076 0 52.3234 319.526 9994.76 0 2212 8357 1 0 1
1310.71 -495.32 0 170.796 -391.755 9990.86 0 2212 8358 1 0 1
-352.938 318.463 0 -131.646 -652.455 9977.82 0 2212 8359 1 0 1
168.128 457.221 0 -31.4981 134.64 9999.04 0 2212 8360 1 0 1
163.63 -103.547 0 -38.0441 381.2 9992.66 0 2212 8361 1 0 1
-76.9774 -457.897 0 -226.336 318.262 9992.37 0 2212 8362 1 0 1
-71.134 253.286 0 198.165 -27.474 9998 0 2212 8363 1 0 1
40.4458 173.836 0 145.918 8.45711 9998.93 0 2212 8364 1 0 1
133.996 -261.914 0 308.044 -189.71 9993.45 0 2212 8365 1 0 1
128.37 150.179 0 -252.417 396.698 9988.94 0 2212 8366 1 0 1
634.784 100.228 0 32.4197 -205.59 9997.83 0 2212 8367 1 0 1
-208.631 -216.035 0 33.3818 -223.781 9997.44 0 2212 8368 1 0 1
450.976 327.018 0 -29.352 -305.778 9995.28 0 2212 8369 1 0 1
326.997 -47.1335 0 105.971 -39.2057 9999.36 0 2212 8370 1 0 1
259.348 146.314 0 8.67004 105.475 9999.44 0 2212 8371 1 0 1
-473.908 -331.887 0 154.232 627.735 9979.09 0 2212 8372 1 0 1
-631.063 -187.417 0 220.969 -523.076 9983.87 0 2212 8373 1 0 1
72.147 498.481 0 -159.958 -340.274 9992.93 0 2212 8374 1 0 1
58.8842 205.354 0 127.675 -548.459 9984.13 0 2212 8375 1 0 1
400.876 -28.476 0 -61.6657 -349.015 9993.72 0 2212 8376 1 0 1
216.645 -98.7277 0 -85.5788 88.7768 9999.24 0 2212 8377 1 0 1
-506.741 -22.9885 0 17.4344 -178.093 9998.4 0 2212 8378 1 0 1
-203.628 -314.944 0 -293.28 -311.26 9990.85 0 2212 8379 1 0 1
-161.376 155.633 0 -125.611 -688.794 9975.46 0 2212 8380 1 0 1
-676.834 -436.245 0 -0.0395057 364.314 9993.36 0 2212 8381 1 0 1
142.072 -3.94174 0 -241.105 -298.269 9992.64 0 2212 8382 1 0 1
-790.757 60.9518 0 -144.364 -254.805 9995.71 0 2212 8383 1 0 1
533.539 -230.233 0 41.7166 14.5479 9999.9 0 2212 8384 1 0 1
-797.528 300.076 0 103.855 927.502 9956.35 0 2212 8385 1 0 1
-511.081 158.493 0 -37.6701 642.155 9979.29 0 2212 8386 1 0 1
-106.496 129.923 0 -102.95 919.693 9957.09 0 2212 8387 1 0 1
-14.9572 38.0441 0 166.761 207.647 9996.45 0 2212 8388 1 0 1
-497.331 -418.442 0 161.381 494.881 9986.44 0 2212 8389 1 0 1
1117.76 130.086 0 -256.299 -2.79749 9996.71 0 2212 8390 1 0 1
126.305 -335.679 0 -273.253 -246.708 9993.22 0 2212 8391 1 0 1
314.818 24.4114 0 116.028 -474.966 9988.04 0 2212 8392 1 0 1
92.8876 -474.621 0 -232.227 -578.947 9980.53 0 2212 8393 1 0 1
267.939 139.288 0 180.405 -606.805 9979.94 0 2212 8394 1 0 1
-79.3142 377.136 0 -74.1296 -47.1243 9999.61 0 2212 8395 1 0 1
-1213.08 135.623 0 -100.306 -156.174 9998.28 0 2212 8396 1 0 1
713.819 -400.383 0 122.973 270.228 9995.59 0 2212 8397 1 0 1
206.618 -29.3969 0 31.6329 169.907 9998.51 0 2212 8398 1 0 1
-536.848 -382.351 0 1.43953 276.093 9996.19 0 2212 8399 1 0 1
-480.434 1.25813 0 -92.9214 -304.492 9994.93 0 2212 8400 1 0 1
77.1538 -38.1786 0 105.363 -198.615 9997.47 0 2212 8401 1 0 1
540.032 -132.083 0 322.449 225.094 9992.26 0 2212 8402 1 0 1
79.3467 -363.948 0 -10.8271 -461.207 9989.35 0 2212 8403 1 0 1
925.55 -27.5051 0 -8.52501 -840.202 9964.64 0 2212 8404 1 0 1
-245.041 -569.483 0 -243.374 363.325 9990.43 0 2212 8405 1 0 1
-562.149 -34.7212 0 -154.753 24.2011 9998.77 0 2212 8406 1 0 1
1280.76 -328.981 0 -212.239 -194.818 9995.85 0 2212 8407 1 0 1
245.711 14.5147 0 140.842 -76.6341 9998.71 0 2212 8408 1 0 1
936.238 408.589 0 146.387 2.37539 9998.93 0 2212 8409 1 0 1
-496.475 374.442 0 -6.41143 -88.286 9999.61 0 2212 8410 1 0 1
-37.0094 -507.755 0 -175.599 -429.772 9989.22 0 2212 8411 1 0 1
-354.616 -259.413 0 -211.391 223.892 9995.26 0 2212 8412 1 0 1
-437.583 364.602 0 -101.997 297.172 9995.06 0 2212 8413 1 0 1
-875.709 -241.743 0 130.886 -197.335 9997.2 0 2212 8414 1 0 1
946.231 -213.948 0 121.432 -67.7524 9999.03 0 2212 8415 1 0 1
-94.44 -108.493 0 6.39867 349.511 9993.89 0 2212 8416 1 0 1
673.803 67.3501 0 -207.735 332.741 9992.3 0 2212 8417 1 0 1
219.692 -531.732 0 -146.067 -7.88332 9998.93 0 2212 8418 1 0 1
-558.29 67.1282 0 191.325 476.782 9986.79 0 2212 8419 1 0 1
59.4153 -160.84 0 101.042 -15.1616 9999.48 0 2212 8420 1 0 1
-214.724 81.81 0 -0.0554812 483.213 9988.32 0 2212 8421 1 0 1
-421.552 -385.497 0 69.4646 -526.48 9985.89 0 2212 8422 1 0 1
-432.815 530.793 0 73.6932 65.279 9999.52 0 2212 8423 1 0 1
664.259 1.94961 0 -55.4782 156.029 9998.63 0 2212 8424 1 0 1
390.292 221.683 0 119.059 495.163 9987.02 0 2212 8425 1 0 1
-57.942 -357.991 0 -96.7359 315.315 9994.56 0 2212 8426 1 0 1
961.117 134.187 0 100.744 -88.0558 9999.1 0 2212 8427 1 0 1
-94.9505 -545.325 0 269.654 -999.88 9946.23 0 2212 8428 1 0 1
1008.82 -271.621 0 54.6996 -28.0737 9999.81 0 2212 8429 1 0 1
-333.29 94.7834 0 -53.3514 -1078.86 9941.49 0 2212 8430 1 0 1
-490.111 -221.693 0 -37.2107 -184.299 9998.23 0 2212 8431 1 0 1
331.553 -121.546 0 37.9754 -24.6141 9999.9 0 2212 8432 1 0 1
523.035 -37.5214 0 -85.131 497.263 9987.27 0 2212 8433 1 0 1
591.354 -143.539 0 -61.8387 347.734 9993.76 0 2212 8434 1 0 1
514.747 135.057 0 137.619 230 9996.41 0 2212 8435 1 0 1
348.236 302.594 0 -185.421 -171.457 9996.81 0 2212 8436 1 0 1
-196.343 387.866 0 205.516 -211.042 9995.66 0 2212 8437 1 0 1
145.498 -171.58 0 -126.922 251.557 9996.03 0 2212 8438 1 0 1
-43.5372 135.396 0 74.4796 159.434 9998.45 0 2212 8439 1 0 1
228.225 -395.874 0 -114.26 -629.786 9979.49 0 2212 8440 1 0 1
671.608 215.263 0 138.641 -599.826 9981.03 0 2212 8441 1 0 1
120.178 -176.079 0 361.24 -83.2464 9993.13 0 2212 8442 1 0 1
-391.154 -262.785 0 143.624 647.358 9977.99 0 2212 8443 1 0 1
103.242 -359.139 0 141.324 -109.44 9998.4 0 2212 8444 1 0 1
319.908 -124.367 0 -96.7136 -91.8996 9999.11 0 2212 8445 1 0 1
-180.506 488.467 0 -108.539 77.5769 9999.11 0 2212 8446 1 0 1
532.876 112.349 0 -108.076 688.475 9975.69 0 2212 8447 1 0 1
-723.21 -42.5828 0 132.314 -123.949 9998.36 0 2212 8448 1 0 1
151.974 79.5232 0 110.57 -30.6641 9999.34 0 2212 8449 1 0 1
-495.387 -5.88317 0 201.463 -643.877 9977.22 0 2212 8450 1 0 1
-446.145 -130.988 0 -111.727 -138.727 9998.41 0 2212 8451 1 0 1
46.9793 68.8964 0 -88.9355 -433.036 9990.22 0 2212 8452 1 0 1
-400.679 115.793 0 202.258 -396.173 9990.1 0 2212 8453 1 0 1
55.6068 -123.102 0 -163.56 46.5104 9998.55 0 2212 8454 1 0 1
1212.51 285.651 0 24.9601 413.453 9991.42 0 2212 8455 1 0 1
-755.565 44.0122 0 -321.553 415.846 9986.17 0 2212 8456 1 0 1
-412.361 -199.743 0 -90.7058 602.156 9981.44 0 2212 8457 1 0 1
-32.081 10.2226 0 231.065 775.92 9967.17 0 2212 8458 1 0 1
-848.529 171.364 0 22.6248 66.6098 9999.75 0 2212 8459 1 0 1
-142.382 178.928 0 -97.5344 14.5412 9999.51 0 2212 8460 1 0 1
-599.128 144.171 0 -292.55 359.294 9989.26 0 2212 8461 1 0 1
344.474 90.757 0 155.324 -444.874 9988.89 0 2212 8462 1 0 1
-270.615 302.563 0 -151.92 -305.139 9994.19 0 2212 8463 1 0 1
-306.019 -240.104 0 135.805 339.806 9993.3 0 2212 8464 1 0 1
872.043 -211.059 0 -241.343 -182.959 9995.41 0 2212 8465 1 0 1
-723.651 123.771 0 -61.1336 323.61 9994.58 0 2212 8466 1 0 1
-73.6137 378.541 0 -42.7794 128.392 9999.08 0 2212 8467 1 0 1
-509.068 125.289 0 118.983 484.12 9987.57 0 2212 8468 1 0 1
-166.936 102.034 0 6.21048 -234.835 9997.24 0 2212 8469 1 0 1
-83.4897 61.977 0 145.662 678.465 9975.89 0 2212 8470 1 0 1
-408.124 -81.3494 0 252.153 439.247 9987.17 0 2212 8471 1 0 1
459.141 -186.115 0 1.36263 58.1458 9999.83 0 2212 8472 1 0 1
-16.9548 -477.098 0 109.201 -172.677 9997.91 0 2212 8473 1 0 1
-12.9509 305.229 0 42.9182 194.149 9998.02 0 2212 8474 1 0 1
165.294 39.5725 0 170.332 -140.432 9997.56 0 2212 8475 1 0 1
623.493 5.98987 0 200.02 488.438 9986.06 0 2212 8476 1 0 1
885.858 137.91 0 -335.515 571.27 9978.03 0 2212 8477 1 0 1
91.8244 136.632 0 -63.3095 101.989 9999.28 0 2212 8478 1 0 1
665.473 448.002 0 -46.6989 -100.161 9999.39 0 2212 8479 1 0 1
2.44045 437.671 0 23.229 -645.444 9979.12 0 2212 8480 1 0 1
-656.344 243.019 0 22.4606 289.947 9995.77 0 2212 8481 1 0 1
-535.92 -259.594 0 -78.0451 -262.801 9996.24 0 2212 8482 1 0 1
972.642 169.993 0 136.248 -82.1926 9998.73 0 2212 8483 1 0 1
173.556 81.1725 0 -79.7352 -368.915 9992.87 0 2212 8484 1 0 1
115.723 41.4135 0 -48.3031 516.431 9986.54 0 2212 8485 1 0 1
194.251 275.608 0 23.6463 -772.742 9970.07 0 2212 8486 1 0 1
-569.059 184.292 0 -92.1557 292.152 9995.31 0 2212 8487 1 0 1
-359.837 339.859 0 464.825 9.91103 9989.19 0 2212 8488 1 0 1
295.712 375.535 0 -201.486 -28.6026 9997.93 0 2212 8489 1 0 1
-724.212 47.7033 0 30.659 141.07 9998.96 0 2212 8490 1 0 1
10.2992 -475.881 0 2.57881 -50.7328 9999.87 0 2212 8491 1 0 1
308.393 -359.686 0 54.3715 -86.1111 9999.48 0 2212 8492 1 0 1
143.658 195.858 0 -47.6563 -566.543 9983.82 0 2212 8493 1 0 1
-156.196 -86.4296 0 -216.676 -388.33 9990.11 0 2212 8494 1 0 1
201.349 -175.853 0 -12.2569 209.52 9997.8 0 2212 8495 1 0 1
-978.278 190.768 0 -36.8393 440.173 9990.24 0 2212 8496 1 0 1
-141.363 68.7451 0 313.31 69.1345 9994.85 0 2212 8497 1 0 1
-362.587 346.107 0 -219.758 640.243 9977.06 0 2212 8498 1 0 1
-63.6854 -37.1279 0 126.228 279.329 9995.3 0 2212 8499 1 0 1
538.345 426.354 0 -75.2513 -197.152 9997.77 0 2212 8500 1 0 1
877.317 -10.0717 0 -260.356 -219.644 9994.2 0 2212 8501 1 0 1
161.167 -182.122 0 -63.7652 -178.832 9998.2 0 2212 8502 1 0 1
75.385 -223.7 0 -70.0949 -201.919 9997.72 0 2212 8503 1 0 1
-173.886 -25.1694 0 44.0717 250.472 9996.77 0 2212 8504 1 0 1
545.522 29.376 0 87.9746 26.7163 9999.58 0 2212 8505 1 0 1
141.215 -220.519 0 -58.7943 446.234 9989.87 0 2212 8506 1 0 1
-104.598 94.4399 0 -85.6861 548.265 9984.59 0 2212 8507 1 0 1
50.5476 -203.375 0 -77.9615 52.1748 9999.56 0 2212 8508 1 0 1
63.0205 30.4164 0 -40.544 -308.197 9995.17 0 2212 8509 1 0 1
-396.123 -49.8398 0 35.7985 483.141 9988.26 0 2212 8510 1 0 1
-330.935 -120.361 0 53.9829 -91.2895 9999.44 0 2212 8511 1 0 1
214.345 229.991 0 -165.184 64.0864 9998.43 0 2212 8512 1 0 1
1293.61 46.5071 0 30.1588 -275.978 9996.15 0 2212 8513 1 0 1
647.064 2.00409 0 -211.073 378 9990.62 0 2212 8514 1 0 1
105.838 408.171 0 61.6014 388.66 9992.25 0 2212 8515 1 0 1
-332.618 -84.5858 0 316.628 645.153 9974.14 0 2212 8516 1 0 1
-448.323 301.785 0 43.0902 482.18 9988.28 0 2212 8517 1 0 1
550.468 -22.4921 0 137.498 -770.123 9969.35 0 2212 8518 1 0 1
85.6807 -34.3237 0 -94.1671 298.043 9995.11 0 2212 8519 1 0 1
-209.039 -359.581 0 -183.139 76.6147 9998.03 0 2212 8520 1 0 1
-622.219 -334.933 0 -348.404 -43.0911 9993.84 0 2212 8521 1 0 1
-679.551 -142.053 0 283.787 -406.206 9987.72 0 2212 8522 1 0 1
-588.562 201.611 0 -112.085 602.558 9981.2 0 2212 8523 1 0 1
-810.174 250.692 0 -196.829 23.4506 9998.04 0 2212 8524 1 0 1
17.8716 49.8468 0 37.6349 -331.398 9994.44 0 2212 8525 1 0 1
-789.202 29.0771 0 212.177 -655.398 9976.24 0 2212 8526 1 0 1
83.6403 57.6598 0 27.2366 -823.747 9965.98 0 2212 8527 1 0 1
-310.174 168.431 0 53.2935 -670.451 9977.36 0 2212 8528 1 0 1
-703.778 -249.478 0 255.55 -185.793 9995.01 0 2212 8529 1 0 1
-541.376 372.574 0 -12.6161 -586.579 9982.77 0 2212 8530 1 0 1
646.342 60.2709 0 98.7231 15.0943 9999.5 0 2212 8531 1 0 1
-33.037 108.005 0 86.6517 -203.653 9997.55 0 2212 8532 1 0 1
-216.654 -533.378 0 146.563 208.498 9996.75 0 2212 8533 1 0 1
329.802 -292.913 0 -27.1496 -467.362 9989.04 0 2212 8534 1 0 1
1372.81 -170.652 0 -295.583 281.169 9991.68 0 2212 8535 1 0 1
-1069.61 -27.2282 0 100.145 157.05 9998.27 0 2212 8536 1 0 1
-29.101 1.9378 0 -124.632 130.325 9998.37 0 2212 8537 1 0 1
-482.005 -551.793 0 186.859 19.8546 9998.23 0 2212 8538 1 0 1
-845.56 30.3632 0 -48.2728 256.4 9996.6 0 2212 8539 1 0 1
396.499 1.09297 0 312.095 68.4238 9994.89 0 2212 8540 1 0 1
-43.7681 342.045 0 -158.695 1003.26 9948.28 0 2212 8541 1 0 1
-171.048 -638.01 0 -322.962 -85.3301 9994.42 0 2212 8542 1 0 1
-3.05604 339.926 0 -142.77 240.616 9996.09 0 2212 8543 1 0 1
-39.9304 -296.928 0 -73.0036 -748.759 9971.66 0 2212 8544 1 0 1
-399.776 20.6587 0 -247.836 -290.118 9992.72 0 2212 8545 1 0 1
-806.701 43.9922 0 -67.7309 161.841 9998.46 0 2212 8546 1 0 1
810.207 -130.371 0 -265.195 -871.77 9958.4 0 2212 8547 1 0 1
358.721 -202.964 0 -196.552 37.6933 9998 0 2212 8548 1 0 1
291.841 -598.5 0 -250.88 -131.636 9995.99 0 2212 8549 1 0 1
47.1024 129.543 0 -174.585 -82.8697 9998.13 0 2212 8550 1 0 1
-717.095 -179.561 0 -126.428 293.887 9994.88 0 2212 8551 1 0 1
-143.974 166.711 0 -33.9879 -712.015 9974.56 0 2212 8552 1 0 1
-306.816 40.1005 0 43.9717 311.587 9995.05 0 2212 8553 1 0 1
-17.8105 170.175 0 -63.6827 -271.999 9996.1 0 2212 8554 1 0 1
-228.122 374.182 0 -88.4425 -134.041 9998.71 0 2212 8555 1 0 1
-615.82 429.599 0 49.5539 306.74 9995.17 0 2212 8556 1 0 1
121.527 -104.256 0 -51.9237 360.346 9993.37 0 2212 8557 1 0 1
-87.247 152.879 0 399.478 -331.047 9986.53 0 2212 8558 1 0 1
46.1735 135.217 0 -116.799 -213.242 9997.04 0 2212 8559 1 0 1
-917.259 -123.612 0 94.8794 572.137 9983.17 0 2212 8560 1 0 1
-71.1753 109.561 0 16.8091 158.35 9998.73 0 2212 8561 1 0 1
-121.384 -76.2459 0 19.0618 -158.433 9998.73 0 2212 8562 1 0 1
-441.305 379.816 0 120.465 967.844 9952.32 0 2212 8563 1 0 1
-49.3664 5.2396 0 33.9658 270.512 9996.28 0 2212 8564 1 0 1
-714.791 -263.183 0 171.909 297.939 9994.08 0 2212 8565 1 0 1
518.385 -69.6251 0 -50.5166 273.941 9996.12 0 2212 8566 1 0 1
115.209 635.96 0 -468.022 -535.88 9974.66 0 2212 8567 1 0 1
562.922 -10.2806 0 -105.79 -260.976 9996.03 0 2212 8568 1 0 1
61.0848 110.186 0 -111.132 232.358 9996.68 0 2212 8569 1 0 1
319.47 -116.814 0 -155.415 -627.879 9979.06 0 2212 8570 1 0 1
-731.441 -9.11322 0 280.649 -285.827 9991.97 0 2212 8571 1 0 1
218.329 161.871 0 116.756 -156.933 9998.09 0 2212 8572 1 0 1
182.845 51.0663 0 -217.75 58.806 9997.46 0 2212 8573 1 0 1
-183.99 -48.4573 0 -78.7169 232.374 9996.99 0 2212 8574 1 0 1
1257.3 -224.418 0 -285.51 -519.649 9982.41 0 2212 8575 1 0 1
-231.672 -309.027 0 282.821 22.5336 9995.97 0 2212 8576 1 0 1
707.877 -223.795 0 -131.803 -199.979 9997.13 0 2212 8577 1 0 1
-32.1841 153.932 0 -35.5591 -1002.7 9949.54 0 2212 8578 1 0 1
-1200.71 -0.333057 0 -46.8063 -328.181 9994.5 0 2212 8579 1 0 1
956.096 -136.698 0 -226.295 24.1921 9997.41 0 2212 8580 1 0 1
1566.37 -433.589 0 84.1383 -465.448 9988.81 0 2212 8581 1 0 1
-711.995 295.375 0 123.265 758.8 9970.41 0 2212 8582 1 0 1
-566.252 -112.37 0 -26.1271 40.6861 9999.88 0 2212 8583 1 0 1
-1201.7 77.2115 0 293.126 -875.023 9957.33 0 2212 8584 1 0 1
-601.584 49.7288 0 134.89 183.345 9997.41 0 2212 8585 1 0 1
499.985 -215.116 0 -211.333 383.519 9990.41 0 2212 8586 1 0 1
-640.141 -337.488 0 -425.812 140.73 9989.94 0 2212 8587 1 0 1
5.4302 15.1123 0 -184.581 -152.758 9997.13 0 2212 8588 1 0 1
-29.5503 -14.6317 0 -60.0311 374.588 9992.8 0 2212 8589 1 0 1
864.563 -452.867 0 136.994 -66.1764 9998.84 0 2212 8590 1 0 1
260.939 -231.857 0 74.536 -596.289 9981.93 0 2212 8591 1 0 1
705.357 237.54 0 -4.10787 -589.443 9982.61 0 2212 8592 1 0 1
-297.623 130.477 0 -182.452 -406.399 9990.07 0 2212 8593 1 0 1
-562.101 88.615 0 -7.24734 -161.198 9998.7 0 2212 8594 1 0 1
143.979 -276.105 0 -48.5736 259.41 9996.52 0 2212 8595 1 0 1
-346.197 35.2318 0 -0.0672342 354.839 9993.7 0 2212 8596 1 0 1
315.655 340.937 0 253.733 493.452 9984.59 0 2212 8597 1 0 1
258.219 -79.7791 0 103.92 201.838 9997.42 0 2212 8598 1 0 1
-154.175 -52.9519 0 191.421 168.107 9996.75 0 2212 8599 1 0 1
499.175 263.257 0 -39.4545 -309.444 9995.13 0 2212 8600 1 0 1
253.817 152.1 0 -88.2314 128.097 9998.79 0 2212 8601 1 0 1
-596.306 -359.152 0 -68.7787 -102.151 9999.24 0 2212 8602 1 0 1
446.147 602.263 0 34.0678 -405.942 9991.7 0 2212 8603 1 0 1
-88.4243 108.517 0 170.459 104.165 9998 0 2212 8604 1 0 1
-538.474 -103.343 0 -120.965 374.165 9992.27 0 2212 8605 1 0 1
630.127 62.4896 0 -323.429 -402.469 9986.66 0 2212 8606 1 0 1
364.513 -150.141 0 191.572 -466.757 9987.26 0 2212 8607 1 0 1
-177.129 -315.506 0 85.462 -110.393 9999.03 0 2212 8608 1 0 1
385.479 19.1551 0 -41.4148 -229.314 9997.28 0 2212 8609 1 0 1
-403.781 35.1985 0 29.0575 -13.905 9999.95 0 2212 8610 1 0 1
384.573 -275.619 0 80.134 -325.076 9994.39 0 2212 8611 1 0 1
-181.832 -361.577 0 -20.8425 144.559 9998.93 0 2212 8612 1 0 1
-689.317 -31.1531 0 194.448 438.523 9988.49 0 2212 8613 1 0 1
625.919 22.8737 0 -7.1424 -312.095 9995.13 0 2212 8614 1 0 1
-135.021 -434.068 0 120.491 381.874 9991.98 0 2212 8615 1 0 1
299.684 381.267 0 -50.8023 144.668 9998.82 0 2212 8616 1 0 1
-509.802 -81.1801 0 -162.146 58.6799 9998.51 0 2212 8617 1 0 1
265.169 -216.17 0 261.949 38.7707 9996.49 0 2212 8618 1 0 1
-5.09538 289.303 0 252.762 301.067 9992.27 0 2212 8619 1 0 1
416.002 349.057 0 281.725 411.182 9987.57 0 2212 8620 1 0 1
-915.534 -152.046 0 -60.675 32.5948 9999.76 0 2212 8621 1 0 1
848.871 -60.7406 0 22.0378 766.012 9970.59 0 2212 8622 1 0 1
-63.998 60.468 0 -92.1853 -121.258 9998.84 0 2212 8623 1 0 1
951.379 -174.086 0 132.556 288.128 9994.97 0 2212 8624 1 0 1
-809.556 271.078 0 -74.0305 -139.929 9998.75 0 2212 8625 1 0 1
-307.559 -25.8455 0 55.2512 502.318 9987.22 0 2212 8626 1 0 1
788.163 -330.212 0 -354.013 -71.509 9993.48 0 2212 8627 1 0 1
-359.47 141.333 0 -73.2876 -54.9613 9999.58 0 2212 8628 1 0 1
480.029 -143.721 0 315.959 -566.316 9978.95 0 2212 8629 1 0 1
-296.792 163.157 0 189.671 92.0526 9997.78 0 2212 8630 1 0 1
-145.636 318.16 0 45.9606 -200.971 9997.87 0 2212 8631 1 0 1
730.379 -43.852 0 17.1935 -81.9432 9999.65 0 2212 8632 1 0 1
-431.038 229.145 0 -130.341 -43.5142 9999.06 0 2212 8633 1 0 1
266.737 -30.5521 0 -45.7283 -520.896 9986.32 0 2212 8634 1 0 1
1050.72 126.827 0 9.45842 -73.9504 9999.72 0 2212 8635 1 0 1
-497.301 -81.1488 0 -147.573 232.805 9996.2 0 2212 8636 1 0 1
-300.472 -163.678 0 49.1583 376.565 9992.79 0 2212 8637 1 0 1
24.9558 255.499 0 159.606 -16.8878 9998.71 0 2212 8638 1 0 1
142.037 -113.527 0 -23.9545 -420.051 9991.15 0 2212 8639 1 0 1
-861.372 238.554 0 103.91 263.286 9995.99 0 2212 8640 1 0 1
-389.716 -253.054 0 -440.203 218.765 9987.91 0 2212 8641 1 0 1
-322.274 -336.2 0 189.401 177.343 9996.63 0 2212 8642 1 0 1
-229.714 -325.169 0 -79.086 -171.368 9998.22 0 2212 8643 1 0 1
-316.676 -233.006 0 -47.5845 1.3174 9999.89 0 2212 8644 1 0 1
732.006 39.3027 0 -274.662 -311.617 9991.37 0 2212 8645 1 0 1
-311.366 -404.385 0 -216.403 399.04 9989.69 0 2212 8646 1 0 1
371.328 -85.0604 0 213.664 -108.174 9997.13 0 2212 8647 1 0 1
509.576 17.0327 0 -278.352 297.823 9991.69 0 2212 8648 1 0 1
465.873 113.825 0 216.668 63.1644 9997.45 0 2212 8649 1 0 1
101.81 84.5179 0 -197.478 664.151 9975.97 0 2212 8650 1 0 1
-530.567 -108.43 0 -27.075 -562.62 9984.12 0 2212 8651 1 0 1
-53.7466 84.787 0 29.9315 768.836 9970.36 0 2212 8652 1 0 1
-1165.71 345.353 0 -253.504 259.953 9993.41 0 2212 8653 1 0 1
121.178 123.882 0 -239.255 -329.283 9991.71 0 2212 8654 1 0 1
-195.883 -34.2907 0 24.5818 -436.115 9990.46 0 2212 8655 1 0 1
-523.431 116.877 0 184.63 -76.8601 9998 0 2212 8656 1 0 1
-341.109 13.8367 0 -131.122 259.746 9995.77 0 2212 8657 1 0 1
-523.717 370.356 0 -126.778 144.427 9998.15 0 2212 8658 1 0 1
-612.066 -341.273 0 398.978 -243.874 9989.06 0 2212 8659 1 0 1
-739.98 421.574 0 -335.49 288.475 9990.21 0 2212 8660 1 0 1
-168.021 -63.9328 0 -126.984 -591.043 9981.71 0 2212 8661 1 0 1
-167.963 -131.889 0 -244.622 -657.908 9975.34 0 2212 8662 1 0 1
-309.147 -197.993 0 -231.091 456.536 9986.9 0 2212 8663 1 0 1
-137.806 -24.3328 0 218.125 15.8879 9997.61 0 2212 8664 1 0 1
153.323 153.983 0 -285.954 273.901 9992.16 0 2212 8665 1 0 1
515.316 201.246 0 -48.9275 -248.735 9996.79 0 2212 8666 1 0 1
-883.301 -302.642 0 -127.931 -51.6652 9999.05 0 2212 8667 1 0 1
-529.446 -13.5384 0 -216.202 253.555 9994.45 0 2212 8668 1 0 1
351.28 200.876 0 68.9003 160.369 9998.48 0 2212 8669 1 0 1
-843.737 436.641 0 -23.1306 138.105 9999.02 0 2212 8670 1 0 1
-597.828 -37.382 0 98.6863 -192.006 9997.67 0 2212 8671 1 0 1
689.346 -176.628 0 125.999 -264.934 9995.7 0 2212 8672 1 0 1
445.879 -266.804 0 73.8888 -459.912 9989.15 0 2212 8673 1 0 1
608.733 211.431 0 2.82284 -263.879 9996.52 0 2212 8674 1 0 1
43.9832 481.717 0 34.6219 -29.2175 9999.9 0 2212 8675 1 0 1
-574.472 -84.0623 0 287.163 592.928 9978.28 0 2212 8676 1 0 1
105.368 81.27 0 312.169 745.438 9967.29 0 2212 8677 1 0 1
-136.512 193.051 0 273.249 388.792 9988.7 0 2212 8678 1 0 1
466.009 -160.347 0 129.633 -199.361 9997.17 0 2212 8679 1 0 1
-263.489 182.715 0 -70.3557 275.208 9995.96 0 2212 8680 1 0 1
167.229 247.608 0 -56.1461 -281.385 9995.88 0 2212 8681 1 0 1
818.756 -28.8888 0 73.0208 41.2536 9999.65 0 2212 8682 1 0 1
461.377 169.702 0 -146.02 681.998 9975.65 0 2212 8683 1 0 1
273.751 66.5731 0 111.638 697.582 9975.01 0 2212 8684 1 0 1
-219.047 -186.213 0 120.457 -54.4671 9999.13 0 2212 8685 1 0 1
585.993 197.869 0 128.86 -236.518 9996.37 0 2212 8686 1 0 1
-441.669 -278.135 0 -16.633 -243.072 9997.03 0 2212 8687 1 0 1
-21.9652 414.758 0 -125.558 -155.235 9998.01 0 2212 8688 1 0 1
120.836 -142.874 0 -323.472 101.808 9994.25 0 2212 8689 1 0 1
-65.0743 -79.9792 0 144.97 -318.054 9993.89 0 2212 8690 1 0 1
-109.7 76.9609 0 -180.065 -428.937 9989.17 0 2212 8691 1 0 1
438.835 -329.97 0 -133.655 835.61 9964.13 0 2212 8692 1 0 1
-27.6962 -121.359 0 -157.736 105.801 9998.2 0 2212 8693 1 0 1
1941.6 -24.0402 0 79.0427 -293.04 9995.39 0 2212 8694 1 0 1
-675.579 -297.442 0 -55.134 -881.664 9960.91 0 2212 8695 1 0 1
-815.504 6.79813 0 208.393 149.953 9996.7 0 2212 8696 1 0 1
-53.0914 -96.2658 0 147.774 -415.127 9990.29 0 2212 8697 1 0 1
760.474 -2.69703 0 166.543 87.599 9998.23 0 2212 8698 1 0 1
-243.234 211.439 0 -2.09684 -92.0206 9999.58 0 2212 8699 1 0 1
-470.779 415.066 0 -173.089 432.554 9989.14 0 2212 8700 1 0 1
-647.782 -15.5468 0 96.009 133.603 9998.65 0 2212 8701 1 0 1
95.2424 -91.4646 0 334.904 -488.007 9982.47 0 2212 8702 1 0 1
-501.903 286.616 0 244.267 125.623 9996.23 0 2212 8703 1 0 1
74.0069 281.154 0 -307.091 759.658 9966.37 0 2212 8704 1 0 1
11.2837 -317.011 0 174.504 119.294 9997.77 0 2212 8705 1 0 1
51.81 -307.989 0 288.117 66.4924 9995.63 0 2212 8706 1 0 1
1764.28 245.42 0 -210.357 134.544 9996.88 0 2212 8707 1 0 1
-396.505 -181.132 0 139.369 -217.776 9996.66 0 2212 8708 1 0 1
28.2709 -86.269 0 305.207 -169.506 9993.9 0 2212 8709 1 0 1
-548.71 137.454 0 -42.9357 341.985 9994.06 0 2212 8710 1 0 1
-78.5079 77.5716 0 -269.278 -313.597 9991.45 0 2212 8711 1 0 1
-392.819 -43.2981 0 -128.896 -174.775 9997.64 0 2212 8712 1 0 1
-307.124 214.712 0 103.346 460.05 9988.88 0 2212 8713 1 0 1
-1473.85 -226.354 0 -311.038 -170.104 9993.71 0 2212 8714 1 0 1
150.939 -37.6197 0 -102.721 87.2251 9999.09 0 2212 8715 1 0 1
775.416 -437.677 0 -110.968 675.824 9976.52 0 2212 8716 1 0 1
1178.89 41.3116 0 0.766009 537.18 9985.56 0 2212 8717 1 0 1
-44.1251 62.4432 0 3.76927 -30.2253 9999.95 0 2212 8718 1 0 1
925.805 -238.836 0 6.00479 -808.301 9967.28 0 2212 8719 1 0 1
978.559 -370.322 0 -34.6536 -123.412 9999.18 0 2212 8720 1 0 1
668.659 -4.57961 0 -107.402 -81.7966 9999.09 0 2212 8721 1 0 1
-288.949 164.943 0 -22.3614 17.4806 9999.96 0 2212 8722 1 0 1
387.095 36.5744 0 -28.5992 -186.614 9998.22 0 2212 8723 1 0 1
31.4279 168.244 0 -349.266 -298.865 9989.43 0 2212 8724 1 0 1
-1163.37 312.345 0 65.0694 29.2641 9999.75 0 2212 8725 1 0 1
-339.055 -215.014 0 146.282 -182.369 9997.27 0 2212 8726 1 0 1
1011.57 -4.16298 0 -67.5807 212.236 9997.52 0 2212 8727 1 0 1
199.44 -255.22 0 -32.3244 356.759 9993.58 0 2212 8728 1 0 1
-451.63 -135.538 0 49.5901 179.874 9998.26 0 2212 8729 1 0 1
777.915 -22.1019 0 -183.692 118.325 9997.61 0 2212 8730 1 0 1
-285.032 -106.116 0 -49.1877 -56.3172 9999.72 0 2212 8731 1 0 1
-93.9085 -111.01 0 246.635 -66.2511 9996.74 0 2212 8732 1 0 1
-376.602 334.689 0 191.705 -907.268 9956.91 0 2212 8733 1 0 1
575.637 300.238 0 -117.876 592.662 9981.73 0 2212 8734 1 0 1
-997.643 -308.614 0 -9.92654 68.4644 9999.76 0 2212 8735 1 0 1
422.659 254.954 0 -74.1254 -182.138 9998.07 0 2212 8736 1 0 1
-957.153 -337.927 0 191.445 -50.0924 9998.04 0 2212 8737 1 0 1
-1173.07 -426.564 0 -179.906 -236.665 9995.58 0 2212 8738 1 0 1
283.996 -56.2171 0 54.7618 54.4884 9999.7 0 2212 8739 1 0 1
-187.218 197.005 0 300.287 -79.2019 9995.18 0 2212 8740 1 0 1
-80.8233 132.378 0 -163.265 65.7731 9998.45 0 2212 8741 1 0 1
-242.23 293.91 0 264.406 14.8599 9996.49 0 2212 8742 1 0 1
25.389 370.187 0 257.159 -351.771 9990.5 0 2212 8743 1 0 1
544.874 -181.766 0 -56.003 387.119 9992.35 0 2212 8744 1 0 1
-60.9931 -56.9188 0 96.9246 -177.605 9997.95 0 2212 8745 1 0 1
223.422 -197.785 0 -245.848 426.118 9987.89 0 2212 8746 1 0 1
-246.829 -23.9005 0 20.8168 65.9088 9999.76 0 2212 8747 1 0 1
951.292 -27.3677 0 124.122 -257.6 9995.91 0 2212 8748 1 0 1
676.797 -43.6228 0 237.523 114.953 9996.52 0 2212 8749 1 0 1
-596.408 251.519 0 124.197 21.2422 9999.21 0 2212 8750 1 0 1
13.8109 114.92 0 -405.655 575.21 9975.2 0 2212 8751 1 0 1
246.187 83.8326 0 146.655 -342.045 9993.07 0 2212 8752 1 0 1
-1302.47 -56.5642 0 -336.98 -135.912 9993.4 0 2212 8753 1 0 1
-826.521 -30.9979 0 71.4563 -134.333 9998.84 0 2212 8754 1 0 1
1088.53 368.55 0 118.233 -236.056 9996.51 0 2212 8755 1 0 1
-31.0835 -49.026 0 35.8696 -119.006 9999.23 0 2212 8756 1 0 1
-120.86 520.641 0 124.316 102.696 9998.7 0 2212 8757 1 0 1
280.875 185.03 0 292.313 -36.1783 9995.66 0 2212 8758 1 0 1
-47.5785 -159.473 0 -396.801 77.0715 9991.83 0 2212 8759 1 0 1
174.973 157.907 0 56.3344 -367.031 9993.1 0 2212 8760 1 0 1
382.763 -376.327 0 -142.966 -176.022 9997.43 0 2212 8761 1 0 1
-772.9 0.0262607 0 -234.688 -9.53442 9997.24 0 2212 8762 1 0 1
307.328 -70.0911 0 -444.329 -916.359 9948.01 0 2212 8763 1 0 1
326.848 -130.781 0 60.67 261.089 9996.41 0 2212 8764 1 0 1
-188.162 0.593904 0 237.284 -392.267 9989.49 0 2212 8765 1 0 1
-71.2899 -195.659 0 293.514 -633.611 9975.59 0 2212 8766 1 0 1
-486.744 -443.629 0 -67.2598 -247.082 9996.72 0 2212 8767 1 0 1
337.054 -384.645 0 49.4866 247.431 9996.82 0 2212 8768 1 0 1
1537.04 187.305 0 94.5846 -82.276 9999.21 0 2212 8769 1 0 1
910.169 53.3429 0 205.469 253.49 9994.67 0 2212 8770 1 0 1
29.4003 108.191 0 111.338 -152.821 9998.21 0 2212 8771 1 0 1
169.878 127.194 0 -386.548 -59.8813 9992.35 0 2212 8772 1 0 1
-306.107 162.067 0 317.316 158.305 9993.71 0 2212 8773 1 0 1
-685.483 -315.016 0 -155.455 222.199 9996.32 0 2212 8774 1 0 1
227.356 -176.723 0 -75.996 236.56 9996.91 0 2212 8775 1 0 1
-279.608 79.1622 0 -30.2926 -145.694 9998.89 0 2212 8776 1 0 1
129.816 -307.32 0 103.467 -513.875 9986.25 0 2212 8777 1 0 1
552.962 118.389 0 181.091 -160.406 9997.07 0 2212 8778 1 0 1
524.984 -231.558 0 -392.964 -127.714 9991.46 0 2212 8779 1 0 1
731.66 142.444 0 -101.151 53.4154 9999.35 0 2212 8780 1 0 1
-99.5321 402.522 0 267.01 -128.024 9995.61 0 2212 8781 1 0 1
38.8179 -507.519 0 -190.478 622.531 9978.79 0 2212 8782 1 0 1
-1.25354 -20.1245 0 -205.087 -619.863 9978.66 0 2212 8783 1 0 1
104.121 -405.412 0 178.078 -377.442 9991.29 0 2212 8784 1 0 1
12.1559 76.6927 0 110.211 126.782 9998.59 0 2212 8785 1 0 1
259.723 224.368 0 -279.164 -290.366 9991.88 0 2212 8786 1 0 1
1068.09 77.2457 0 223.656 -521.889 9983.87 0 2212 8787 1 0 1
-1016.14 -465.74 0 210.573 514.623 9984.53 0 2212 8788 1 0 1
-501.844 -111.88 0 -117.137 -282.473 9995.32 0 2212 8789 1 0 1
-69.669 -562.314 0 -99.9224 110.891 9998.89 0 2212 8790 1 0 1
102.709 35.8293 0 213.24 23.6496 9997.7 0 2212 8791 1 0 1
-632.739 180.188 0 10.5747 -712.151 9974.6 0 2212 8792 1 0 1
-24.844 -119.967 0 -129.764 242.753 9996.21 0 2212 8793 1 0 1
-810.289 184.476 0 -216.491 -242.512 9994.71 0 2212 8794 1 0 1
476.126 216.068 0 303.9 -379.058 9988.19 0 2212 8795 1 0 1
-406.401 99.5411 0 -50.5588 -372.174 9992.94 0 2212 8796 1 0 1
-363.567 4.32661 0 -121.898 41.0847 9999.17 0 2212 8797 1 0 1
397.593 -234.215 0 267.42 -19.1958 9996.41 0 2212 8798 1 0 1
6.51422 152.654 0 -341.114 231.942 9991.49 0 2212 8799 1 0 1
279.604 -124.224 0 287.618 -566.333 9979.81 0 2212 8800 1 0 1
-103.61 -90.7368 0 209.304 196.579 9995.88 0 2212 8801 1 0 1
980.773 -375.557 0 200.793 49.8426 9997.86 0 2212 8802 1 0 1
-829.865 177.114 0 -28.8874 -272.339 9996.25 0 2212 8803 1 0 1
10.1545 -416.286 0 -386.884 -761.538 9963.45 0 2212 8804 1 0 1
176.225 90.6754 0 -9.80557 -12.9108 9999.99 0 2212 8805 1 0 1
149.815 19.0931 0 201.454 226.438 9995.41 0 2212 8806 1 0 1
-383.428 92.5597 0 268.738 156.502 9995.16 0 2212 8807 1 0 1
-245.002 -110.497 0 84.6221 -1001.06 9949.41 0 2212 8808 1 0 1
-178.76 -334.416 0 180.793 966.432 9951.55 0 2212 8809 1 0 1
418.395 260.799 0 -89.7202 276.779 9995.77 0 2212 8810 1 0 1
-4.62507 -638.05 0 87.8036 946.13 9954.75 0 2212 8811 1 0 1
110.004 260.692 0 354.83 152.157 9992.54 0 2212 8812 1 0 1
-363.323 -462.906 0 -201.242 211.693 9995.73 0 2212 8813 1 0 1
56.8207 -264.751 0 -323.466 -176.945 9993.2 0 2212 8814 1 0 1
-622.627 186.905 0 -80.2038 88.3968 9999.29 0 2212 8815 1 0 1
-322.654 -99.3863 0 -71.9668 -187.722 9997.98 0 2212 8816 1 0 1
465.122 381.643 0 -37.6061 -19.9069 9999.91 0 2212 8817 1 0 1
-758.142 -131.892 0 -58.727 440.521 9990.12 0 2212 8818 1 0 1
356.616 468.595 0 -295.42 -42.496 9995.55 0 2212 8819 1 0 1
-282.332 -129.04 0 -88.6509 297.264 9995.19 0 2212 8820 1 0 1
342.394 -273.756 0 -146.009 -316.22 9993.93 0 2212 8821 1 0 1
7.87986 -320.033 0 -165.612 -59.1802 9998.45 0 2212 8822 1 0 1
740.524 473.906 0 28.8594 72.7666 9999.69 0 2212 8823 1 0 1
226.661 -337.835 0 91.4404 -445.405 9989.66 0 2212 8824 1 0 1
-483.059 -75.3295 0 -9.49963 9.53207 9999.99 0 2212 8825 1 0 1
-93.6943 -498.467 0 -185.459 376.62 9991.18 0 2212 8826 1 0 1
-100.96 -15.7896 0 383.679 -2.36276 9992.64 0 2212 8827 1 0 1
-1742.3 221.501 0 207.471 463.043 9987.12 0 2212 8828 1 0 1
-520.635 0.912614 0 182.758 596.161 9980.54 0 2212 8829 1 0 1
-174.44 -169.695 0 165.333 139.686 9997.66 0 2212 8830 1 0 1
-519.224 93.0097 0 81.1135 -129.299 9998.84 0 2212 8831 1 0 1
305.914 -79.6697 0 409.724 338.221 9985.88 0 2212 8832 1 0 1
161.887 235.202 0 93.0078 -390.947 9991.92 0 2212 8833 1 0 1
91.7839 236.773 0 30.2609 38.9685 9999.88 0 2212 8834 1 0 1
145.069 165.407 0 -116.173 22.2302 9999.3 0 2212 8835 1 0 1
283.73 -14.6106 0 -85.6236 618.7 9980.47 0 2212 8836 1 0 1
527.389 265.189 0 208.262 169.008 9996.4 0 2212 8837 1 0 1
-138.152 42.9493 0 201.801 -204.521 9995.87 0 2212 8838 1 0 1
-278.475 295.262 0 178.403 225.455 9995.87 0 2212 8839 1 0 1
-304.484 191.212 0 30.5371 211.48 9997.72 0 2212 8840 1 0 1
-165.998 22.2488 0 214.753 -863.994 9960.29 0 2212 8841 1 0 1
685.572 -164.677 0 -212.758 718.327 9971.9 0 2212 8842 1 0 1
-660.206 -467.059 0 237.074 336.383 9991.53 0 2212 8843 1 0 1
375.378 126.912 0 -0.666165 -666.266 9977.78 0 2212 8844 1 0 1
184.193 323.122 0 -98.9898 -481.295 9987.92 0 2212 8845 1 0 1
-86.264 88.5982 0 -1.35726 416.041 9991.34 0 2212 8846 1 0 1
454.024 131.999 0 137.482 968.021 9952.09 0 2212 8847 1 0 1
-294.422 -192.982 0 132.721 211.005 9996.89 0 2212 8848 1 0 1
685.151 -58.1153 0 -131.484 -720.783 9973.12 0 2212 8849 1 0 1
871.609 77.8029 0 -178.591 -720.552 9972.41 0 2212 8850 1 0 1
-692.678 -190.717 0 151.147 691.428 9974.92 0 2212 8851 1 0 1
102.559 36.731 0 -108.865 -507.608 9986.52 0 2212 8852 1 0 1
413.401 76.0558 0 -267.244 -37.1349 9996.36 0 2212 8853 1 0 1
-602.968 -284.909 0 -10.4435 -7.29032 9999.99 0 2212 8854 1 0 1
-38.6516 -169.427 0 141.184 -317.082 9993.97 0 2212 8855 1 0 1
541.801 229.269 0 80.8828 -461.176 9989.03 0 2212 8856 1 0 1
-0.992221 53.1378 0 -228.438 428.011 9988.22 0 2212 8857 1 0 1
397.18 -207.577 0 274.877 -195.707 9994.31 0 2212 8858 1 0 1
288.909 -198.934 0 -36.804 167.865 9998.52 0 2212 8859 1 0 1
279.816 411.783 0 144.112 153.867 9997.78 0 2212 8860 1 0 1
-764.567 -22.9831 0 -32.1161 1213.46 9926.05 0 2212 8861 1 0 1
273.081 -394.653 0 139.803 611.85 9980.29 0 2212 8862 1 0 1
-98.5889 42.2249 0 84.4218 137.939 9998.69 0 2212 8863 1 0 1
-110.1 -74.3994 0 305.522 362.987 9988.74 0 2212 8864 1 0 1
236.238 69.868 0 -33.4963 -22.8712 9999.92 0 2212 8865 1 0 1
-515.782 299.132 0 -18.2976 -927.626 9956.87 0 2212 8866 1 0 1
-1048.04 120.672 0 60.8771 467.115 9988.9 0 2212 8867 1 0 1
-669.3 -284.764 0 77.9225 -411.588 9991.22 0 2212 8868 1 0 1
694.433 -146.494 0 -28.2664 217.998 9997.58 0 2212 8869 1 0 1
-386.962 159.616 0 138.644 348.829 9992.95 0 2212 8870 1 0 1
250.245 210.682 0 -32.0133 -171.789 9998.47 0 2212 8871 1 0 1
-104.559 108.331 0 -71.1398 437.287 9990.18 0 2212 8872 1 0 1
509.758 309.985 0 -108.421 -95.1723 9998.96 0 2212 8873 1 0 1
-156.761 82.4083 0 64.7437 -77.1571 9999.49 0 2212 8874 1 0 1
943.253 -250.144 0 76.4395 -85.3803 9999.34 0 2212 8875 1 0 1
1079.64 103.789 0 122.952 -238.673 9996.4 0 2212 8876 1 0 1
-629.579 -240.005 0 -6.32218 176.159 9998.45 0 2212 8877 1 0 1
315.905 67.7977 0 -240.782 688.273 9973.38 0 2212 8878 1 0 1
-606.621 290.698 0 9.04167 852.47 9963.59 0 2212 8879 1 0 1
713.22 177.506 0 -117.598 -272.29 9995.6 0 2212 8880 1 0 1
-40.8171 -288.281 0 -138.942 -289.049 9994.86 0 2212 8881 1 0 1
-673.791 327.061 0 231.603 -589.357 9979.93 0 2212 8882 1 0 1
-566.371 -232.827 0 -42.1204 660.738 9978.06 0 2212 8883 1 0 1
-156.276 174.231 0 -83.9177 -2.6333 9999.65 0 2212 8884 1 0 1
439.737 -94.3628 0 2.6812 -125.633 9999.21 0 2212 8885 1 0 1
133.303 -181.089 0 -99.5947 426.26 9990.41 0 2212 8886 1 0 1
422.488 207.754 0 -105.57 -563.025 9983.58 0 2212 8887 1 0 1
1024.8 128.554 0 -37.6249 -150.175 9998.8 0 2212 8888 1 0 1
142.932 -189.703 0 32.7121 316.834 9994.93 0 2212 8889 1 0 1
1356.54 33.8631 0 40.8383 -101.212 9999.4 0 2212 8890 1 0 1
915.641 51.4345 0 -69.1181 67.0127 9999.54 0 2212 8891 1 0 1
397.833 417.138 0 125.776 -977.95 9951.27 0 2212 8892 1 0 1
-370.811 -104.69 0 207.859 -43.4707 9997.74 0 2212 8893 1 0 1
629.104 625.158 0 -25.8169 -605.55 9981.62 0 2212 8894 1 0 1
-292.672 245.792 0 -179.07 -719.586 9972.47 0 2212 8895 1 0 1
476.517 -196.032 0 -18.9507 -1063.64 9943.25 0 2212 8896 1 0 1
144.631 71.922 0 -29.493 -40.292 9999.88 0 2212 8897 1 0 1
148.905 -3.15494 0 30.0777 43.1768 9999.86 0 2212 8898 1 0 1
126.122 -488.749 0 107.607 582.414 9982.45 0 2212 8899 1 0 1
431.264 -336.094 0 126.875 -731.958 9972.37 0 2212 8900 1 0 1
-695.935 144.443 0 130.694 -678.522 9976.1 0 2212 8901 1 0 1
-193.596 477.713 0 258.139 509.272 9983.69 0 2212 8902 1 0 1
-207.842 166.566 0 -232.19 342.119 9991.45 0 2212 8903 1 0 1
-367.761 248.556 0 118.687 320.241 9994.17 0 2212 8904 1 0 1
530.065 379.472 0 -31.5704 -396.182 9992.1 0 2212 8905 1 0 1
-484.048 -8.54263 0 -279.734 16.8425 9996.07 0 2212 8906 1 0 1
-419.591 22.5964 0 22.6846 170.562 9998.52 0 2212 8907 1 0 1
-631.071 166.101 0 37.6807 109.468 9999.33 0 2212 8908 1 0 1
351.281 40.1757 0 -21.6475 274.105 9996.22 0 2212 8909 1 0 1
-1087.27 358.173 0 -157.479 -420.12 9989.93 0 2212 8910 1 0 1
-417.491 -115.387 0 28.9241 -159.047 9998.69 0 2212 8911 1 0 1
-346.693 -148.178 0 345.517 415.837 9985.37 0 2212 8912 1 0 1
-235.127 496.648 0 71.0376 67.5869 9999.52 0 2212 8913 1 0 1
884.959 -214.327 0 -89.2749 -652.736 9978.27 0 2212 8914 1 0 1
127.971 16.7211 0 -78.1373 248.635 9996.6 0 2212 8915 1 0 1
860.335 279.189 0 -237.567 -494.992 9984.92 0 2212 8916 1 0 1
-291.507 398.283 0 -327.184 487.101 9982.77 0 2212 8917 1 0 1
520.285 78.5061 0 188.103 539.603 9983.66 0 2212 8918 1 0 1
-253.352 -122.926 0 59.5741 105.057 9999.27 0 2212 8919 1 0 1
203.619 142.066 0 -18.0634 -350.692 9993.83 0 2212 8920 1 0 1
-346.229 107.966 0 -218.564 -180.979 9995.97 0 2212 8921 1 0 1
-618.993 597.052 0 36.8932 207.619 9997.78 0 2212 8922 1 0 1
838.178 302.353 0 -269.185 -561.35 9980.6 0 2212 8923 1 0 1
-256.451 289.864 0 143.554 -215.253 9996.65 0 2212 8924 1 0 1
-511.633 183.786 0 -278.886 -1180.67 9926.14 0 2212 8925 1 0 1
-285.552 236.931 0 17.3051 -351.479 9993.81 0 2212 8926 1 0 1
-136.538 -281.352 0 350.76 231.234 9991.17 0 2212 8927 1 0 1
-446.857 -179.816 0 174.081 -317.181 9993.45 0 2212 8928 1 0 1
-2.45077 -230.228 0 -214.848 38.0873 9997.62 0 2212 8929 1 0 1
236.04 31.8608 0 102.225 62.7332 9999.28 0 2212 8930 1 0 1
2.0467 -20.7237 0 -95.4036 420.892 9990.68 0 2212 8931 1 0 1
566.588 -78.5069 0 59.5031 -344.774 9993.88 0 2212 8932 1 0 1
367.358 -129.82 0 -88.5956 -94.6649 9999.16 0 2212 8933 1 0 1
341.43 -33.8835 0 -107.887 147.97 9998.32 0 2212 8934 1 0 1
635.576 -29.7557 0 279.7 -783.137 9965.36 0 2212 8935 1 0 1
413.398 209.477 0 -15.0687 406.649 9991.72 0 2212 8936 1 0 1
-710.799 145.831 0 120.802 -467.471 9988.34 0 2212 8937 1 0 1
-1.31009 147.98 0 -199.361 -418.148 9989.26 0 2212 8938 1 0 1
-151.053 -64.8645 0 -7.47212 -260.254 9996.61 0 2212 8939 1 0 1
370.644 -288.922 0 118.218 181.686 9997.65 0 2212 8940 1 0 1
508.663 34.1167 0 -101.373 59.2823 9999.31 0 2212 8941 1 0 1
-405.942 10.0485 0 73.9162 -276.215 9995.91 0 2212 8942 1 0 1
-472.286 -2.93604 0 -133.026 171.672 9997.64 0 2212 8943 1 0 1
-239.027 -454.28 0 516.36 -557.206 9971.1 0 2212 8944 1 0 1
1319.53 129.717 0 0.340937 176.029 9998.45 0 2212 8945 1 0 1
-186.693 -60.2671 0 -90.6535 122.802 9998.84 0 2212 8946 1 0 1
-1071.72 -134.72 0 -82.1929 -605.922 9981.29 0 2212 8947 1 0 1
-855.515 -14.3459 0 -197.159 -313.976 9993.12 0 2212 8948 1 0 1
260.043 -89.0064 0 90.2646 387.176 9992.09 0 2212 8949 1 0 1
821.057 169.182 0 -353.185 -611.369 9975.04 0 2212 8950 1 0 1
-961.752 -408.554 0 18.9172 -734.685 9972.96 0 2212 8951 1 0 1
711.242 481.489 0 33.082 -124.102 9999.18 0 2212 8952 1 0 1
781.699 12.9165 0 -54.2316 -697.925 9975.47 0 2212 8953 1 0 1
1015.33 158.138 0 -25.2727 -260.662 9996.57 0 2212 8954 1 0 1
409.332 -101.611 0 -8.26934 156.815 9998.77 0 2212 8955 1 0 1
450.905 -83.9931 0 -89.132 293.94 9995.28 0 2212 8956 1 0 1
555.758 -229.036 0 -184.383 4.75198 9998.3 0 2212 8957 1 0 1
385.098 -115.011 0 21.7254 -728.474 9973.41 0 2212 8958 1 0 1
-450.834 290.011 0 25.1084 178.013 9998.38 0 2212 8959 1 0 1
-1208.32 -204.402 0 128.901 252.134 9995.99 0 2212 8960 1 0 1
1082.66 68.5193 0 86.9259 -392.804 9991.9 0 2212 8961 1 0 1
512.337 -359.639 0 -80.3221 241.486 9996.76 0 2212 8962 1 0 1
-350.607 41.0565 0 67.9032 606.565 9981.36 0 2212 8963 1 0 1
-1175.72 52.102 0 99.9233 387.584 9991.99 0 2212 8964 1 0 1
-357.655 -571.691 0 -176.549 -22.4454 9998.42 0 2212 8965 1 0 1
172.868 -420.793 0 103.012 467.662 9988.53 0 2212 8966 1 0 1
382.655 -109.667 0 -206.673 -36.0591 9997.8 0 2212 8967 1 0 1
-44.7581 -62.9172 0 -115.824 9.43647 9999.32 0 2212 8968 1 0 1
771.969 -338.451 0 122.911 345.453 9993.28 0 2212 8969 1 0 1
-1017 233.858 0 204.62 -742.039 9970.33 0 2212 8970 1 0 1
1756.39 139.933 0 25.7631 -477.209 9988.57 0 2212 8971 1 0 1
999.909 103.739 0 -32.4758 -121.435 9999.21 0 2212 8972 1 0 1
151.543 -102.581 0 33.2711 -627.972 9980.21 0 2212 8973 1 0 1
-85.2649 77.52 0 96.6513 -613.22 9980.71 0 2212 8974 1 0 1
-948.937 -134.58 0 -30.1522 -431.273 9990.65 0 2212 8975 1 0 1
-274.82 109.468 0 20.7158 -934.558 9956.21 0 2212 8976 1 0 1
273.638 -75.3298 0 -233.051 -260.206 9993.9 0 2212 8977 1 0 1
-155.065 6.04986 0 -156.738 38.7043 9998.7 0 2212 8978 1 0 1
425.076 -58.0984 0 39.0433 -228.258 9997.32 0 2212 8979 1 0 1
335.884 194.04 0 303.673 -206.016 9993.26 0 2212 8980 1 0 1
-118.191 -284.777 0 350.031 39.4795 9993.79 0 2212 8981 1 0 1
-394.388 40.4895 0 248.949 109.207 9996.3 0 2212 8982 1 0 1
-643.666 383.263 0 -131.797 -287.812 9994.99 0 2212 8983 1 0 1
-644.469 387.508 0 241.9 -751.96 9968.75 0 2212 8984 1 0 1
-268.137 10.1678 0 -351.425 334.519 9988.22 0 2212 8985 1 0 1
-364.821 153.994 0 -115.198 -530.271 9985.27 0 2212 8986 1 0 1
284.365 -146.915 0 11.5502 -718.455 9974.15 0 2212 8987 1 0 1
-132.666 -13.348 0 237.157 -206.697 9995.05 0 2212 8988 1 0 1
1111.3 -368.877 0 62.8612 312.529 9994.92 0 2212 8989 1 0 1
-62.9048 277.233 0 -62.4339 -42.1751 9999.72 0 2212 8990 1 0 1
-675.87 -125.072 0 274.495 522.669 9982.56 0 2212 8991 1 0 1
646.036 -286.918 0 107.403 428.171 9990.25 0 2212 8992 1 0 1
359.708 -29.416 0 -72.7109 -4.48538 9999.73 0 2212 8993 1 0 1
-157.926 53.8482 0 -26.7413 -241.894 9997.04 0 2212 8994 1 0 1
750.398 97.2309 0 -149.228 179.403 9997.28 0 2212 8995 1 0 1
794.297 36.6768 0 -201.886 -149.91 9996.84 0 2212 8996 1 0 1
-320.445 -319.925 0 -125.407 75.7618 9998.93 0 2212 8997 1 0 1
-969.768 -254.894 0 -48.841 -416.345 9991.21 0 2212 8998 1 0 1
591.177 -289.452 0 159.06 -444.41 9988.85 0 2212 8999 1 0 1
552.018 -253.672 0 195.938 -161.958 9996.77 0 2212 9000 1 0 1
187.437 257.443 0 -4.71267 -149.255 9998.88 0 2212 9001 1 0 1
911.041 -365.593 0 -313.465 -41.1236 9995 0 2212 9002 1 0 1
-74.0428 18.3366 0 -440.253 -625.993 9970.67 0 2212 9003 1 0 1
332.147 -46.5014 0 -295.3 -873.32 9957.41 0 2212 9004 1 0 1
445.497 185.292 0 -14.5564 -139.313 9999.02 0 2212 9005 1 0 1
-771.629 558.239 0 120.295 -810.811 9966.35 0 2212 9006 1 0 1
-98.3027 -1.47986 0 189.548 -128.528 9997.38 0 2212 9007 1 0 1
363.417 85.8623 0 78.147 196.84 9997.76 0 2212 9008 1 0 1
605.958 -253.047 0 -7.89909 187.52 9998.24 0 2212 9009 1 0 1
-610.732 97.3056 0 -73.7474 -224.392 9997.21 0 2212 9010 1 0 1
637.74 353.634 0 -47.1931 -348.349 9993.82 0 2212 9011 1 0 1
42.2762 -6.39286 0 -39.5236 -779.565 9969.49 0 2212 9012 1 0 1
58.6613 -120.922 0 97.7531 -18.9102 9999.5 0 2212 9013 1 0 1
-137.405 79.9789 0 103.427 -208.109 9997.3 0 2212 9014 1 0 1
279.93 0.245105 0 159.254 -166.339 9997.35 0 2212 9015 1 0 1
-341.155 525.296 0 -243.48 -588.157 9979.72 0 2212 9016 1 0 1
-83.4284 -188.107 0 -159.237 -104.104 9998.19 0 2212 9017 1 0 1
-64.1862 532.418 0 82.14 -259.579 9996.29 0 2212 9018 1 0 1
720.245 31.33 0 -331.358 1032.76 9941.01 0 2212 9019 1 0 1
-517.477 51.3986 0 -34.7829 604.099 9981.68 0 2212 9020 1 0 1
-785.846 -31.8922 0 75.3653 48.2257 9999.6 0 2212 9021 1 0 1
613.009 332.862 0 -189.456 -256.684 9994.91 0 2212 9022 1 0 1
82.3508 -154.837 0 -2.67824 -592.478 9982.43 0 2212 9023 1 0 1
479.313 50.9664 0 -206.639 440.13 9988.17 0 2212 9024 1 0 1
-331.255 -165.277 0 -71.3567 -39.9223 9999.67 0 2212 9025 1 0 1
172.618 -379.469 0 52.3727 645.905 9978.98 0 2212 9026 1 0 1
94.5059 -102.793 0 -102.108 -319.861 9994.36 0 2212 9027 1 0 1
-416.501 195.92 0 58.7777 -272.309 9996.12 0 2212 9028 1 0 1
370.597 334.298 0 -12.0502 657.351 9978.36 0 2212 9029 1 0 1
-585.784 -77.3903 0 196.209 161.804 9996.77 0 2212 9030 1 0 1
557.116 -319.589 0 -121.35 811.34 9966.29 0 2212 9031 1 0 1
268.029 -13.8964 0 205.775 75.1004 9997.6 0 2212 9032 1 0 1
154.296 454.902 0 116.7 -124.354 9998.55 0 2212 9033 1 0 1
-1274.81 -230.744 0 148.166 -272.249 9995.2 0 2212 9034 1 0 1
-356.421 343.902 0 7.42428 -73.1712 9999.73 0 2212 9035 1 0 1
291.923 105.345 0 -69.2941 -249.401 9996.65 0 2212 9036 1 0 1
497.817 35.2898 0 178.418 -157.746 9997.16 0 2212 9037 1 0 1
-43.6192 68.7212 0 -135.307 411.504 9990.61 0 2212 9038 1 0 1
66.4642 -147.499 0 122.565 556.48 9983.75 0 2212 9039 1 0 1
-66.4863 -544.764 0 237.28 3.20318 9997.18 0 2212 9040 1 0 1
584.838 -68.6534 0 98.2778 894.64 9959.42 0 2212 9041 1 0 1
-369.714 -293.336 0 -153.634 -20.3491 9998.8 0 2212 9042 1 0 1
-66.2274 -109.88 0 -130.111 -548.185 9984.12 0 2212 9043 1 0 1
74.5889 73.509 0 29.7966 207.901 9997.79 0 2212 9044 1 0 1
-853.158 157.752 0 233.24 232.681 9994.57 0 2212 9045 1 0 1
-506.686 -98.2101 0 -265.469 14.1386 9996.47 0 2212 9046 1 0 1
410.343 -642.563 0 142.142 141.654 9997.99 0 2212 9047 1 0 1
-485.619 90.7116 0 -39.2205 245.529 9996.91 0 2212 9048 1 0 1
639.916 -423.113 0 -48.1038 437.118 9990.33 0 2212 9049 1 0 1
-185.897 -357.003 0 76.0906 -204.383 9997.62 0 2212 9050 1 0 1
496.781 395.998 0 -149.438 -268.062 9995.29 0 2212 9051 1 0 1
932.027 296.988 0 125.436 -370.697 9992.34 0 2212 9052 1 0 1
-93.4435 -32.3081 0 52.2693 41.465 9999.78 0 2212 9053 1 0 1
-208.628 -445.055 0 -242.248 682.95 9973.71 0 2212 9054 1 0 1
375.055 -228.469 0 -250.898 405.465 9988.63 0 2212 9055 1 0 1
397.564 36.2876 0 20.8408 148.307 9998.88 0 2212 9056 1 0 1
-72.0636 -90.0786 0 39.3806 423.464 9990.95 0 2212 9057 1 0 1
969.023 -764.526 0 238.677 80.2665 9996.83 0 2212 9058 1 0 1
-990.827 83.33 0 -117.844 781.137 9968.75 0 2212 9059 1 0 1
-273.942 -324.547 0 -239.535 443.473 9987.29 0 2212 9060 1 0 1
92.1784 69.0371 0 280.617 442.876 9986.25 0 2212 9061 1 0 1
241.609 -182.485 0 47.0993 112.068 9999.26 0 2212 9062 1 0 1
65.7586 -60.1013 0 90.7833 321.478 9994.42 0 2212 9063 1 0 1
-217.868 128.537 0 22.7798 1.69677 9999.97 0 2212 9064 1 0 1
-66.8902 105.367 0 -32.5559 -194.98 9998.05 0 2212 9065 1 0 1
-297.767 -512.892 0 -241.821 -176.62 9995.52 0 2212 9066 1 0 1
126.502 -479.529 0 -265.275 -189.677 9994.68 0 2212 9067 1 0 1
-199.972 329.843 0 100.638 -290.638 9995.27 0 2212 9068 1 0 1
213.414 132.233 0 243.897 140.823 9996.03 0 2212 9069 1 0 1
1253.3 367.872 0 139.341 299.073 9994.56 0 2212 9070 1 0 1
-132.565 -42.1028 0 235.743 113.405 9996.58 0 2212 9071 1 0 1
-361.859 -82.3258 0 2.07118 576.331 9983.38 0 2212 9072 1 0 1
437.763 4.91707 0 99.4058 440.158 9989.81 0 2212 9073 1 0 1
-1311.49 499.756 0 -28.6269 413.823 9991.39 0 2212 9074 1 0 1
364.639 -176.983 0 -161.405 -121.569 9997.96 0 2212 9075 1 0 1
612.679 -52.9545 0 36.9517 423.01 9990.98 0 2212 9076 1 0 1
178.097 -285.009 0 55.2534 -326.005 9994.53 0 2212 9077 1 0 1
24.1285 -164.72 0 -161.87 -51.7129 9998.56 0 2212 9078 1 0 1
-278.741 -48.1358 0 95.8168 258.573 9996.2 0 2212 9079 1 0 1
-948.516 61.1129 0 65.6291 -622.994 9980.36 0 2212 9080 1 0 1
-94.2598 -600.831 0 95.9325 230.773 9996.88 0 2212 9081 1 0 1
-344.764 -343.199 0 23.8641 -165.562 9998.6 0 2212 9082 1 0 1
-441.629 286.408 0 75.5708 596.677 9981.9 0 2212 9083 1 0 1
145.606 629.507 0 112.957 -74.698 9999.08 0 2212 9084 1 0 1
381.849 171.586 0 133.507 -141.694 9998.1 0 2212 9085 1 0 1
-173.588 -435.772 0 -22.007 437.695 9990.39 0 2212 9086 1 0 1
-1117.66 146.626 0 -217.795 295.946 9993.25 0 2212 9087 1 0 1
-495.897 40.4492 0 239.248 473.239 9985.93 0 2212 9088 1 0 1
-506.072 -80.1445 0 179.163 -103.644 9997.86 0 2212 9089 1 0 1
52.955 -54.5106 0 -17.4882 182.858 9998.31 0 2212 9090 1 0 1
210.551 65.7096 0 -246.393 -83.5195 9996.62 0 2212 9091 1 0 1
309.504 -218.143 0 -40.138 -534.264 9985.64 0 2212 9092 1 0 1
-315.137 31.3918 0 -55.2635 -394.167 9992.08 0 2212 9093 1 0 1
-1044.27 -116.241 0 16.3456 281.979 9996.01 0 2212 9094 1 0 1
-461.035 278.779 0 -106.322 -24.7492 9999.4 0 2212 9095 1 0 1
-147.129 39.2461 0 -72.1755 197.703 9997.78 0 2212 9096 1 0 1
85.4066 469.739 0 244.768 -186.661 9995.26 0 2212 9097 1 0 1
449.254 523.858 0 -235.876 -25.3468 9997.19 0 2212 9098 1 0 1
-727.463 -47.6256 0 172.864 682.383 9975.19 0 2212 9099 1 0 1
90.5786 316.666 0 -185.274 -278.912 9994.39 0 2212 9100 1 0 1
1183.62 415.733 0 5.68549 -176.474 9998.44 0 2212 9101 1 0 1
497.613 -89.1789 0 265.654 -63.1357 9996.27 0 2212 9102 1 0 1
615.279 228.69 0 -22.7367 -15.3335 9999.96 0 2212 9103 1 0 1
1.03967 11.1979 0 -38.2146 -105.843 9999.37 0 2212 9104 1 0 1
-576.139 114.095 0 35.7763 -326.676 9994.6 0 2212 9105 1 0 1
560.355 -92.2083 0 10.7664 -206.366 9997.86 0 2212 9106 1 0 1
293.147 -184.007 0 178.195 -109.607 9997.81 0 2212 9107 1 0 1
-1416.36 -270.293 0 87.2321 -242.303 9996.68 0 2212 9108 1 0 1
68.7875 -517.233 0 314.382 -643.003 9974.35 0 2212 9109 1 0 1
788.178 57.2333 0 -282.198 5.33718 9996.02 0 2212 9110 1 0 1
210.222 340.461 0 103.243 -492.966 9987.31 0 2212 9111 1 0 1
947.934 -347.477 0 228.539 -76.8394 9997.09 0 2212 9112 1 0 1
268.337 406.937 0 -251.198 251.344 9993.68 0 2212 9113 1 0 1
-403.944 103.081 0 2.27239 -323.911 9994.75 0 2212 9114 1 0 1
344.65 -47.5225 0 256.796 -129.832 9995.86 0 2212 9115 1 0 1
778.838 123.156 0 -104.716 6.9346 9999.45 0 2212 9116 1 0 1
-1077.48 158.093 0 105.095 136.68 9998.51 0 2212 9117 1 0 1
1251.92 158.722 0 217.27 -420.847 9988.78 0 2212 9118 1 0 1
-212.049 194.299 0 -185.15 564.448 9982.34 0 2212 9119 1 0 1
157.138 35.7586 0 87.0521 -627.882 9979.89 0 2212 9120 1 0 1
402.31 -363.296 0 344.408 -114.79 9993.41 0 2212 9121 1 0 1
639.627 17.9413 0 -196.425 550.892 9982.88 0 2212 9122 1 0 1
22.9137 -183.876 0 83.1966 105.045 9999.1 0 2212 9123 1 0 1
1000.76 -151.178 0 135.432 115.589 9998.41 0 2212 9124 1 0 1
-948.431 -384.997 0 -74.7476 -308.175 9994.97 0 2212 9125 1 0 1
259.896 -379.416 0 109.013 -533.343 9985.17 0 2212 9126 1 0 1
617.081 5.93748 0 254.804 -130.839 9995.9 0 2212 9127 1 0 1
10.7841 64.4292 0 143.347 495.271 9986.7 0 2212 9128 1 0 1
48.8033 -26.8731 0 -202.041 -771.438 9968.15 0 2212 9129 1 0 1
-127.448 21.1387 0 -100.73 67.0542 9999.27 0 2212 9130 1 0 1
247.204 -33.718 0 170.242 507.949 9985.64 0 2212 9131 1 0 1
-729.283 222.908 0 92.7662 -369.076 9992.76 0 2212 9132 1 0 1
797.703 280.764 0 -139.76 -53.6297 9998.88 0 2212 9133 1 0 1
-203.62 -68.9272 0 219.446 165.277 9996.23 0 2212 9134 1 0 1
-591.608 326.396 0 -95.1449 -66.7712 9999.32 0 2212 9135 1 0 1
-104.686 -157.884 0 56.2725 -462.823 9989.13 0 2212 9136 1 0 1
-825.988 131.992 0 -369.453 -50.131 9993.05 0 2212 9137 1 0 1
-631.764 6.85566 0 79.9098 79.4393 9999.37 0 2212 9138 1 0 1
-587.194 342.45 0 -26.6231 -213.541 9997.68 0 2212 9139 1 0 1
-736.371 -50.8549 0 105.588 -159.91 9998.16 0 2212 9140 1 0 1
-397.293 430.531 0 137.414 -364.668 9992.4 0 2212 9141 1 0 1
444.366 122.148 0 -177.82 430.753 9989.14 0 2212 9142 1 0 1
98.4992 65.2765 0 29.61 447.749 9989.93 0 2212 9143 1 0 1
528.606 122.592 0 -28.2529 186.517 9998.22 0 2212 9144 1 0 1
-67.432 -294.823 0 354.126 -655.365 9972.22 0 2212 9145 1 0 1
-731.155 61.5524 0 -215.456 -301.3 9993.14 0 2212 9146 1 0 1
402.291 -69.1337 0 -113.261 510.766 9986.31 0 2212 9147 1 0 1
-139.747 361.405 0 -47.6208 127.379 9999.08 0 2212 9148 1 0 1
-755.301 371.724 0 56.6071 300.428 9995.33 0 2212 9149 1 0 1
-341.138 433.257 0 -548.802 57.2894 9984.77 0 2212 9150 1 0 1
461.663 61.1849 0 117.879 77.4992 9999 0 2212 9151 1 0 1
-861.284 245.768 0 86.4545 272.004 9995.93 0 2212 9152 1 0 1
251.533 116.14 0 192.186 44.1189 9998.06 0 2212 9153 1 0 1
-452.108 -307.595 0 149.556 -461.025 9988.25 0 2212 9154 1 0 1
134.621 -487.056 0 87.4656 -31.9122 9999.57 0 2212 9155 1 0 1
1300.77 -304.144 0 29.7728 0.196414 9999.96 0 2212 9156 1 0 1
286.648 63.7017 0 122.569 -412.681 9990.73 0 2212 9157 1 0 1
547.053 67.5265 0 -155.281 -206.725 9996.66 0 2212 9158 1 0 1
783.705 122.078 0 176.866 -697.524 9974.08 0 2212 9159 1 0 1
430.221 419.131 0 -27.646 -325.195 9994.67 0 2212 9160 1 0 1
1198.38 -243.833 0 -264.736 -203.958 9994.41 0 2212 9161 1 0 1
-245.173 195.465 0 -230.774 -98.745 9996.85 0 2212 9162 1 0 1
-13.9421 226.811 0 223.014 -310.855 9992.68 0 2212 9163 1 0 1
-369.768 342.136 0 -16.5188 327.413 9994.62 0 2212 9164 1 0 1
564.07 -239.041 0 68.3865 86.5155 9999.39 0 2212 9165 1 0 1
-371.028 175.369 0 324.889 -320.639 9989.58 0 2212 9166 1 0 1
67.1568 252.841 0 230.488 -322.674 9992.13 0 2212 9167 1 0 1
-962.133 -424.401 0 102.74 -221.816 9997.01 0 2212 9168 1 0 1
412.588 143.195 0 -75.8296 -375.298 9992.67 0 2212 9169 1 0 1
610.529 179.395 0 142.551 406.793 9990.71 0 2212 9170 1 0 1
-222.543 -384.496 0 -324.337 403.43 9986.59 0 2212 9171 1 0 1
117.953 -447.834 0 398.821 -313.159 9987.14 0 2212 9172 1 0 1
117.277 -140.258 0 258.399 124.315 9995.89 0 2212 9173 1 0 1
-113.387 327.421 0 -177.983 532.869 9984.21 0 2212 9174 1 0 1
83.6553 -359.591 0 237.245 -716.56 9971.47 0 2212 9175 1 0 1
-341.328 160.762 0 16.196 484.299 9988.25 0 2212 9176 1 0 1
356.862 -159.036 0 -127.256 101.527 9998.67 0 2212 9177 1 0 1
-871.99 -283.1 0 -30.266 129.168 9999.12 0 2212 9178 1 0 1
-782.99 -476.059 0 -351.77 -335.042 9988.19 0 2212 9179 1 0 1
765.075 -69.5352 0 -191.607 -336.879 9992.49 0 2212 9180 1 0 1
55.6319 250.364 0 -280.956 -546.192 9981.12 0 2212 9181 1 0 1
-497.717 77.9235 0 144.474 192.909 9997.1 0 2212 9182 1 0 1
-113.672 -88.7723 0 -280.286 600.577 9978.01 0 2212 9183 1 0 1
220.784 78.8614 0 -62.245 -151.107 9998.66 0 2212 9184 1 0 1
-410.245 -108.291 0 81.617 -43.7916 9999.57 0 2212 9185 1 0 1
-120.359 -28.6042 0 65.3289 -386.744 9992.31 0 2212 9186 1 0 1
-419.294 24.1983 0 -196.881 53.9736 9997.92 0 2212 9187 1 0 1
-9.38914 -114.842 0 -18.1528 -517.064 9986.61 0 2212 9188 1 0 1
-796.718 -22.3886 0 39.6298 -5.76964 9999.92 0 2212 9189 1 0 1
640.826 -125.664 0 -78.6514 -500.428 9987.16 0 2212 9190 1 0 1
162.569 -82.1292 0 139.476 530.79 9984.93 0 2212 9191 1 0 1
752.365 -421.302 0 58.2125 -287.832 9995.69 0 2212 9192 1 0 1
387.656 216.09 0 151.375 131.15 9997.99 0 2212 9193 1 0 1
-864.658 -24.7164 0 -114.789 -508.568 9986.4 0 2212 9194 1 0 1
-744.309 -311.535 0 108.249 -370.508 9992.55 0 2212 9195 1 0 1
-263.003 -375.853 0 127.359 639.339 9978.73 0 2212 9196 1 0 1
-30.318 69.2567 0 -369.922 210.553 9990.94 0 2212 9197 1 0 1
-870.323 50.4591 0 -169.986 -16.3854 9998.54 0 2212 9198 1 0 1
-114.847 53.2301 0 -316.697 -713.017 9969.52 0 2212 9199 1 0 1
-6.81656 225.435 0 341.118 -41.0125 9994.1 0 2212 9200 1 0 1
624.705 61.2955 0 240.947 349.149 9991 0 2212 9201 1 0 1
-489.552 -275.705 0 113.417 390.29 9991.74 0 2212 9202 1 0 1
16.6569 -205.707 0 -101.85 214.077 9997.19 0 2212 9203 1 0 1
210.212 -61.31 0 334.395 -455.09 9984.04 0 2212 9204 1 0 1
-508.662 374.547 0 -118.163 26.8739 9999.27 0 2212 9205 1 0 1
120.253 118.792 0 255.531 -190.056 9994.93 0 2212 9206 1 0 1
-249.888 -135.371 0 -207.522 -483.421 9986.15 0 2212 9207 1 0 1
-761.712 -221.459 0 129.515 558.727 9983.54 0 2212 9208 1 0 1
-548.774 48.4698 0 -148.25 -136.553 9997.97 0 2212 9209 1 0 1
-42.3623 -254.273 0 -97.4623 818.502 9965.97 0 2212 9210 1 0 1
937.547 -754.813 0 20.7747 256.635 9996.68 0 2212 9211 1 0 1
-90.9709 179.19 0 -207.925 421.789 9988.94 0 2212 9212 1 0 1
291.014 228.182 0 98.1413 -208.027 9997.35 0 2212 9213 1 0 1
-454.756 119.205 0 -147.475 -422.438 9989.98 0 2212 9214 1 0 1
-86.2883 49.2799 0 -15.4687 269.003 9996.37 0 2212 9215 1 0 1
226.308 -389.238 0 -350.418 656.225 9972.29 0 2212 9216 1 0 1
833.084 -97.7319 0 -8.11674 102.458 9999.47 0 2212 9217 1 0 1
-1042.32 -1.82161 0 -166.459 198.155 9996.65 0 2212 9218 1 0 1
-90.4689 -74.1036 0 26.4065 -616.813 9980.92 0 2212 9219 1 0 1
59.1191 243.192 0 -149.591 181.9 9997.23 0 2212 9220 1 0 1
38.2683 173.591 0 123.227 250.584 9996.1 0 2212 9221 1 0 1
488.153 185.611 0 116.617 -99.0678 9998.83 0 2212 9222 1 0 1
-336.196 174.982 0 43.3314 412.466 9991.4 0 2212 9223 1 0 1
319.519 -140.634 0 24.8861 356.047 9993.63 0 2212 9224 1 0 1
-728.96 39.8905 0 -62.8071 303.127 9995.21 0 2212 9225 1 0 1
-166.5 -79.3514 0 45.9179 257.048 9996.59 0 2212 9226 1 0 1
-578.209 36.6225 0 -88.0398 851.638 9963.28 0 2212 9227 1 0 1
324.334 71.344 0 -339.034 717.817 9968.44 0 2212 9228 1 0 1
9.69116 553.039 0 -85.735 -407.612 9991.32 0 2212 9229 1 0 1
-143.544 -92.7713 0 -71.4236 -6.58635 9999.74 0 2212 9230 1 0 1
699.609 -206.278 0 -88.6365 -177.717 9998.03 0 2212 9231 1 0 1
310.901 -288.859 0 -281.254 -51.0536 9995.91 0 2212 9232 1 0 1
420.835 -444.319 0 188.943 -1024.07 9945.63 0 2212 9233 1 0 1
34.7232 -327.174 0 179.432 -283.054 9994.38 0 2212 9234 1 0 1
1202.71 -102.382 0 -287.709 -574.011 9979.37 0 2212 9235 1 0 1
-209.424 -37.5226 0 -127.909 104.489 9998.64 0 2212 9236 1 0 1
-110.375 -4.47028 0 -71.2793 -344.505 9993.81 0 2212 9237 1 0 1
660.241 98.1607 0 -68.0318 -187.747 9998.01 0 2212 9238 1 0 1
-262.499 -488.569 0 -131.04 348.818 9993.06 0 2212 9239 1 0 1
259.886 -18.7961 0 -13.6836 179.755 9998.37 0 2212 9240 1 0 1
1195.73 346.917 0 26.6445 199.699 9997.97 0 2212 9241 1 0 1
261.295 503.414 0 195.388 -272.651 9994.37 0 2212 9242 1 0 1
952.97 35.6773 0 -128.067 433.713 9989.77 0 2212 9243 1 0 1
-405.816 180.921 0 -38.8878 -126.527 9999.12 0 2212 9244 1 0 1
512.207 -138.141 0 341.73 -465.962 9983.29 0 2212 9245 1 0 1
378.576 -174.917 0 -194.225 -618.59 9978.96 0 2212 9246 1 0 1
-180.484 -550.635 0 -110.061 356.297 9993.04 0 2212 9247 1 0 1
577.204 537.983 0 -5.2781 -116.997 9999.31 0 2212 9248 1 0 1
-802.569 138.27 0 67.5854 350.351 9993.63 0 2212 9249 1 0 1
104.091 83.3763 0 103.136 -138.744 9998.51 0 2212 9250 1 0 1
561.031 -215.043 0 -217.433 176.53 9996.08 0 2212 9251 1 0 1
-98.7867 -154.768 0 46.6331 -66.3758 9999.67 0 2212 9252 1 0 1
-604.715 -12.4462 0 18.2632 -171.803 9998.51 0 2212 9253 1 0 1
-464.507 -181.544 0 391.203 -400.23 9984.33 0 2212 9254 1 0 1
-428.383 -85.3004 0 349.886 74.8508 9993.6 0 2212 9255 1 0 1
204.809 3.21002 0 -119.248 -772.887 9969.37 0 2212 9256 1 0 1
845.432 144.882 0 95.2331 -72.2457 9999.29 0 2212 9257 1 0 1
349.778 -60.7042 0 309.474 -619.704 9975.98 0 2212 9258 1 0 1
-851.086 -74.8219 0 105.792 -419.296 9990.65 0 2212 9259 1 0 1
-765.952 -421.767 0 83.5974 728.449 9973.08 0 2212 9260 1 0 1
-365.431 219.148 0 127.28 601.81 9981.06 0 2212 9261 1 0 1
-418.774 173.312 0 -151.539 168.184 9997.44 0 2212 9262 1 0 1
10.466 27.2262 0 116.592 -561.194 9983.56 0 2212 9263 1 0 1
-116.764 -17.7155 0 61.2832 -265.604 9996.28 0 2212 9264 1 0 1
-943.22 133.83 0 26.8139 352.889 9993.74 0 2212 9265 1 0 1
200.675 -136.212 0 137.922 470.28 9987.98 0 2212 9266 1 0 1
-357.596 335.497 0 46.9051 -477.027 9988.51 0 2212 9267 1 0 1
351.086 211.021 0 -52.3917 444.418 9989.98 0 2212 9268 1 0 1
7.79693 390.379 0 77.4587 -462.508 9989 0 2212 9269 1 0 1
918.631 57.6696 0 -149.759 79.7981 9998.56 0 2212 9270 1 0 1
-151.09 -310.256 0 -93.6093 859.98 9962.51 0 2212 9271 1 0 1
43.0161 -244.011 0 -166.722 361.99 9992.06 0 2212 9272 1 0 1
-579.491 201.36 0 -216.872 -560.533 9981.92 0 2212 9273 1 0 1
233.593 -161.303 0 85.623 -67.2521 9999.41 0 2212 9274 1 0 1
441.859 56.0853 0 -79.8933 286.7 9995.57 0 2212 9275 1 0 1
-754.433 -352.28 0 64.4691 491.54 9987.7 0 2212 9276 1 0 1
-110.656 -161.152 0 -139.504 122.12 9998.28 0 2212 9277 1 0 1
312.815 -6.6693 0 251.924 -1160.24 9929.27 0 2212 9278 1 0 1
-1150.3 130.85 0 -76.862 -352.105 9993.5 0 2212 9279 1 0 1
-801.566 -191.857 0 -188.583 -47.9538 9998.11 0 2212 9280 1 0 1
37.0483 -141.476 0 -245.578 363.666 9990.37 0 2212 9281 1 0 1
345.052 -303.196 0 232.168 -659.227 9975.55 0 2212 9282 1 0 1
854.379 111.601 0 -147.237 -58.1328 9998.75 0 2212 9283 1 0 1
543.528 246.177 0 -322.373 149.747 9993.68 0 2212 9284 1 0 1
354.472 -102.067 0 -41.3877 -580.559 9983.05 0 2212 9285 1 0 1
814.822 67.1594 0 315.937 613.256 9976.18 0 2212 9286 1 0 1
232.388 -230.959 0 -13.4721 278.529 9996.11 0 2212 9287 1 0 1
-100.637 -358.069 0 42.3503 -450.269 9989.77 0 2212 9288 1 0 1
601.43 -100.646 0 -163.64 -161.828 9997.35 0 2212 9289 1 0 1
678.401 -131.386 0 -224.151 153.641 9996.31 0 2212 9290 1 0 1
178.42 60.3066 0 326.618 290.941 9990.43 0 2212 9291 1 0 1
-432.163 -121.573 0 -261.998 706.275 9971.59 0 2212 9292 1 0 1
90.7378 -118.733 0 259.004 -389.049 9989.07 0 2212 9293 1 0 1
-619.025 237.414 0 -338.901 597.634 9976.37 0 2212 9294 1 0 1
34.7556 -100.669 0 -269.29 -214.408 9994.07 0 2212 9295 1 0 1
-314.699 -154.115 0 58.9142 -520.088 9986.29 0 2212 9296 1 0 1
963.561 -238.229 0 167.574 -282.97 9994.59 0 2212 9297 1 0 1
100.279 -723.473 0 147.418 -222.117 9996.45 0 2212 9298 1 0 1
113.306 325.144 0 -0.409513 -195.578 9998.09 0 2212 9299 1 0 1
-344.735 161.582 0 -244.1 37.4452 9996.95 0 2212 9300 1 0 1
846.668 -344.035 0 83.538 -56.5161 9999.49 0 2212 9301 1 0 1
-404.103 -495.1 0 -72.3284 96.0018 9999.28 0 2212 9302 1 0 1
502.855 -66.4272 0 55.6277 148.013 9998.75 0 2212 9303 1 0 1
-411.947 -11.484 0 -280.885 179.631 9994.44 0 2212 9304 1 0 1
-569.079 56.5786 0 262.048 1101.72 9935.67 0 2212 9305 1 0 1
-471.497 18.2689 0 -231.52 -67.7549 9997.09 0 2212 9306 1 0 1
461.885 163.69 0 -32.8487 41.1348 9999.86 0 2212 9307 1 0 1
-703.272 337.05 0 20.7474 521.585 9986.37 0 2212 9308 1 0 1
378.247 -66.5393 0 324.399 92.5769 9994.31 0 2212 9309 1 0 1
-361.377 -269.029 0 -54.2112 9.05017 9999.85 0 2212 9310 1 0 1
-113.896 215.737 0 -303.73 -106.938 9994.81 0 2212 9311 1 0 1
1007.08 186.748 0 -103.802 3.1044 9999.46 0 2212 9312 1 0 1
262.259 -127.018 0 -220.842 -530.562 9983.47 0 2212 9313 1 0 1
379.174 156.965 0 -60.3384 105.674 9999.26 0 2212 9314 1 0 1
689.479 -137.097 0 -55.9815 -586.354 9982.64 0 2212 9315 1 0 1
5.17794 -10.6114 0 -162.279 -161.996 9997.37 0 2212 9316 1 0 1
857.27 233.665 0 35.7415 82.1454 9999.6 0 2212 9317 1 0 1
-791.746 -368.078 0 -25.7956 -358.073 9993.55 0 2212 9318 1 0 1
760.404 81.1104 0 141.794 -305.407 9994.33 0 2212 9319 1 0 1
-508.916 -61.6828 0 169.629 -299.509 9994.07 0 2212 9320 1 0 1
-1014.81 37.5881 0 266.767 169.42 9995.01 0 2212 9321 1 0 1
491.189 -59.439 0 37.7331 -28.7741 9999.89 0 2212 9322 1 0 1
82.383 340.077 0 -130.912 516.158 9985.81 0 2212 9323 1 0 1
1146.34 53.4978 0 22.7945 1106.4 9938.58 0 2212 9324 1 0 1
932.982 500.08 0 238.222 -381.315 9989.89 0 2212 9325 1 0 1
369.311 -197.699 0 -102.399 -139.297 9998.51 0 2212 9326 1 0 1
1364.5 -61.4093 0 498.765 -13.1679 9987.55 0 2212 9327 1 0 1
-91.8948 -155.896 0 -40.8692 26.2898 9999.88 0 2212 9328 1 0 1
-780.202 -381.42 0 -158.242 -86.725 9998.37 0 2212 9329 1 0 1
-633.147 -16.7547 0 0.127007 122.575 9999.25 0 2212 9330 1 0 1
799.773 -38.2745 0 326.551 252.103 9991.49 0 2212 9331 1 0 1
-91.9404 223.781 0 7.69569 -29.5664 9999.95 0 2212 9332 1 0 1
390.952 -306.097 0 -21.7109 -36.8681 9999.91 0 2212 9333 1 0 1
268.312 401.331 0 -57.0724 -287.497 9995.7 0 2212 9334 1 0 1
329.801 -261.766 0 -27.3938 267.249 9996.39 0 2212 9335 1 0 1
-733.813 235.72 0 216.723 361.295 9991.12 0 2212 9336 1 0 1
687.087 -247.88 0 121.98 340.423 9993.46 0 2212 9337 1 0 1
150.414 -105.176 0 -37.9944 523.82 9986.2 0 2212 9338 1 0 1
43.4897 159.797 0 -234.898 4.80798 9997.24 0 2212 9339 1 0 1
9.50703 4.9865 0 -260.02 230.027 9993.97 0 2212 9340 1 0 1
-126.645 58.2326 0 -152.435 -192.758 9996.98 0 2212 9341 1 0 1
1304.63 -263.815 0 -46.9928 -446.198 9989.93 0 2212 9342 1 0 1
412.119 -401.279 0 137.661 321.696 9993.88 0 2212 9343 1 0 1
276.898 -323.269 0 58.6619 547.945 9984.8 0 2212 9344 1 0 1
-760.141 24.8925 0 174.226 252.484 9995.29 0 2212 9345 1 0 1
-287.949 -390.748 0 11.774 -61.9689 9999.8 0 2212 9346 1 0 1
-615.305 -298.037 0 -13.9949 462.778 9989.28 0 2212 9347 1 0 1
179.901 -308.111 0 399.215 711.858 9966.64 0 2212 9348 1 0 1
-1037.44 -161.859 0 299.737 544.206 9980.68 0 2212 9349 1 0 1
101.395 302.652 0 71.1187 104.226 9999.2 0 2212 9350 1 0 1
810.685 176.465 0 -206.083 189.496 9996.08 0 2212 9351 1 0 1
277.092 -551.919 0 -101.051 328.912 9994.08 0 2212 9352 1 0 1
132.41 144.689 0 161.257 38.5828 9998.63 0 2212 9353 1 0 1
894.343 -7.8152 0 -203.793 -112.326 9997.29 0 2212 9354 1 0 1
-173.404 -107.844 0 142.622 57.083 9998.82 0 2212 9355 1 0 1
-299.865 380.737 0 157.385 39.4652 9998.68 0 2212 9356 1 0 1
-84.8772 14.5858 0 166.168 814.963 9965.35 0 2212 9357 1 0 1
-391.066 323.784 0 -78.3952 -847.507 9963.71 0 2212 9358 1 0 1
405.913 -288.779 0 23.0133 67.7436 9999.74 0 2212 9359 1 0 1
959.697 -212.667 0 34.9164 526.253 9986.08 0 2212 9360 1 0 1
254.446 -22.8651 0 -330.861 20.6598 9994.5 0 2212 9361 1 0 1
285.265 123.363 0 -257.432 -421.39 9987.8 0 2212 9362 1 0 1
-570.392 175.977 0 -153.023 -441.839 9989.06 0 2212 9363 1 0 1
-110.133 119.124 0 -29.1836 -426.505 9990.86 0 2212 9364 1 0 1
454.895 21.6193 0 259.096 -355.583 9990.32 0 2212 9365 1 0 1
-125.593 -162.698 0 -44.977 436.48 9990.37 0 2212 9366 1 0 1
1288.84 -292.135 0 13.2965 122.668 9999.24 0 2212 9367 1 0 1
-88.4515 432.963 0 -34.5639 -760.811 9970.96 0 2212 9368 1 0 1
-728.559 -53.0691 0 58.3849 -581.38 9982.91 0 2212 9369 1 0 1
437.664 234.149 0 257.354 909.008 9955.27 0 2212 9370 1 0 1
-254.708 -277.371 0 84.7825 -176.807 9998.08 0 2212 9371 1 0 1
-70.4733 -0.926322 0 148.412 164.644 9997.54 0 2212 9372 1 0 1
344.664 -424.788 0 92.606 -972.113 9952.21 0 2212 9373 1 0 1
133.522 114.114 0 303.649 406.389 9987.12 0 2212 9374 1 0 1
1373.56 266.835 0 38.8661 -105.204 9999.37 0 2212 9375 1 0 1
395.457 202.883 0 -3.61836 -342.078 9994.15 0 2212 9376 1 0 1
196.43 585.049 0 303.819 447.223 9985.37 0 2212 9377 1 0 1
246.111 88.0302 0 55.8416 -681.707 9976.58 0 2212 9378 1 0 1
239.467 231.335 0 165.989 46.9426 9998.51 0 2212 9379 1 0 1
-698.839 226.002 0 262.579 302.452 9991.98 0 2212 9380 1 0 1
-779.075 -156.776 0 5.95779 275.585 9996.2 0 2212 9381 1 0 1
688.602 -346.96 0 151.039 -250.578 9995.72 0 2212 9382 1 0 1
537.884 -170.088 0 -7.14539 -453.091 9989.73 0 2212 9383 1 0 1
-390.903 403.308 0 76.5078 117.111 9999.02 0 2212 9384 1 0 1
-862.94 181.375 0 -199.656 105.154 9997.45 0 2212 9385 1 0 1
-797.119 213.52 0 40.3774 287.929 9995.77 0 2212 9386 1 0 1
-809.614 366.592 0 368.456 -0.0142393 9993.21 0 2212 9387 1 0 1
-216.383 -267.466 0 151.508 -114.818 9998.19 0 2212 9388 1 0 1
-1664.48 194.897 0 -215.73 297.865 9993.23 0 2212 9389 1 0 1
-1174.87 20.3095 0 12.4058 484.315 9988.26 0 2212 9390 1 0 1
209.134 -71.8391 0 86.2322 -128.2 9998.81 0 2212 9391 1 0 1
708.188 4.7383 0 -267.426 -108.975 9995.83 0 2212 9392 1 0 1
466.97 -118.533 0 -130.664 119.23 9998.44 0 2212 9393 1 0 1
570.401 -394.293 0 -118.256 -39.0019 9999.22 0 2212 9394 1 0 1
164.487 -83.6429 0 10.6106 428.107 9990.83 0 2212 9395 1 0 1
-561.716 68.1832 0 -62.3635 -8.12685 9999.8 0 2212 9396 1 0 1
980.518 243.286 0 -178.871 -348.071 9992.34 0 2212 9397 1 0 1
1221.69 -197.014 0 -6.63054 -350.131 9993.87 0 2212 9398 1 0 1
673.134 -153.803 0 -158.038 -32.365 9998.7 0 2212 9399 1 0 1
-209.263 -283.744 0 81.9271 401.225 9991.61 0 2212 9400 1 0 1
567.122 -106.694 0 -475.306 -99.6966 9988.2 0 2212 9401 1 0 1
-465.946 179.318 0 10.8258 -179.95 9998.37 0 2212 9402 1 0 1
-582.932 -20.7374 0 140.122 -356.958 9992.64 0 2212 9403 1 0 1
-250.356 -31.676 0 220.03 -330.419 9992.12 0 2212 9404 1 0 1
-96.1349 -222.122 0 244.75 -62.1407 9996.81 0 2212 9405 1 0 1
-412.569 288.621 0 35.4175 295.587 9995.57 0 2212 9406 1 0 1
530.631 -38.602 0 -238.682 -369.395 9990.32 0 2212 9407 1 0 1
1471.72 -96.2465 0 82.131 729.133 9973.04 0 2212 9408 1 0 1
-383.827 -245.523 0 -135.905 -999.178 9949.03 0 2212 9409 1 0 1
122.819 243.369 0 29.6317 -273.511 9996.21 0 2212 9410 1 0 1
-618.633 406.429 0 -160.086 -130.53 9997.87 0 2212 9411 1 0 1
-82.6164 395.302 0 -25.116 -86.0566 9999.6 0 2212 9412 1 0 1
-144.258 229.212 0 -81.707 662.856 9977.67 0 2212 9413 1 0 1
503.007 305.172 0 102.168 -545.993 9984.56 0 2212 9414 1 0 1
155.551 179.449 0 104.773 -35.7174 9999.39 0 2212 9415 1 0 1
-631.562 -235.769 0 122.069 92.1912 9998.83 0 2212 9416 1 0 1
181.342 678.394 0 146.868 -248.137 9995.84 0 2212 9417 1 0 1
-1144.78 197.198 0 -3.05869 41.6654 9999.91 0 2212 9418 1 0 1
610.901 -69.6753 0 -246.862 531.159 9982.83 0 2212 9419 1 0 1
63.5855 -73.1753 0 239.852 -75.9608 9996.83 0 2212 9420 1 0 1
-451.514 -110.57 0 126.115 -69.6676 9998.96 0 2212 9421 1 0 1
-425.293 164.274 0 75.9516 734.15 9972.73 0 2212 9422 1 0 1
119.318 110.721 0 184.298 224.807 9995.77 0 2212 9423 1 0 1
-238.721 23.6179 0 -20.165 537.515 9985.52 0 2212 9424 1 0 1
488.903 -114.552 0 -40.7831 -227.38 9997.33 0 2212 9425 1 0 1
-371.35 42.3867 0 59.7112 72.382 9999.56 0 2212 9426 1 0 1
-986.776 -604.961 0 -130.658 180.19 9997.52 0 2212 9427 1 0 1
-108.929 -124.442 0 91.7902 81.5208 9999.25 0 2212 9428 1 0 1
12.5459 302.412 0 -22.4949 -21.2968 9999.95 0 2212 9429 1 0 1
183.889 242.71 0 -20.0091 3.60338 9999.98 0 2212 9430 1 0 1
-752.152 -122.821 0 76.879 -203.988 9997.62 0 2212 9431 1 0 1
516.276 299.413 0 -77.2933 477.242 9988.31 0 2212 9432 1 0 1
-598.078 49.4685 0 -257.991 109.245 9996.07 0 2212 9433 1 0 1
447.572 -309.477 0 10.066 302.422 9995.42 0 2212 9434 1 0 1
-326.345 102.819 0 -176.659 498.367 9986.01 0 2212 9435 1 0 1
-959.404 -108.898 0 217.304 161.966 9996.33 0 2212 9436 1 0 1
-318.569 -143.048 0 163.406 -226.418 9996.1 0 2212 9437 1 0 1
-155.145 -91.7796 0 -63.0075 286.523 9995.7 0 2212 9438 1 0 1
-81.7964 614.286 0 -127.721 493.435 9987 0 2212 9439 1 0 1
273.7 289.888 0 -77.0621 472.504 9988.53 0 2212 9440 1 0 1
652.927 -470.021 0 -1.3769 -349.321 9993.9 0 2212 9441 1 0 1
13.2973 57.4267 0 -219.523 -119.956 9996.87 0 2212 9442 1 0 1
-282.036 -98.4721 0 33.3951 286.832 9995.83 0 2212 9443 1 0 1
-837.132 -57.1524 0 59.8697 -181.125 9998.18 0 2212 9444 1 0 1
207.114 117.762 0 136.557 6.03137 9999.07 0 2212 9445 1 0 1
337.971 231.72 0 75.3754 612.178 9980.96 0 2212 9446 1 0 1
1428.9 -45.3212 0 29.7201 575.187 9983.4 0 2212 9447 1 0 1
-757.087 -162.53 0 286.786 -306.487 9991.19 0 2212 9448 1 0 1
-241.299 -398.519 0 -74.7427 -218.608 9997.33 0 2212 9449 1 0 1
5.75601 -250.209 0 255.598 94.6955 9996.28 0 2212 9450 1 0 1
974.84 342.231 0 247.784 20.6028 9996.91 0 2212 9451 1 0 1
-571.54 292.764 0 216.412 -661.182 9975.77 0 2212 9452 1 0 1
-477.659 -80.4761 0 30.2423 290.993 9995.72 0 2212 9453 1 0 1
-42.8042 -353.077 0 62.636 525.333 9986 0 2212 9454 1 0 1
234.731 -225.985 0 -39.6966 -174.487 9998.4 0 2212 9455 1 0 1
211.304 -465.506 0 -114.322 -461.941 9988.67 0 2212 9456 1 0 1
-479.016 34.2806 0 -194.526 355.054 9991.8 0 2212 9457 1 0 1
-412.574 5.03158 0 -209.637 429.24 9988.58 0 2212 9458 1 0 1
16.7475 -225.487 0 164.06 -72.061 9998.39 0 2212 9459 1 0 1
-108.35 168.067 0 -89.9352 -563.388 9983.71 0 2212 9460 1 0 1
-658.952 219.643 0 -212.566 90.6405 9997.33 0 2212 9461 1 0 1
103.994 -327.899 0 -112.256 -622.771 9979.96 0 2212 9462 1 0 1
-85.4998 -43.8267 0 100.959 385.037 9992.07 0 2212 9463 1 0 1
-488.66 -489.173 0 -304.047 -263.994 9991.89 0 2212 9464 1 0 1
447.28 16.6436 0 338.527 -225.405 9991.73 0 2212 9465 1 0 1
-256.742 -195.214 0 6.06509 -368.902 9993.19 0 2212 9466 1 0 1
104.541 192.81 0 -50.8757 -122.682 9999.12 0 2212 9467 1 0 1
205.373 -405.613 0 142.854 240.093 9996.1 0 2212 9468 1 0 1
-673.055 -184.758 0 -44.0335 -329.749 9994.46 0 2212 9469 1 0 1
-535.353 -90.897 0 -202.228 201.459 9995.93 0 2212 9470 1 0 1
-402.938 -203.889 0 114.282 614.587 9980.44 0 2212 9471 1 0 1
401.26 667.225 0 -4.65884 246.597 9996.96 0 2212 9472 1 0 1
-267.546 94.486 0 4.79939 -18.1433 9999.98 0 2212 9473 1 0 1
818.863 101.505 0 81.379 1125.64 9936.11 0 2212 9474 1 0 1
891.012 -434.21 0 -4.10407 -85.6489 9999.63 0 2212 9475 1 0 1
-147.874 -368.616 0 113.413 126.482 9998.56 0 2212 9476 1 0 1
175.551 -199.18 0 113.893 117.45 9998.66 0 2212 9477 1 0 1
349.137 -132.124 0 -55.7875 120.054 9999.12 0 2212 9478 1 0 1
-964.736 -145.666 0 -56.0103 555.374 9984.41 0 2212 9479 1 0 1
808.548 -15.1 0 18.7181 -829.414 9965.53 0 2212 9480 1 0 1
-340.408 -298.006 0 -12.2162 716.245 9974.31 0 2212 9481 1 0 1
85.7077 -206.929 0 -248.548 502.41 9984.28 0 2212 9482 1 0 1
1022.28 -169.221 0 -207.996 -596.279 9980.04 0 2212 9483 1 0 1
-356.554 257.958 0 -102.213 544.05 9984.67 0 2212 9484 1 0 1
701.151 -70.8509 0 94.8677 -370.598 9992.68 0 2212 9485 1 0 1
-622.56 275.782 0 64.1868 -163.859 9998.45 0 2212 9486 1 0 1
536.744 -184.929 0 -314.394 -81.0855 9994.73 0 2212 9487 1 0 1
135.873 35.3482 0 32.8496 -199.377 9997.96 0 2212 9488 1 0 1
-698.363 -92.8266 0 81.3952 -284.649 9995.62 0 2212 9489 1 0 1
-358.101 -180.141 0 -108.179 -121.571 9998.68 0 2212 9490 1 0 1
-743.705 549.126 0 121.733 75.279 9998.98 0 2212 9491 1 0 1
-61.8494 99.1 0 172.907 -173.401 9997 0 2212 9492 1 0 1
470.579 183.017 0 53.1894 -131.051 9999 0 2212 9493 1 0 1
517.279 125.602 0 -237.721 567.377 9981.06 0 2212 9494 1 0 1
211.638 123.68 0 -111.954 812.808 9966.28 0 2212 9495 1 0 1
-382.686 -359.799 0 414.648 -148.625 9990.29 0 2212 9496 1 0 1
-582.563 -229.736 0 -256.731 640.618 9976.16 0 2212 9497 1 0 1
542.524 319.232 0 351.187 -77.3038 9993.53 0 2212 9498 1 0 1
141.029 234.886 0 223.428 -682.709 9974.17 0 2212 9499 1 0 1
-1351.47 -91.0167 0 -185.992 1281.17 9915.85 0 2212 9500 1 0 1
90.2012 175.015 0 -214.183 159.235 9996.44 0 2212 9501 1 0 1
409.632 -211.771 0 48.6354 -288.254 9995.73 0 2212 9502 1 0 1
484.073 564.933 0 86.8223 -130.986 9998.77 0 2212 9503 1 0 1
-406.592 226.609 0 -50.9498 240.857 9996.97 0 2212 9504 1 0 1
192.369 -164.23 0 181.961 -361.478 9991.81 0 2212 9505 1 0 1
-360.038 467.018 0 44.1482 -451.777 9989.69 0 2212 9506 1 0 1
781.04 -12.0193 0 -202.663 284.458 9993.9 0 2212 9507 1 0 1
650.227 234.842 0 118.608 -979.979 9951.16 0 2212 9508 1 0 1
252.944 43.2596 0 134.051 -576.133 9982.49 0 2212 9509 1 0 1
-436.597 73.822 0 -11.2438 -478.39 9988.54 0 2212 9510 1 0 1
-15.1027 -152.446 0 50.6374 551.359 9984.66 0 2212 9511 1 0 1
312.29 142.204 0 377.888 -10.8578 9992.85 0 2212 9512 1 0 1
-155.802 366.863 0 -236.498 57.3985 9997.04 0 2212 9513 1 0 1
319.838 -115.239 0 -12.4014 187.499 9998.23 0 2212 9514 1 0 1
-21.9555 25.029 0 -10.3816 -426.381 9990.9 0 2212 9515 1 0 1
148.809 133.852 0 181.993 -35.5016 9998.28 0 2212 9516 1 0 1
-799.895 -269.473 0 -103.467 -89.0638 9999.07 0 2212 9517 1 0 1
-1316.7 107.06 0 44.9555 -396.049 9992.05 0 2212 9518 1 0 1
-392.27 -267.531 0 103.119 22.4138 9999.44 0 2212 9519 1 0 1
-567.51 1.76919 0 60.8234 324.458 9994.55 0 2212 9520 1 0 1
-821.015 337.534 0 -91.1296 -102.473 9999.06 0 2212 9521 1 0 1
238.451 408.756 0 103.062 405.916 9991.23 0 2212 9522 1 0 1
-229.189 214.531 0 49.6372 -729.09 9973.26 0 2212 9523 1 0 1
-227.685 158.607 0 69.8529 -121.69 9999.02 0 2212 9524 1 0 1
135.134 -263.671 0 -268.342 377.065 9989.28 0 2212 9525 1 0 1
-437.823 42.7887 0 -110.801 -524.018 9985.65 0 2212 9526 1 0 1
-443.941 120.435 0 -5.4885 386.397 9992.53 0 2212 9527 1 0 1
-307.059 -145.605 0 114.006 151.889 9998.2 0 2212 9528 1 0 1
340.343 397.383 0 -176.831 155.072 9997.23 0 2212 9529 1 0 1
-775.303 120.568 0 5.9168 311.557 9995.14 0 2212 9530 1 0 1
151.507 142.293 0 -251.861 664.848 9974.7 0 2212 9531 1 0 1
34.6983 -288.067 0 271.737 -163.252 9994.97 0 2212 9532 1 0 1
767.446 357.074 0 136.67 -97.449 9998.59 0 2212 9533 1 0 1
-603.671 -163.812 0 73.8153 227.979 9997.13 0 2212 9534 1 0 1
959.538 95.6388 0 -16.6432 115.624 9999.32 0 2212 9535 1 0 1
-1049.48 45.4465 0 120.578 -246.872 9996.23 0 2212 9536 1 0 1
124.159 91.0001 0 187.102 -86.3937 9997.88 0 2212 9537 1 0 1
369.433 23.147 0 -116.318 -175.623 9997.78 0 2212 9538 1 0 1
-808.48 -106.805 0 61.9873 -143.073 9998.78 0 2212 9539 1 0 1
-520.348 -81.7243 0 -42.1935 239.092 9997.05 0 2212 9540 1 0 1
-50.6405 111.723 0 -202.124 -122.545 9997.21 0 2212 9541 1 0 1
-534.642 -240.213 0 140.673 444.608 9989.12 0 2212 9542 1 0 1
704.051 193.02 0 2.83066 3.99623 10000 0 2212 9543 1 0 1
-12.7929 -414.914 0 -14.7881 -46.777 9999.88 0 2212 9544 1 0 1
-223.132 3.59746 0 48.774 44.3888 9999.78 0 2212 9545 1 0 1
-620.329 54.1369 0 231.437 -379.496 9990.12 0 2212 9546 1 0 1
75.2468 40.6216 0 248.182 -408.963 9988.55 0 2212 9547 1 0 1
454.048 226.813 0 -217.226 610.743 9978.97 0 2212 9548 1 0 1
-497.375 128.624 0 9.75483 81.6275 9999.66 0 2212 9549 1 0 1
17.5978 103.228 0 -250.011 -754.995 9968.32 0 2212 9550 1 0 1
657.057 -165.294 0 148.081 -161.264 9997.6 0 2212 9551 1 0 1
292.812 339.789 0 -17.7776 -87.9449 9999.6 0 2212 9552 1 0 1
411.487 61.2502 0 -332.739 -724.253 9968.19 0 2212 9553 1 0 1
-206.405 -64.2807 0 -212.43 -170.312 9996.29 0 2212 9554 1 0 1
-346.972 -820.814 0 79.1452 232.626 9996.98 0 2212 9555 1 0 1
-498.262 -508.127 0 181.379 -59.1677 9998.18 0 2212 9556 1 0 1
685.674 -229.631 0 136.365 -196.952 9997.13 0 2212 9557 1 0 1
-250.016 40.5357 0 35.8841 -385.687 9992.5 0 2212 9558 1 0 1
-487.391 -28.6739 0 -129.701 -401.923 9991.08 0 2212 9559 1 0 1
-512.879 -202.618 0 194.341 -46.0489 9998.01 0 2212 9560 1 0 1
434.147 48.9888 0 222.745 176.305 9995.96 0 2212 9561 1 0 1
-307.898 10.653 0 -222.09 180.479 9995.9 0 2212 9562 1 0 1
-247.021 137.668 0 105.824 -731.623 9972.64 0 2212 9563 1 0 1
556.684 -210.83 0 -201.13 -26.2364 9997.94 0 2212 9564 1 0 1
300.826 54.3089 0 1.8796 117.962 9999.3 0 2212 9565 1 0 1
-482.075 -156.833 0 14.6961 -48.9123 9999.87 0 2212 9566 1 0 1
-469.37 226.721 0 -31.0899 -311.158 9995.11 0 2212 9567 1 0 1
-52.3425 -34.9804 0 -232.014 150.114 9996.18 0 2212 9568 1 0 1
523.647 301.916 0 168.741 547.682 9983.57 0 2212 9569 1 0 1
-129.87 -99.1593 0 -149.364 363.949 9992.26 0 2212 9570 1 0 1
-59.1732 -9.6788 0 -196.336 114.301 9997.42 0 2212 9571 1 0 1
-294.455 -222.295 0 264.863 389.205 9988.91 0 2212 9572 1 0 1
-331.95 322.285 0 122.422 -215.464 9996.93 0 2212 9573 1 0 1
909.8 287.463 0 205.925 57.6403 9997.71 0 2212 9574 1 0 1
-195.874 -378.321 0 3.67298 -389.593 9992.41 0 2212 9575 1 0 1
-241.953 254.432 0 108.218 -20.4574 9999.39 0 2212 9576 1 0 1
505.297 392.722 0 61.4576 -439.871 9990.13 0 2212 9577 1 0 1
14.5065 176.659 0 214.659 -586.052 9980.5 0 2212 9578 1 0 1
-441.003 -270.897 0 -24.4052 387.328 9992.47 0 2212 9579 1 0 1
744.711 -193.068 0 18.5082 440.035 9990.3 0 2212 9580 1 0 1
1136.78 16.5163 0 -41.6079 427.749 9990.76 0 2212 9581 1 0 1
611.82 299.481 0 -159.89 -150.674 9997.59 0 2212 9582 1 0 1
-101.03 -45.1249 0 -35.735 34.6631 9999.88 0 2212 9583 1 0 1
-234.513 24.6974 0 134.426 -240.432 9996.21 0 2212 9584 1 0 1
-436.406 148.806 0 -175.923 517.846 9985.03 0 2212 9585 1 0 1
-101.202 -99.8874 0 4.31256 -188.99 9998.21 0 2212 9586 1 0 1
-813.233 -70.9777 0 -282.866 -257.422 9992.68 0 2212 9587 1 0 1
-385.11 197.355 0 -130.7 -544.733 9984.3 0 2212 9588 1 0 1
946.466 -39.9031 0 -244.186 70.3194 9996.77 0 2212 9589 1 0 1
-504.927 -112.931 0 -9.25617 -98.7026 9999.51 0 2212 9590 1 0 1
590.67 68.2686 0 149.618 -208.933 9996.7 0 2212 9591 1 0 1
-342.174 132.204 0 247.536 252.696 9993.74 0 2212 9592 1 0 1
963.186 296.244 0 188.594 324.666 9992.95 0 2212 9593 1 0 1
151.333 -240.371 0 154.848 -113.749 9998.15 0 2212 9594 1 0 1
-594.295 -310.469 0 -115.608 299.589 9994.84 0 2212 9595 1 0 1
639.427 -145.839 0 91.184 40.0215 9999.5 0 2212 9596 1 0 1
350.718 469.594 0 -280.375 97.1562 9995.6 0 2212 9597 1 0 1
466.99 -202.338 0 -234.33 597.379 9979.39 0 2212 9598 1 0 1
863.313 76.0582 0 341.698 -16.5811 9994.15 0 2212 9599 1 0 1
-359.671 -39.3338 0 86.5414 -481.328 9988.03 0 2212 9600 1 0 1
734.074 186.215 0 147.067 4.71796 9998.92 0 2212 9601 1 0 1
572.852 533.346 0 -145.382 238.687 9996.09 0 2212 9602 1 0 1
-575.366 307.281 0 241.06 136.633 9996.16 0 2212 9603 1 0 1
-110.423 33.4446 0 -117.862 643.001 9978.61 0 2212 9604 1 0 1
438.477 64.8252 0 200.132 -65.1245 9997.79 0 2212 9605 1 0 1
225.838 -173.559 0 -241.186 150.756 9995.95 0 2212 9606 1 0 1
-617.596 329.486 0 183.037 79.5869 9998.01 0 2212 9607 1 0 1
972.942 -199.627 0 -223.969 -520.052 9983.96 0 2212 9608 1 0 1
-836.626 143.856 0 -26.631 486.265 9988.13 0 2212 9609 1 0 1
-1576.04 -103.274 0 -121.769 621.473 9979.93 0 2212 9610 1 0 1
876.822 93.1283 0 -17.4805 -232.696 9997.28 0 2212 9611 1 0 1
62.3472 357.805 0 -217.568 608.351 9979.11 0 2212 9612 1 0 1
165.757 571.705 0 160.584 -307.168 9993.99 0 2212 9613 1 0 1
-494.593 -275.818 0 38.0326 561.044 9984.18 0 2212 9614 1 0 1
45.6058 -106.862 0 280.67 -534.193 9981.78 0 2212 9615 1 0 1
-237.249 48.2529 0 -251.765 195.144 9994.93 0 2212 9616 1 0 1
-278.044 -390.657 0 49.0456 -93.9753 9999.44 0 2212 9617 1 0 1
146.759 -95.8453 0 -278.073 760.06 9967.2 0 2212 9618 1 0 1
582.349 217.231 0 22.4339 51.3364 9999.84 0 2212 9619 1 0 1
-56.5709 -245.808 0 -69.0627 95.8115 9999.3 0 2212 9620 1 0 1
427.283 182.393 0 -352.091 -298.023 9989.36 0 2212 9621 1 0 1
-15.186 -20.2411 0 -312.758 -60.068 9994.93 0 2212 9622 1 0 1
175.223 -487.458 0 224.51 -712.997 9972.02 0 2212 9623 1 0 1
-502.143 252.103 0 274.011 686.488 9972.65 0 2212 9624 1 0 1
-101.319 479.063 0 -133.671 106.401 9998.54 0 2212 9625 1 0 1
-13.6468 -270.82 0 14.7131 538.219 9985.49 0 2212 9626 1 0 1
-19.3062 518.895 0 -38.5663 2.19838 9999.93 0 2212 9627 1 0 1
-539.243 292.657 0 -128.122 309.18 9994.4 0 2212 9628 1 0 1
227.851 -297.907 0 71.3415 290.618 9995.52 0 2212 9629 1 0 1
-528.364 72.7953 0 -15.5675 121.652 9999.25 0 2212 9630 1 0 1
-625.339 65.7205 0 -24.7693 -427.005 9990.85 0 2212 9631 1 0 1
219.345 319.086 0 -325.589 639.341 9974.23 0 2212 9632 1 0 1
-280.929 121.354 0 181.964 385.34 9990.92 0 2212 9633 1 0 1
-242.606 40.7076 0 101.967 -237.679 9996.66 0 2212 9634 1 0 1
-585.388 -364.096 0 -51.5942 153.673 9998.69 0 2212 9635 1 0 1
-468.018 184.337 0 -117.605 -73.9674 9999.03 0 2212 9636 1 0 1
-78.5835 363.147 0 -14.9382 -509.496 9987 0 2212 9637 1 0 1
-861.483 -294.468 0 -31.7611 -58.8898 9999.78 0 2212 9638 1 0 1
-383.493 252.661 0 -100.696 -238.471 9996.65 0 2212 9639 1 0 1
-366.921 -256.897 0 -198.818 285.744 9993.94 0 2212 9640 1 0 1
-517.948 148.603 0 46.0694 145.345 9998.84 0 2212 9641 1 0 1
405.997 439.189 0 193.446 -553.381 9982.8 0 2212 9642 1 0 1
-268.786 -71.935 0 20.631 -256.674 9996.68 0 2212 9643 1 0 1
426.067 -207.899 0 188.107 -317.14 9993.2 0 2212 9644 1 0 1
-571.839 287.125 0 -252.482 -334.685 9991.21 0 2212 9645 1 0 1
-962.162 129.983 0 -139.619 -296.465 9994.63 0 2212 9646 1 0 1
653.321 56.0876 0 1.90477 71.0272 9999.75 0 2212 9647 1 0 1
94.2777 81.1238 0 -127.84 353.646 9992.93 0 2212 9648 1 0 1
-208.436 255.831 0 33.5877 -328.4 9994.55 0 2212 9649 1 0 1
-423.25 -168.228 0 -70.7123 153.121 9998.58 0 2212 9650 1 0 1
-476.203 126.127 0 -306.595 76.6795 9995 0 2212 9651 1 0 1
-414.504 -163.848 0 -136.706 71.068 9998.81 0 2212 9652 1 0 1
678.364 -137.035 0 64.653 231.754 9997.11 0 2212 9653 1 0 1
254.15 -281.952 0 30.983 -78.8624 9999.64 0 2212 9654 1 0 1
-291.158 388.402 0 89.8318 580.65 9982.72 0 2212 9655 1 0 1
530.779 34.3519 0 -246.364 161.073 9995.67 0 2212 9656 1 0 1
-25.4418 563.383 0 -172.925 -369.287 9991.68 0 2212 9657 1 0 1
106.738 -183.339 0 -248.947 539.037 9982.36 0 2212 9658 1 0 1
-80.5369 -141.496 0 177.801 -248.073 9995.34 0 2212 9659 1 0 1
503.625 -100.233 0 192.936 -133.573 9997.25 0 2212 9660 1 0 1
-314.368 300.548 0 -44.5407 153.164 9998.73 0 2212 9661 1 0 1
1083.18 280.696 0 -68.1374 3.5996 9999.77 0 2212 9662 1 0 1
563.145 160.663 0 -49.4011 514.18 9986.65 0 2212 9663 1 0 1
-607.674 -88.6912 0 -134.014 -126.292 9998.3 0 2212 9664 1 0 1
707.728 -23.9506 0 129.38 -419.12 9990.38 0 2212 9665 1 0 1
158.679 165.208 0 -31.8424 -289.437 9995.76 0 2212 9666 1 0 1
343.464 11.58 0 -22.8176 -260.571 9996.58 0 2212 9667 1 0 1
-491.34 -226.162 0 237.895 459.1 9986.62 0 2212 9668 1 0 1
789.867 350.039 0 -50.7575 -99.3008 9999.38 0 2212 9669 1 0 1
-241.618 -217.665 0 232.907 626.884 9977.61 0 2212 9670 1 0 1
129.682 511.014 0 107.804 -25.2024 9999.39 0 2212 9671 1 0 1
972.822 -160.531 0 11.2033 -572.418 9983.6 0 2212 9672 1 0 1
-247.964 83.8626 0 25.3841 -523.587 9986.25 0 2212 9673 1 0 1
438.512 -124.923 0 5.36366 -338.008 9994.28 0 2212 9674 1 0 1
109.459 145.686 0 358.908 -423.947 9984.56 0 2212 9675 1 0 1
-397.425 147.828 0 -48.7676 -86.8879 9999.5 0 2212 9676 1 0 1
-1268.35 -53.965 0 -417.036 248.169 9988.22 0 2212 9677 1 0 1
-472.966 209.585 0 -70.9776 1153.04 9933.05 0 2212 9678 1 0 1
549.434 -70.2154 0 -69.2992 141.952 9998.75 0 2212 9679 1 0 1
416.363 -351.784 0 30.0868 -563.491 9984.07 0 2212 9680 1 0 1
-42.1558 -216.121 0 65.7757 -199.939 9997.78 0 2212 9681 1 0 1
-892.001 4.41491 0 -90.1561 206.987 9997.45 0 2212 9682 1 0 1
550.744 392.548 0 -138.25 48.1592 9998.93 0 2212 9683 1 0 1
34.284 -47.4447 0 -237.958 163 9995.84 0 2212 9684 1 0 1
-656.247 23.1385 0 122.946 2.94672 9999.24 0 2212 9685 1 0 1
153.548 275.658 0 -387.088 -216.797 9990.15 0 2212 9686 1 0 1
-430.762 -259.379 0 -185.793 5.67913 9998.27 0 2212 9687 1 0 1
-1562.75 -3.97287 0 114.435 9.31134 9999.34 0 2212 9688 1 0 1
301.417 -26.2304 0 -42.4972 -54.4175 9999.76 0 2212 9689 1 0 1
1052.78 -355.14 0 -77.854 421.722 9990.8 0 2212 9690 1 0 1
304.381 31.4936 0 -171.488 -56.8457 9998.37 0 2212 9691 1 0 1
-524.313 68.7738 0 -136.696 158.082 9997.82 0 2212 9692 1 0 1
230.131 12.9478 0 396.78 311.323 9987.27 0 2212 9693 1 0 1
-274.774 -70.131 0 -222.621 -122.091 9996.78 0 2212 9694 1 0 1
-472.672 272.866 0 37.1919 -293.677 9995.62 0 2212 9695 1 0 1
-890.683 -54.4278 0 -39.8663 114.032 9999.27 0 2212 9696 1 0 1
321.393 -100.171 0 24.8247 -477.863 9988.54 0 2212 9697 1 0 1
265.628 71.8556 0 59.8153 -136.584 9998.89 0 2212 9698 1 0 1
669.849 -455.991 0 -221.728 277.285 9993.7 0 2212 9699 1 0 1
227.759 -11.7266 0 74.907 23.1075 9999.69 0 2212 9700 1 0 1
350.295 -204.471 0 -152.644 -1211.62 9925.15 0 2212 9701 1 0 1
-234.039 31.6271 0 -174.515 -682.346 9975.17 0 2212 9702 1 0 1
23.2222 295.726 0 -63.2723 92.7952 9999.37 0 2212 9703 1 0 1
1074.12 -457.774 0 200.113 920.491 9955.53 0 2212 9704 1 0 1
268.52 -81.7308 0 -24.2452 -339.75 9994.2 0 2212 9705 1 0 1
597.279 -5.14211 0 5.70942 119.122 9999.29 0 2212 9706 1 0 1
79.3019 240.152 0 161.836 -143.922 9997.65 0 2212 9707 1 0 1
-358.541 25.9222 0 42.6484 -147.196 9998.83 0 2212 9708 1 0 1
228.797 -14.7096 0 216.559 -81.8426 9997.32 0 2212 9709 1 0 1
32.9956 -160.402 0 -84.5857 153.996 9998.46 0 2212 9710 1 0 1
-1562.65 -143.165 0 25.2871 520.012 9986.44 0 2212 9711 1 0 1
651.539 -126.963 0 57.6426 -259.442 9996.47 0 2212 9712 1 0 1
-1508.63 115.36 0 -154.951 -722.225 9972.68 0 2212 9713 1 0 1
115.916 -310.568 0 -103.283 -719.561 9973.54 0 2212 9714 1 0 1
644.455 -162.256 0 163.062 30.3014 9998.62 0 2212 9715 1 0 1
-46.1027 87.8106 0 44.0244 180.391 9998.28 0 2212 9716 1 0 1
-241.686 -52.068 0 272.67 464.677 9985.48 0 2212 9717 1 0 1
475.446 94.938 0 -89.1136 782.751 9968.92 0 2212 9718 1 0 1
-19.1976 -81.5102 0 -98.8506 206.091 9997.39 0 2212 9719 1 0 1
142.311 16.739 0 -114.137 2.5943 9999.35 0 2212 9720 1 0 1
-590.337 95.3366 0 242.247 135.625 9996.15 0 2212 9721 1 0 1
603.249 224.465 0 -147.887 -38.4125 9998.83 0 2212 9722 1 0 1
-72.9868 -748.106 0 177.818 46.183 9998.31 0 2212 9723 1 0 1
-515.212 -154.038 0 -147.567 193.294 9997.04 0 2212 9724 1 0 1
213.508 276.04 0 -137.251 253.298 9995.85 0 2212 9725 1 0 1
-1178.36 305.752 0 -51.8923 23.9679 9999.84 0 2212 9726 1 0 1
-105.048 -56.1923 0 -118.775 78.2416 9998.99 0 2212 9727 1 0 1
90.1844 275.273 0 -118.138 467.327 9988.38 0 2212 9728 1 0 1
399.875 199.474 0 13.8169 -219.212 9997.59 0 2212 9729 1 0 1
-681.645 -21.9322 0 -130.214 -237.153 9996.34 0 2212 9730 1 0 1
751.947 -57.3443 0 48.3004 -394.451 9992.1 0 2212 9731 1 0 1
400.046 160.699 0 -128.522 379.937 9991.95 0 2212 9732 1 0 1
307.335 210.093 0 247.951 143.657 9995.89 0 2212 9733 1 0 1
-351.657 192.709 0 62.9707 -263.107 9996.34 0 2212 9734 1 0 1
1032.44 -153.582 0 227.21 596.344 9979.62 0 2212 9735 1 0 1
-914.792 16.8646 0 51.059 -599.364 9981.89 0 2212 9736 1 0 1
776.118 659.719 0 194.142 272.939 9994.39 0 2212 9737 1 0 1
187.251 -245.694 0 296.242 278.976 9991.72 0 2212 9738 1 0 1
-771.4 -130.436 0 -53.9302 -129.009 9999.02 0 2212 9739 1 0 1
411.27 -88.2508 0 172.201 -79.5745 9998.2 0 2212 9740 1 0 1
112.668 -170.165 0 36.416 39.6939 9999.85 0 2212 9741 1 0 1
130.599 202.865 0 238.37 -542.728 9982.42 0 2212 9742 1 0 1
-1534.63 -98.5429 0 -106.757 641.304 9978.84 0 2212 9743 1 0 1
112.191 184.818 0 164.845 -225.778 9996.09 0 2212 9744 1 0 1
377.164 -127.494 0 -279.254 77.718 9995.8 0 2212 9745 1 0 1
643.997 79.4541 0 315.202 -598.621 9977.09 0 2212 9746 1 0 1
-199.241 612.796 0 66.3826 390.853 9992.14 0 2212 9747 1 0 1
-37.7156 -554.51 0 -233.29 -177.044 9995.71 0 2212 9748 1 0 1
102.673 -67.1916 0 121.459 185.43 9997.54 0 2212 9749 1 0 1
-66.6203 266.743 0 -18.9459 -325.881 9994.67 0 2212 9750 1 0 1
471.94 -267.241 0 -239.308 -530.103 9983.07 0 2212 9751 1 0 1
55.9482 40.6542 0 -288.723 618.898 9976.65 0 2212 9752 1 0 1
340.613 -173.777 0 -174.945 -339.366 9992.71 0 2212 9753 1 0 1
-485.843 135.724 0 -176.438 -152.906 9997.27 0 2212 9754 1 0 1
-733.144 197.075 0 290.571 252.405 9992.59 0 2212 9755 1 0 1
446.109 321.073 0 -134.799 -256.434 9995.8 0 2212 9756 1 0 1
309.176 -7.39704 0 153.999 -308.144 9994.06 0 2212 9757 1 0 1
141.722 405.568 0 182.945 -171.29 9996.86 0 2212 9758 1 0 1
864.794 -265.783 0 209.401 -743.487 9970.12 0 2212 9759 1 0 1
292.892 -256.929 0 399.499 187.811 9990.25 0 2212 9760 1 0 1
-406.234 400.384 0 101.518 119.211 9998.77 0 2212 9761 1 0 1
850.331 -189.754 0 74.5872 290.801 9995.49 0 2212 9762 1 0 1
-258.908 -286.266 0 -238.022 482.632 9985.51 0 2212 9763 1 0 1
672.062 260.302 0 421.611 -134.097 9990.21 0 2212 9764 1 0 1
48.3571 94.8597 0 134.099 87.3812 9998.72 0 2212 9765 1 0 1
-330.64 166.852 0 5.246 -262.657 9996.55 0 2212 9766 1 0 1
676.384 157.384 0 -324.467 210.074 9992.53 0 2212 9767 1 0 1
-926.7 38.2302 0 12.9382 -225.329 9997.45 0 2212 9768 1 0 1
356.675 203.421 0 143.647 -623.608 9979.5 0 2212 9769 1 0 1
-911.398 -68.9041 0 128.875 -73.3391 9998.9 0 2212 9770 1 0 1
-66.7808 381.406 0 242.23 132.578 9996.19 0 2212 9771 1 0 1
819.713 215.301 0 -426.721 654.733 9969.41 0 2212 9772 1 0 1
1053.15 90.1967 0 282.308 -15.5073 9996 0 2212 9773 1 0 1
564.327 -145.816 0 107.362 -261.468 9996 0 2212 9774 1 0 1
-1010.97 -128.086 0 -191.723 -325.974 9992.85 0 2212 9775 1 0 1
-297.462 164.379 0 142.999 -228.046 9996.38 0 2212 9776 1 0 1
-226.281 -206.698 0 -187.208 450.504 9988.09 0 2212 9777 1 0 1
317.631 34.1961 0 216.684 894.178 9957.58 0 2212 9778 1 0 1
-172.754 301.106 0 -1.88106 -35.6715 9999.94 0 2212 9779 1 0 1
-282.611 258.955 0 29.3005 -353.548 9993.71 0 2212 9780 1 0 1
-18.1221 115.821 0 -33.3579 242.551 9997 0 2212 9781 1 0 1
-371.126 -247.346 0 -29.5263 508.969 9987 0 2212 9782 1 0 1
679.262 120.957 0 34.2617 -461.827 9989.27 0 2212 9783 1 0 1
153.427 144.68 0 -78.9963 -286.557 9995.58 0 2212 9784 1 0 1
682.967 37.3421 0 -45.2463 -927.64 9956.78 0 2212 9785 1 0 1
247.85 -182.201 0 -48.5126 -422.179 9990.97 0 2212 9786 1 0 1
32.7069 187.854 0 140.48 -298.296 9994.56 0 2212 9787 1 0 1
734.968 39.8625 0 84.056 -220.794 9997.21 0 2212 9788 1 0 1
21.9491 76.7899 0 535.637 183.253 9983.96 0 2212 9789 1 0 1
-783.328 -287.178 0 -212.7 485.76 9985.93 0 2212 9790 1 0 1
-688.579 -257.805 0 127.397 -440.363 9989.49 0 2212 9791 1 0 1
423.645 -1.73435 0 -162.143 -463.401 9987.94 0 2212 9792 1 0 1
-850.662 41.7379 0 259.592 -389.92 9989.02 0 2212 9793 1 0 1
288.863 -79.15 0 54.1241 479.403 9988.36 0 2212 9794 1 0 1
-356.766 37.1635 0 -37.829 316.102 9994.93 0 2212 9795 1 0 1
135.145 -194.328 0 -261.404 510.369 9983.55 0 2212 9796 1 0 1
840.027 65.5628 0 61.9413 -355.494 9993.49 0 2212 9797 1 0 1
196.256 163.116 0 -139.043 -195.63 9997.12 0 2212 9798 1 0 1
-193.126 -177.679 0 46.2915 -289.369 9995.71 0 2212 9799 1 0 1
-945.539 83.3773 0 36.8046 115.128 9999.27 0 2212 9800 1 0 1
-367.808 362.045 0 -10.6865 -132.201 9999.12 0 2212 9801 1 0 1
-842.788 13.2508 0 -272.547 526.218 9982.43 0 2212 9802 1 0 1
169.807 -6.04616 0 271.2 139.61 9995.35 0 2212 9803 1 0 1
-143.451 464.185 0 -93.6085 -337.698 9993.86 0 2212 9804 1 0 1
847.236 -275.59 0 63.5796 364.046 9993.17 0 2212 9805 1 0 1
277.524 -69.0375 0 179.687 -320.935 9993.23 0 2212 9806 1 0 1
-1.53224 257.628 0 -72.2935 -498.557 9987.3 0 2212 9807 1 0 1
804.876 233.944 0 144.512 -207.143 9996.81 0 2212 9808 1 0 1
-32.8613 -500.612 0 128.42 -215.394 9996.86 0 2212 9809 1 0 1
-20.9981 -179.124 0 -132.656 -128.657 9998.29 0 2212 9810 1 0 1
806.79 -126.942 0 113.054 24.2921 9999.33 0 2212 9811 1 0 1
260.812 176.843 0 0.0246757 111.853 9999.37 0 2212 9812 1 0 1
1298.69 177.819 0 92.3246 363.397 9992.97 0 2212 9813 1 0 1
-125.177 -410.129 0 87.7997 -559.291 9983.96 0 2212 9814 1 0 1
448.9 352.954 0 -181.547 -321.696 9993.18 0 2212 9815 1 0 1
-1181.62 -69.7441 0 -208.386 -274.407 9994.06 0 2212 9816 1 0 1
1099.07 85.985 0 116.758 339.862 9993.54 0 2212 9817 1 0 1
-346.746 542.499 0 39.8186 -137.446 9998.98 0 2212 9818 1 0 1
-241.275 -169.612 0 -213.018 -265.501 9994.2 0 2212 9819 1 0 1
343.853 137.206 0 -207.79 -194.867 9995.94 0 2212 9820 1 0 1
-733.858 -11.2496 0 -141.685 223.169 9996.51 0 2212 9821 1 0 1
-53.9328 269.821 0 -57.5431 -165.381 9998.47 0 2212 9822 1 0 1
826.134 -329.854 0 254.08 -47.6976 9996.66 0 2212 9823 1 0 1
-374.726 411.244 0 -116.493 -209.296 9997.13 0 2212 9824 1 0 1
-84.3221 -39.2604 0 -144.693 378.061 9991.8 0 2212 9825 1 0 1
-327.256 -140.467 0 45.7733 54.0007 9999.75 0 2212 9826 1 0 1
-344.878 -387.733 0 -122.357 682.034 9975.96 0 2212 9827 1 0 1
-283.376 -85.8014 0 100.616 -510.59 9986.45 0 2212 9828 1 0 1
-337.902 182.031 0 117.95 1027.09 9946.42 0 2212 9829 1 0 1
249.478 -388.272 0 -158.689 -288.308 9994.58 0 2212 9830 1 0 1
404.895 58.706 0 183.55 454.879 9987.96 0 2212 9831 1 0 1
-52.1491 -573.052 0 -60.9553 -199.753 9997.82 0 2212 9832 1 0 1
135.068 92.6606 0 47.998 552.06 9984.63 0 2212 9833 1 0 1
-187.081 136.104 0 354.68 406.919 9985.42 0 2212 9834 1 0 1
-473.738 39.1987 0 -302.482 -527.105 9981.52 0 2212 9835 1 0 1
-252.756 -150.484 0 -77.5014 -400.79 9991.66 0 2212 9836 1 0 1
-191.764 392.222 0 -262.169 765.522 9967.21 0 2212 9837 1 0 1
-252.186 -329.737 0 241.322 -132.691 9996.21 0 2212 9838 1 0 1
143.948 -41.0424 0 -259.004 33.0708 9996.59 0 2212 9839 1 0 1
-1365.35 -195.89 0 -28.7468 963.666 9953.42 0 2212 9840 1 0 1
466.133 161.978 0 27.2499 129.636 9999.12 0 2212 9841 1 0 1
-371.732 -232.981 0 -293.724 -349.19 9989.58 0 2212 9842 1 0 1
-750.84 205.349 0 -84.5476 -248.943 9996.54 0 2212 9843 1 0 1
134.649 53.4739 0 -116.919 265.922 9995.78 0 2212 9844 1 0 1
-156.679 -4.91978 0 183.859 -43.4186 9998.22 0 2212 9845 1 0 1
1319.4 -135.195 0 99.876 127.059 9998.69 0 2212 9846 1 0 1
359.192 85.7718 0 -148.377 1.85426 9998.9 0 2212 9847 1 0 1
1771.58 -174.17 0 -199.989 863.705 9960.62 0 2212 9848 1 0 1
436.666 520.178 0 -271.167 204.053 9994.24 0 2212 9849 1 0 1
1123.77 162.629 0 261.784 -367.478 9989.82 0 2212 9850 1 0 1
-173.221 -407.063 0 135.82 -85.6235 9998.71 0 2212 9851 1 0 1
-1391.53 -503.059 0 109.088 478.249 9987.96 0 2212 9852 1 0 1
786.882 261.92 0 220.807 987.549 9948.67 0 2212 9853 1 0 1
44.6153 -2.74639 0 204.046 -91.1694 9997.5 0 2212 9854 1 0 1
1270.87 252.319 0 271.517 91.9981 9995.89 0 2212 9855 1 0 1
-308.874 -113.965 0 -22.357 -171.561 9998.5 0 2212 9856 1 0 1
-1240.43 -286.378 0 135.005 299.478 9994.6 0 2212 9857 1 0 1
218.378 -67.6948 0 187.323 -446.188 9988.28 0 2212 9858 1 0 1
-589.37 -106.594 0 -172.904 -404.09 9990.34 0 2212 9859 1 0 1
400.522 281.34 0 579.623 63.8844 9982.98 0 2212 9860 1 0 1
117.581 -123.568 0 35.3661 -728.134 9973.39 0 2212 9861 1 0 1
-1188.83 -105.147 0 -176.48 -151.119 9997.3 0 2212 9862 1 0 1
-80.5676 215.955 0 7.0117 251.75 9996.83 0 2212 9863 1 0 1
450.991 140.46 0 -42.8145 -16.4879 9999.89 0 2212 9864 1 0 1
781.294 194.96 0 16.5424 -471.971 9988.84 0 2212 9865 1 0 1
373.853 -209.339 0 -29.3001 498.079 9987.55 0 2212 9866 1 0 1
-19.072 704.715 0 47.0845 -26.8371 9999.85 0 2212 9867 1 0 1
121.604 267.907 0 -114.797 264.76 9995.84 0 2212 9868 1 0 1
-45.1038 400.66 0 -228.663 -80.8163 9997.06 0 2212 9869 1 0 1
-498.1 -39.4083 0 6.9371 -54.8345 9999.85 0 2212 9870 1 0 1
319.178 -7.83664 0 -137.163 -8.8103 9999.06 0 2212 9871 1 0 1
-55.6933 282.16 0 69.4354 -146.298 9998.69 0 2212 9872 1 0 1
-502.495 415.095 0 -51.814 -63.2896 9999.67 0 2212 9873 1 0 1
-437.884 -479.729 0 52.8003 -79.1182 9999.55 0 2212 9874 1 0 1
-781.671 367.949 0 62.8121 283.488 9995.78 0 2212 9875 1 0 1
90.0103 -364.965 0 21.4587 462.193 9989.29 0 2212 9876 1 0 1
-168.807 -193.959 0 -151.35 -111.83 9998.23 0 2212 9877 1 0 1
-275.588 -103.897 0 219.582 -212.897 9995.32 0 2212 9878 1 0 1
286.371 330.528 0 373.485 -202.406 9990.97 0 2212 9879 1 0 1
-963.235 -77.5903 0 87.6024 69.8941 9999.37 0 2212 9880 1 0 1
516.834 164.62 0 -296.239 -343.264 9989.72 0 2212 9881 1 0 1
118.414 -262.098 0 171.524 -94.8278 9998.08 0 2212 9882 1 0 1
1228.12 -264.895 0 136.725 21.0949 9999.04 0 2212 9883 1 0 1
304.951 -322.759 0 37.9981 121.053 9999.2 0 2212 9884 1 0 1
-334.959 99.3858 0 -25.1196 20.5863 9999.95 0 2212 9885 1 0 1
-690.558 466.771 0 -20.6826 -209.472 9997.78 0 2212 9886 1 0 1
489.627 72.5829 0 -200.429 275.203 9994.2 0 2212 9887 1 0 1
11.1065 302.426 0 101.98 18.1295 9999.46 0 2212 9888 1 0 1
-70.7971 22.2996 0 -75.8763 184.217 9998.02 0 2212 9889 1 0 1
-30.4394 -205.699 0 -208.449 -692.701 9973.8 0 2212 9890 1 0 1
1195.48 99.9345 0 -125.022 -658.819 9977.49 0 2212 9891 1 0 1
430.785 91.5985 0 378.696 253.488 9989.61 0 2212 9892 1 0 1
684.356 -172.925 0 18.3653 -86.6235 9999.61 0 2212 9893 1 0 1
271.175 22.7429 0 42.282 -571.639 9983.56 0 2212 9894 1 0 1
869.341 207.325 0 -59.2892 -676.735 9976.9 0 2212 9895 1 0 1
726.66 26.2883 0 89.5221 605.708 9981.24 0 2212 9896 1 0 1
547.136 387.479 0 384.598 -61.9579 9992.41 0 2212 9897 1 0 1
60.3628 237.148 0 254.163 23.6382 9996.74 0 2212 9898 1 0 1
-777.976 80.6419 0 -210.838 35.6352 9997.71 0 2212 9899 1 0 1
746.607 363.977 0 -3.43938 546.623 9985.05 0 2212 9900 1 0 1
-385.416 -274.833 0 87.1219 -472.508 9988.45 0 2212 9901 1 0 1
380.066 -139.44 0 -43.245 -780.506 9969.4 0 2212 9902 1 0 1
1125.58 -182.031 0 100.258 -324.533 9994.23 0 2212 9903 1 0 1
105.62 -61.7028 0 -106.143 -428.191 9990.26 0 2212 9904 1 0 1
249.573 -381.953 0 -254.212 171.922 9995.29 0 2212 9905 1 0 1
-269.256 26.3001 0 115.093 -18.9455 9999.32 0 2212 9906 1 0 1
684.183 -380.801 0 212.195 71.1704 9997.5 0 2212 9907 1 0 1
-367.642 -447.545 0 68.2715 -127.061 9998.96 0 2212 9908 1 0 1
-149.334 -150.249 0 227.354 279.765 9993.5 0 2212 9909 1 0 1
-170.319 391.443 0 -163.93 429.516 9989.43 0 2212 9910 1 0 1
143.488 -271.914 0 380.384 687.795 9969.06 0 2212 9911 1 0 1
-100.051 -95.6068 0 196.379 362.348 9991.5 0 2212 9912 1 0 1
-407.527 -524.201 0 223.344 -626.828 9977.84 0 2212 9913 1 0 1
398.274 -24.4162 0 90.6204 -94.8556 9999.14 0 2212 9914 1 0 1
-821.337 -516.078 0 30.7893 655.869 9978.42 0 2212 9915 1 0 1
421.553 -38.7265 0 116.782 4.85483 9999.32 0 2212 9916 1 0 1
157.914 -106.421 0 112.666 -253.756 9996.14 0 2212 9917 1 0 1
492.622 242.119 0 -95.0003 307.771 9994.81 0 2212 9918 1 0 1
614.357 332.772 0 144.637 94.9997 9998.5 0 2212 9919 1 0 1
-748.401 185.437 0 -115.01 -62.1605 9999.15 0 2212 9920 1 0 1
113.458 38.6349 0 262.838 -183.299 9994.86 0 2212 9921 1 0 1
-75.5723 331.928 0 -305.094 -297.255 9990.92 0 2212 9922 1 0 1
-214.61 -372.239 0 -316.983 394.74 9987.18 0 2212 9923 1 0 1
425.049 -78.7416 0 -220.514 375.32 9990.52 0 2212 9924 1 0 1
-46.8132 -163.842 0 209.375 -400.317 9989.79 0 2212 9925 1 0 1
-486.429 -134.371 0 38.8065 -347.95 9993.87 0 2212 9926 1 0 1
8.07731 294.629 0 96.3554 -198.971 9997.56 0 2212 9927 1 0 1
-76.127 -34.9344 0 -134.163 -370.873 9992.22 0 2212 9928 1 0 1
-400.219 -182.911 0 -421.578 283.911 9987.07 0 2212 9929 1 0 1
-208.552 158.408 0 -8.30968 575.318 9983.43 0 2212 9930 1 0 1
849.693 -162.873 0 176.973 -274.482 9994.67 0 2212 9931 1 0 1
101.686 -121.796 0 105.778 -101.775 9998.92 0 2212 9932 1 0 1
108.67 226.306 0 18.7067 -187.926 9998.22 0 2212 9933 1 0 1
475.844 297.679 0 -136.449 -185.558 9997.35 0 2212 9934 1 0 1
-36.6122 127.773 0 -105.439 736.615 9972.28 0 2212 9935 1 0 1
329.832 -203.745 0 49.5659 -285.007 9995.81 0 2212 9936 1 0 1
290.008 -193.209 0 5.42491 -314.294 9995.06 0 2212 9937 1 0 1
-170.268 184.749 0 143.649 211.496 9996.73 0 2212 9938 1 0 1
160.395 -208.61 0 133.813 73.1374 9998.84 0 2212 9939 1 0 1
107.425 -394.041 0 -252.505 619.973 9977.57 0 2212 9940 1 0 1
-296.747 66.199 0 -129.098 -38.0617 9999.09 0 2212 9941 1 0 1
265.332 -407.277 0 73.0718 -593.657 9982.1 0 2212 9942 1 0 1
197.564 236.619 0 -20.4894 -2.29898 9999.98 0 2212 9943 1 0 1
-1257.63 265.146 0 172.654 -221.757 9996.05 0 2212 9944 1 0 1
-544.311 -167.86 0 282.094 197.803 9994.06 0 2212 9945 1 0 1
-416.145 123.908 0 108.699 -632.316 9979.4 0 2212 9946 1 0 1
-950.647 -52.1843 0 324.143 -99.0983 9994.25 0 2212 9947 1 0 1
-823.703 -153.528 0 -52.7894 180.857 9998.23 0 2212 9948 1 0 1
73.859 342.87 0 94.4596 524.183 9985.81 0 2212 9949 1 0 1
608.71 162.098 0 -242.852 58.4177 9996.88 0 2212 9950 1 0 1
249.866 -37.6702 0 111.758 166.155 9997.99 0 2212 9951 1 0 1
-391.663 74.4983 0 75.8184 -133.214 9998.83 0 2212 9952 1 0 1
105.768 218.455 0 -50.0079 294.41 9995.54 0 2212 9953 1 0 1
25.944 252.013 0 -261.18 -0.960577 9996.59 0 2212 9954 1 0 1
92.8131 74.7175 0 95.0855 523.447 9985.84 0 2212 9955 1 0 1
-274.41 137.296 0 -80.3039 392.251 9991.98 0 2212 9956 1 0 1
174.858 307.109 0 -180.494 -397.009 9990.49 0 2212 9957 1 0 1
-360.474 -235.396 0 171.992 520.708 9984.95 0 2212 9958 1 0 1
-28.6397 194.837 0 124.871 -602.291 9981.06 0 2212 9959 1 0 1
-407.123 -362.744 0 283.926 475.618 9984.65 0 2212 9960 1 0 1
632.479 280.437 0 65.262 289.494 9995.6 0 2212 9961 1 0 1
890.342 -4.84199 0 104.452 18.2264 9999.44 0 2212 9962 1 0 1
-226.676 -13.5402 0 358.441 637.588 9973.21 0 2212 9963 1 0 1
-426.303 152.94 0 -25.6966 -749.777 9971.82 0 2212 9964 1 0 1
-184.173 -106.84 0 -193.613 -745.149 9970.32 0 2212 9965 1 0 1
320.304 -87.584 0 -240.174 35.2344 9997.05 0 2212 9966 1 0 1
-29.1078 -122.586 0 112.667 -327.799 9993.99 0 2212 9967 1 0 1
-528.654 427.37 0 -47.6891 -877.013 9961.35 0 2212 9968 1 0 1
-269.647 120.729 0 -169.639 -467.986 9987.6 0 2212 9969 1 0 1
-195.136 -111.735 0 -40.2592 801.214 9967.77 0 2212 9970 1 0 1
-628.394 -308.858 0 -287.946 638.368 9975.45 0 2212 9971 1 0 1
-168.424 371.157 0 220.84 -207.155 9995.41 0 2212 9972 1 0 1
183.748 86.8147 0 330.426 392.458 9986.83 0 2212 9973 1 0 1
-159.431 -22.5716 0 270.972 -118.273 9995.63 0 2212 9974 1 0 1
-513.193 89.3258 0 -147.768 -805.52 9966.41 0 2212 9975 1 0 1
-455.913 619.126 0 76.1996 405.961 9991.47 0 2212 9976 1 0 1
574.484 250.369 0 68.108 -388.906 9992.2 0 2212 9977 1 0 1
1135.22 -114.738 0 216.33 547.16 9982.68 0 2212 9978 1 0 1
-10.8239 360.423 0 -49.9887 -26.2289 9999.84 0 2212 9979 1 0 1
803.269 101.188 0 43.9667 918.386 9957.64 0 2212 9980 1 0 1
446.51 287.515 0 -143.906 240.318 9996.08 0 2212 9981 1 0 1
803.874 1.41818 0 -112.442 -581.286 9982.46 0 2212 9982 1 0 1
-459.216 358.897 0 205.248 332.939 9992.35 0 2212 9983 1 0 1
505.6 238.633 0 -23.5795 -377.044 9992.86 0 2212 9984 1 0 1
-373.089 -268.263 0 -79.7486 -85.303 9999.32 0 2212 9985 1 0 1
-361.019 -1.42286 0 -98.9581 -337.304 9993.82 0 2212 9986 1 0 1
413.993 -142.111 0 142.538 730.724 9972.25 0 2212 9987 1 0 1
-527.804 36.8367 0 355.108 135.2 9992.78 0 2212 9988 1 0 1
6.23644 266.277 0 293.675 128.092 9994.87 0 2212 9989 1 0 1
414.425 191.166 0 120.169 459.337 9988.72 0 2212 9990 1 0 1
231.343 -245.239 0 98.6428 -25.5266 9999.48 0 2212 9991 1 0 1
351.042 601.896 0 -18.1958 -347.999 9993.93 0 2212 9992 1 0 1
-328.778 239.829 0 246.673 511.399 9983.87 0 2212 9993 1 0 1
286.688 -278.402 0 142.189 128.913 9998.16 0 2212 9994 1 0 1
-74.0239 -59.0329 0 554.621 140.004 9983.63 0 2212 9995 1 0 1
-35.2464 -277.489 0 -306.685 -36.0343 9995.23 0 2212 9996 1 0 1
188.953 584.029 0 -143.989 153.456 9997.79 0 2212 9997 1 0 1
5.42082 -178.649 0 9.87183 -196.238 9998.07 0 2212 9998 1 0 1
709.114 -131.145 0 -79.4453 -664.805 9977.56 0 2212 9999 1 0 1
29.5955 72.6301 0 84.8901 -311.951 9994.77 0 2212 10000 1 0 1
